course_id,user_id,role_in_course
1,1,instructor
1,2,student
1,3,student
1,4,student
1,5,student
1,6,student
1,7,student
1,8,student
1,9,student
1,10,student
1,11,student
1,12,student
1,13,student
1,14,student
1,15,student
1,16,student
1,17,student
1,18,student
1,19,student
1,20,student
1,21,student
1,22,student
1,23,student
1,24,student
1,25,student
1,26,student
1,27,student
1,28,student
1,29,student
1,30,student
1,31,student
1,32,student
1,33,student
1,34,student
1,35,student
1,36,student
1,37,student
1,38,student
1,39,student
1,40,student
1,41,student
1,42,student
1,43,student
1,44,student
1,45,student
1,46,student
1,47,student
1,48,student
1,49,student
1,50,student
1,51,student
1,52,student
1,53,student
1,54,student
1,55,student
1,56,student
1,57,student
1,58,student
1,59,student
1,60,student
1,61,student
1,62,student
1,63,student
1,64,student
1,65,student
1,66,student
1,67,student
1,68,student
1,69,student
1,70,student
1,71,student
2,72,instructor
2,73,student
2,74,student
2,75,student
2,76,student
2,77,student
2,78,student
2,79,student
2,80,student
2,81,student
2,82,student
2,83,student
2,84,student
2,85,student
2,86,student
2,87,student
2,88,student
2,89,student
2,90,student
2,91,student
2,92,student
2,93,student
2,94,student
2,95,student
2,96,student
2,97,student
2,98,student
2,99,student
2,100,student
2,101,student
2,102,student
2,103,student
2,104,student
2,105,student
2,106,student
2,107,student
2,108,student
2,109,student
2,110,student
2,111,student
2,112,student
2,113,student
2,114,student
2,115,student
2,116,student
2,117,student
2,118,student
2,119,student
2,120,student
2,121,student
2,122,student
2,123,student
2,124,student
2,125,student
2,126,student
2,127,student
2,128,student
2,129,student
2,130,student
2,131,student
3,132,instructor
3,133,student
3,134,student
3,135,student
3,136,student
3,137,student
3,138,student
3,139,student
3,140,student
3,141,student
3,142,student
3,143,student
3,144,student
3,145,student
3,146,student
3,147,student
3,148,student
3,149,student
3,150,student
3,151,student
3,152,student
3,153,student
3,154,student
3,155,student
3,156,student
3,157,student
3,158,student
3,159,student
3,160,student
3,161,student
3,162,student
3,163,student
3,164,student
3,165,student
3,166,student
3,167,student
3,168,student
3,169,student
3,170,student
3,171,student
3,172,student
3,173,student
3,174,student
4,175,instructor
4,176,student
4,177,student
4,178,student
4,179,student
4,180,student
4,181,student
4,182,student
4,183,student
4,184,student
4,185,student
4,186,student
4,187,student
4,188,student
4,189,student
4,190,student
4,191,student
4,192,student
4,193,student
4,194,student
4,195,student
4,196,student
4,197,student
4,198,student
4,199,student
4,200,student
4,201,student
4,202,student
4,203,student
4,204,student
4,205,student
4,206,student
4,207,student
4,208,student
4,209,student
4,210,student
4,211,student
4,212,student
4,213,student
4,214,student
4,215,student
4,216,student
4,217,student
4,218,student
5,219,instructor
5,220,student
5,221,student
5,222,student
5,223,student
5,224,student
5,225,student
5,226,student
5,227,student
5,228,student
5,229,student
5,230,student
5,231,student
5,232,student
5,233,student
5,234,student
5,235,student
5,236,student
5,237,student
5,238,student
5,239,student
5,240,student
5,241,student
5,242,student
5,243,student
5,244,student
5,245,student
5,246,student
5,247,student
5,248,student
5,249,student
6,250,instructor
6,251,student
6,252,student
6,253,student
6,254,student
6,255,student
6,256,student
6,257,student
6,258,student
6,259,student
6,260,student
6,261,student
6,262,student
6,263,student
6,264,student
6,265,student
6,266,student
6,267,student
6,268,student
6,269,student
6,270,student
6,271,student
6,272,student
6,273,student
6,274,student
6,275,student
6,276,student
6,277,student
6,278,student
6,279,student
6,280,student
6,281,student
6,282,student
6,283,student
6,284,student
6,285,student
6,286,student
6,287,student
6,288,student
6,289,student
6,290,student
6,291,student
6,292,student
6,293,student
6,294,student
6,295,student
6,296,student
6,297,student
6,298,student
6,299,student
6,300,student
6,301,student
6,302,student
6,303,student
6,304,student
6,305,student
6,306,student
6,307,student
6,308,student
6,309,student
6,310,student
6,311,student
6,312,student
6,313,student
7,314,instructor
7,315,student
7,316,student
7,317,student
7,318,student
7,319,student
7,320,student
7,321,student
7,322,student
7,323,student
7,324,student
7,325,student
7,326,student
7,327,student
7,328,student
7,329,student
7,330,student
7,331,student
7,332,student
7,333,student
7,334,student
7,335,student
7,336,student
7,337,student
7,338,student
7,339,student
7,340,student
7,341,student
7,342,student
7,343,student
7,344,student
7,345,student
7,346,student
7,347,student
7,348,student
7,349,student
7,350,student
7,351,student
7,352,student
7,353,student
7,354,student
7,355,student
7,356,student
7,357,student
7,358,student
7,359,student
7,360,student
7,361,student
7,362,student
7,363,student
7,364,student
8,365,instructor
8,366,student
8,367,student
8,368,student
8,369,student
8,370,student
8,371,student
8,372,student
8,373,student
8,374,student
8,375,student
8,376,student
8,377,student
8,378,student
8,379,student
8,380,student
8,381,student
8,382,student
8,383,student
8,384,student
8,385,student
8,386,student
8,387,student
8,388,student
8,389,student
8,390,student
8,391,student
8,392,student
8,393,student
8,394,student
8,395,student
8,396,student
8,397,student
8,398,student
8,399,student
8,400,student
8,401,student
8,402,student
8,403,student
8,404,student
8,405,student
8,406,student
8,407,student
8,408,student
8,409,student
8,410,student
8,411,student
8,412,student
8,413,student
8,414,student
8,415,student
8,416,student
8,417,student
8,418,student
8,419,student
8,420,student
8,421,student
8,422,student
8,423,student
8,424,student
8,425,student
8,426,student
8,427,student
8,428,student
8,429,student
8,430,student
8,431,student
8,432,student
8,433,student
8,434,student
8,435,student
8,436,student
9,437,instructor
9,438,student
9,439,student
9,440,student
9,441,student
9,442,student
9,443,student
9,444,student
9,445,student
9,446,student
9,447,student
9,448,student
9,449,student
9,450,student
9,451,student
9,452,student
9,453,student
9,454,student
9,455,student
9,456,student
9,457,student
9,458,student
9,459,student
9,460,student
9,461,student
9,462,student
9,463,student
9,464,student
9,465,student
9,466,student
9,467,student
9,468,student
9,469,student
9,470,student
9,471,student
9,472,student
9,473,student
9,474,student
9,475,student
9,476,student
9,477,student
9,478,student
9,479,student
9,480,student
9,481,student
9,482,student
10,483,instructor
10,484,student
10,485,student
10,486,student
10,487,student
10,488,student
10,489,student
10,490,student
10,491,student
10,492,student
10,493,student
10,494,student
10,495,student
10,496,student
10,497,student
10,498,student
10,499,student
10,500,student
10,501,student
10,502,student
10,503,student
10,504,student
10,505,student
10,506,student
10,507,student
10,508,student
10,509,student
10,510,student
10,511,student
10,512,student
10,513,student
10,514,student
10,515,student
10,516,student
10,517,student
10,518,student
10,519,student
10,520,student
10,521,student
10,522,student
10,523,student
10,524,student
10,525,student
10,526,student
10,527,student
10,528,student
10,529,student
10,530,student
10,531,student
10,532,student
10,533,student
10,534,student
10,535,student
10,536,student
10,537,student
10,538,student
10,539,student
10,540,student
10,541,student
10,542,student
10,543,student
11,544,instructor
11,545,student
11,546,student
11,547,student
11,548,student
11,549,student
11,550,student
11,551,student
11,552,student
11,553,student
11,554,student
11,555,student
11,556,student
11,557,student
11,558,student
11,559,student
11,560,student
11,561,student
11,562,student
11,563,student
11,564,student
11,565,student
11,566,student
11,567,student
11,568,student
11,569,student
11,570,student
11,571,student
11,572,student
11,573,student
11,574,student
11,575,student
11,576,student
11,577,student
11,578,student
11,579,student
11,580,student
11,581,student
11,582,student
11,583,student
11,584,student
11,585,student
11,586,student
12,587,instructor
12,588,student
12,589,student
12,590,student
12,591,student
12,592,student
12,593,student
12,594,student
12,595,student
12,596,student
12,597,student
12,598,student
12,599,student
12,600,student
12,601,student
12,602,student
12,603,student
12,604,student
12,605,student
12,606,student
12,607,student
12,608,student
12,609,student
12,610,student
12,611,student
12,612,student
12,613,student
12,614,student
12,615,student
12,616,student
12,617,student
12,618,student
12,619,student
12,620,student
12,621,student
12,622,student
12,623,student
12,624,student
12,625,student
12,626,student
12,627,student
12,628,student
12,629,student
12,630,student
12,631,student
12,632,student
12,633,student
12,634,student
12,635,student
12,636,student
12,637,student
12,638,student
12,639,student
12,640,student
12,641,student
12,642,student
12,643,student
12,644,student
12,645,student
12,646,student
12,647,student
12,648,student
12,649,student
12,650,student
12,651,student
12,652,student
12,653,student
12,654,student
12,655,student
12,656,student
12,657,student
12,658,student
12,659,student
12,660,student
12,661,student
12,662,student
12,663,student
12,664,student
13,665,instructor
13,666,student
13,667,student
13,668,student
13,669,student
13,670,student
13,671,student
13,672,student
13,673,student
13,674,student
13,675,student
13,676,student
13,677,student
13,678,student
13,679,student
13,680,student
13,681,student
13,682,student
13,683,student
13,684,student
13,685,student
13,686,student
13,687,student
13,688,student
13,689,student
13,690,student
13,691,student
13,692,student
13,693,student
13,694,student
13,695,student
13,696,student
13,697,student
13,698,student
13,699,student
13,700,student
13,701,student
13,702,student
13,703,student
13,704,student
13,705,student
13,706,student
13,707,student
13,708,student
13,709,student
13,710,student
13,711,student
13,712,student
13,713,student
13,714,student
13,715,student
13,716,student
13,717,student
13,718,student
13,719,student
13,720,student
13,721,student
13,722,student
13,723,student
13,724,student
13,725,student
13,726,student
13,727,student
13,728,student
13,729,student
13,730,student
13,731,student
13,732,student
13,733,student
13,734,student
13,735,student
13,736,student
13,737,student
13,738,student
13,739,student
13,740,student
13,741,student
13,742,student
13,743,student
13,744,student
13,745,student
14,746,instructor
14,747,student
14,748,student
14,749,student
14,750,student
14,751,student
14,752,student
14,753,student
14,754,student
14,755,student
14,756,student
14,757,student
14,758,student
14,759,student
14,760,student
14,761,student
14,762,student
14,763,student
14,764,student
14,765,student
14,766,student
14,767,student
14,768,student
14,769,student
14,770,student
14,771,student
14,772,student
14,773,student
14,774,student
14,775,student
14,776,student
14,777,student
14,778,student
14,779,student
14,780,student
14,781,student
14,782,student
14,783,student
14,784,student
14,785,student
14,786,student
14,787,student
14,788,student
14,789,student
14,790,student
14,791,student
14,792,student
14,793,student
14,794,student
14,795,student
14,796,student
14,797,student
15,798,instructor
15,799,student
15,800,student
15,801,student
15,802,student
15,803,student
15,804,student
15,805,student
15,806,student
15,807,student
15,808,student
15,809,student
15,810,student
15,811,student
15,812,student
15,813,student
15,814,student
15,815,student
15,816,student
15,817,student
15,818,student
15,819,student
15,820,student
15,821,student
15,822,student
15,823,student
15,824,student
15,825,student
15,826,student
15,827,student
15,828,student
15,829,student
15,830,student
15,831,student
15,832,student
15,833,student
15,834,student
15,835,student
15,836,student
15,837,student
15,838,student
15,839,student
15,840,student
15,841,student
15,842,student
15,843,student
15,844,student
15,845,student
15,846,student
15,847,student
15,848,student
15,849,student
15,850,student
16,851,instructor
16,852,student
16,853,student
16,854,student
16,855,student
16,856,student
16,857,student
16,858,student
16,859,student
16,860,student
16,861,student
16,862,student
16,863,student
16,864,student
16,865,student
16,866,student
16,867,student
16,868,student
16,869,student
16,870,student
16,871,student
16,872,student
16,873,student
16,874,student
16,875,student
16,876,student
16,877,student
16,878,student
16,879,student
16,880,student
16,881,student
16,882,student
16,883,student
16,884,student
16,885,student
16,886,student
16,887,student
16,888,student
16,889,student
16,890,student
16,891,student
16,892,student
17,893,instructor
17,894,student
17,895,student
17,896,student
17,897,student
17,898,student
17,899,student
17,900,student
17,901,student
17,902,student
17,903,student
17,904,student
17,905,student
17,906,student
17,907,student
17,908,student
17,909,student
17,910,student
17,911,student
17,912,student
17,913,student
17,914,student
17,915,student
17,916,student
17,917,student
17,918,student
17,919,student
17,920,student
17,921,student
17,922,student
17,923,student
17,924,student
17,925,student
17,926,student
17,927,student
17,928,student
17,929,student
17,930,student
17,931,student
17,932,student
17,933,student
17,934,student
17,935,student
17,936,student
17,937,student
17,938,student
17,939,student
17,940,student
17,941,student
17,942,student
17,943,student
17,944,student
17,945,student
17,946,student
17,947,student
17,948,student
17,949,student
17,950,student
17,951,student
17,952,student
17,953,student
17,954,student
17,955,student
17,956,student
17,957,student
17,958,student
17,959,student
17,960,student
17,961,student
17,962,student
17,963,student
17,964,student
17,965,student
18,966,instructor
18,967,student
18,968,student
18,969,student
18,970,student
18,971,student
18,972,student
18,973,student
18,974,student
18,975,student
18,976,student
18,977,student
18,978,student
18,979,student
18,980,student
18,981,student
18,982,student
18,983,student
18,984,student
18,985,student
18,986,student
18,987,student
18,988,student
18,989,student
18,990,student
18,991,student
18,992,student
18,993,student
18,994,student
18,995,student
18,996,student
18,997,student
18,998,student
18,999,student
18,1000,student
18,1001,student
18,1002,student
18,1003,student
18,1004,student
18,1005,student
18,1006,student
18,1007,student
18,1008,student
18,1009,student
18,1010,student
18,1011,student
18,1012,student
18,1013,student
18,1014,student
18,1015,student
18,1016,student
18,1017,student
18,1018,student
18,1019,student
18,1020,student
18,1021,student
18,1022,student
18,1023,student
18,1024,student
18,1025,student
18,1026,student
18,1027,student
18,1028,student
18,1029,student
18,1030,student
18,1031,student
18,1032,student
18,1033,student
18,1034,student
18,1035,student
18,1036,student
18,1037,student
18,1038,student
18,1039,student
18,1040,student
19,1041,instructor
19,1042,student
19,1043,student
19,1044,student
19,1045,student
19,1046,student
19,1047,student
19,1048,student
19,1049,student
19,1050,student
19,1051,student
19,1052,student
19,1053,student
19,1054,student
19,1055,student
19,1056,student
19,1057,student
19,1058,student
19,1059,student
19,1060,student
19,1061,student
19,1062,student
19,1063,student
19,1064,student
19,1065,student
19,1066,student
19,1067,student
19,1068,student
19,1069,student
19,1070,student
19,1071,student
19,1072,student
19,1073,student
19,1074,student
19,1075,student
19,1076,student
19,1077,student
19,1078,student
20,1079,instructor
20,1080,student
20,1081,student
20,1082,student
20,1083,student
20,1084,student
20,1085,student
20,1086,student
20,1087,student
20,1088,student
20,1089,student
20,1090,student
20,1091,student
20,1092,student
20,1093,student
20,1094,student
20,1095,student
20,1096,student
20,1097,student
20,1098,student
20,1099,student
20,1100,student
20,1101,student
20,1102,student
20,1103,student
20,1104,student
20,1105,student
20,1106,student
20,1107,student
20,1108,student
20,1109,student
20,1110,student
20,1111,student
20,1112,student
21,1113,instructor
21,1114,student
21,1115,student
21,1116,student
21,1117,student
21,1118,student
21,1119,student
21,1120,student
21,1121,student
21,1122,student
21,1123,student
21,1124,student
21,1125,student
21,1126,student
21,1127,student
21,1128,student
21,1129,student
21,1130,student
21,1131,student
21,1132,student
21,1133,student
21,1134,student
21,1135,student
21,1136,student
21,1137,student
21,1138,student
21,1139,student
21,1140,student
21,1141,student
21,1142,student
21,1143,student
21,1144,student
21,1145,student
21,1146,student
21,1147,student
21,1148,student
21,1149,student
21,1150,student
21,1151,student
21,1152,student
21,1153,student
21,1154,student
21,1155,student
21,1156,student
21,1157,student
21,1158,student
21,1159,student
21,1160,student
21,1161,student
21,1162,student
21,1163,student
22,1164,instructor
22,1165,student
22,1166,student
22,1167,student
22,1168,student
22,1169,student
22,1170,student
22,1171,student
22,1172,student
22,1173,student
22,1174,student
22,1175,student
22,1176,student
22,1177,student
22,1178,student
22,1179,student
22,1180,student
22,1181,student
22,1182,student
22,1183,student
22,1184,student
22,1185,student
22,1186,student
22,1187,student
22,1188,student
22,1189,student
22,1190,student
22,1191,student
22,1192,student
22,1193,student
22,1194,student
22,1195,student
22,1196,student
22,1197,student
22,1198,student
22,1199,student
22,1200,student
22,1201,student
22,1202,student
22,1203,student
22,1204,student
22,1205,student
22,1206,student
22,1207,student
22,1208,student
22,1209,student
23,1210,instructor
23,1211,student
23,1212,student
23,1213,student
23,1214,student
23,1215,student
23,1216,student
23,1217,student
23,1218,student
23,1219,student
23,1220,student
23,1221,student
23,1222,student
23,1223,student
23,1224,student
23,1225,student
23,1226,student
23,1227,student
23,1228,student
23,1229,student
23,1230,student
23,1231,student
23,1232,student
23,1233,student
23,1234,student
23,1235,student
23,1236,student
23,1237,student
23,1238,student
23,1239,student
23,1240,student
23,1241,student
23,1242,student
23,1243,student
23,1244,student
23,1245,student
23,1246,student
23,1247,student
23,1248,student
23,1249,student
23,1250,student
23,1251,student
23,1252,student
23,1253,student
23,1254,student
23,1255,student
23,1256,student
23,1257,student
23,1258,student
23,1259,student
23,1260,student
23,1261,student
23,1262,student
23,1263,student
23,1264,student
23,1265,student
23,1266,student
23,1267,student
23,1268,student
23,1269,student
23,1270,student
23,1271,student
23,1272,student
23,1273,student
23,1274,student
23,1275,student
23,1276,student
23,1277,student
23,1278,student
23,1279,student
23,1280,student
23,1281,student
23,1282,student
23,1283,student
23,1284,student
23,1285,student
23,1286,student
23,1287,student
23,1288,student
24,1289,instructor
24,1290,student
24,1291,student
24,1292,student
24,1293,student
24,1294,student
24,1295,student
24,1296,student
24,1297,student
24,1298,student
24,1299,student
24,1300,student
24,1301,student
24,1302,student
24,1303,student
24,1304,student
24,1305,student
24,1306,student
24,1307,student
24,1308,student
24,1309,student
24,1310,student
24,1311,student
24,1312,student
24,1313,student
24,1314,student
24,1315,student
24,1316,student
24,1317,student
24,1318,student
24,1319,student
24,1320,student
24,1321,student
24,1322,student
24,1323,student
24,1324,student
24,1325,student
24,1326,student
24,1327,student
24,1328,student
24,1329,student
24,1330,student
24,1331,student
24,1332,student
24,1333,student
24,1334,student
24,1335,student
24,1336,student
24,1337,student
24,1338,student
24,1339,student
24,1340,student
24,1341,student
24,1342,student
24,1343,student
24,1344,student
24,1345,student
24,1346,student
24,1347,student
25,1348,instructor
25,1349,student
25,1350,student
25,1351,student
25,1352,student
25,1353,student
25,1354,student
25,1355,student
25,1356,student
25,1357,student
25,1358,student
25,1359,student
25,1360,student
25,1361,student
25,1362,student
25,1363,student
25,1364,student
25,1365,student
25,1366,student
25,1367,student
25,1368,student
25,1369,student
25,1370,student
25,1371,student
25,1372,student
25,1373,student
25,1374,student
25,1375,student
25,1376,student
25,1377,student
25,1378,student
25,1379,student
25,1380,student
25,1381,student
25,1382,student
25,1383,student
25,1384,student
25,1385,student
25,1386,student
25,1387,student
25,1388,student
25,1389,student
25,1390,student
25,1391,student
25,1392,student
25,1393,student
25,1394,student
25,1395,student
25,1396,student
25,1397,student
25,1398,student
25,1399,student
25,1400,student
25,1401,student
25,1402,student
25,1403,student
25,1404,student
25,1405,student
25,1406,student
26,1407,instructor
26,1408,student
26,1409,student
26,1410,student
26,1411,student
26,1412,student
26,1413,student
26,1414,student
26,1415,student
26,1416,student
26,1417,student
26,1418,student
26,1419,student
26,1420,student
26,1421,student
26,1422,student
26,1423,student
26,1424,student
26,1425,student
26,1426,student
26,1427,student
26,1428,student
26,1429,student
26,1430,student
26,1431,student
26,1432,student
26,1433,student
26,1434,student
26,1435,student
26,1436,student
26,1437,student
26,1438,student
26,1439,student
27,1440,instructor
27,1441,student
27,1442,student
27,1443,student
27,1444,student
27,1445,student
27,1446,student
27,1447,student
27,1448,student
27,1449,student
27,1450,student
27,1451,student
27,1452,student
27,1453,student
27,1454,student
27,1455,student
27,1456,student
27,1457,student
27,1458,student
27,1459,student
27,1460,student
27,1461,student
27,1462,student
27,1463,student
27,1464,student
27,1465,student
27,1466,student
27,1467,student
27,1468,student
27,1469,student
27,1470,student
27,1471,student
27,1472,student
27,1473,student
27,1474,student
27,1475,student
27,1476,student
27,1477,student
27,1478,student
27,1479,student
27,1480,student
27,1481,student
27,1482,student
28,1483,instructor
28,1484,student
28,1485,student
28,1486,student
28,1487,student
28,1488,student
28,1489,student
28,1490,student
28,1491,student
28,1492,student
28,1493,student
28,1494,student
28,1495,student
28,1496,student
28,1497,student
28,1498,student
28,1499,student
28,1500,student
28,1501,student
28,1502,student
28,1503,student
28,1504,student
28,1505,student
28,1506,student
28,1507,student
28,1508,student
28,1509,student
28,1510,student
28,1511,student
28,1512,student
28,1513,student
28,1514,student
28,1515,student
28,1516,student
28,1517,student
28,1518,student
28,1519,student
28,1520,student
28,1521,student
28,1522,student
28,1523,student
28,1524,student
28,1525,student
28,1526,student
28,1527,student
28,1528,student
28,1529,student
28,1530,student
28,1531,student
28,1532,student
28,1533,student
28,1534,student
28,1535,student
28,1536,student
28,1537,student
28,1538,student
28,1539,student
28,1540,student
28,1541,student
28,1542,student
28,1543,student
28,1544,student
28,1545,student
28,1546,student
28,1547,student
28,1548,student
28,1549,student
28,1550,student
28,1551,student
28,1552,student
28,1553,student
28,1554,student
28,1555,student
28,1556,student
28,1557,student
28,1558,student
29,1559,instructor
29,1560,student
29,1561,student
29,1562,student
29,1563,student
29,1564,student
29,1565,student
29,1566,student
29,1567,student
29,1568,student
29,1569,student
29,1570,student
29,1571,student
29,1572,student
29,1573,student
29,1574,student
29,1575,student
29,1576,student
29,1577,student
29,1578,student
29,1579,student
29,1580,student
29,1581,student
29,1582,student
29,1583,student
29,1584,student
29,1585,student
29,1586,student
29,1587,student
29,1588,student
29,1589,student
29,1590,student
29,1591,student
29,1592,student
29,1593,student
29,1594,student
29,1595,student
29,1596,student
29,1597,student
29,1598,student
29,1599,student
29,1600,student
29,1601,student
29,1602,student
29,1603,student
29,1604,student
29,1605,student
29,1606,student
29,1607,student
29,1608,student
29,1609,student
29,1610,student
29,1611,student
29,1612,student
29,1613,student
29,1614,student
29,1615,student
29,1616,student
29,1617,student
29,1618,student
29,1619,student
29,1620,student
29,1621,student
29,1622,student
29,1623,student
30,1624,instructor
30,1625,student
30,1626,student
30,1627,student
30,1628,student
30,1629,student
30,1630,student
30,1631,student
30,1632,student
30,1633,student
30,1634,student
30,1635,student
30,1636,student
30,1637,student
30,1638,student
30,1639,student
30,1640,student
30,1641,student
30,1642,student
30,1643,student
30,1644,student
30,1645,student
30,1646,student
30,1647,student
30,1648,student
30,1649,student
30,1650,student
30,1651,student
30,1652,student
30,1653,student
30,1654,student
30,1655,student
30,1656,student
30,1657,student
30,1658,student
30,1659,student
30,1660,student
30,1661,student
30,1662,student
30,1663,student
30,1664,student
31,1665,instructor
31,1666,student
31,1667,student
31,1668,student
31,1669,student
31,1670,student
31,1671,student
31,1672,student
31,1673,student
31,1674,student
31,1675,student
31,1676,student
31,1677,student
31,1678,student
31,1679,student
31,1680,student
31,1681,student
31,1682,student
31,1683,student
31,1684,student
31,1685,student
31,1686,student
31,1687,student
31,1688,student
31,1689,student
31,1690,student
31,1691,student
31,1692,student
31,1693,student
31,1694,student
31,1695,student
31,1696,student
31,1697,student
31,1698,student
31,1699,student
31,1700,student
31,1701,student
31,1702,student
31,1703,student
31,1704,student
31,1705,student
31,1706,student
31,1707,student
31,1708,student
31,1709,student
31,1710,student
31,1711,student
31,1712,student
31,1713,student
31,1714,student
32,1715,instructor
32,1716,student
32,1717,student
32,1718,student
32,1719,student
32,1720,student
32,1721,student
32,1722,student
32,1723,student
32,1724,student
32,1725,student
32,1726,student
32,1727,student
32,1728,student
32,1729,student
32,1730,student
32,1731,student
32,1732,student
32,1733,student
32,1734,student
32,1735,student
32,1736,student
32,1737,student
32,1738,student
32,1739,student
32,1740,student
32,1741,student
32,1742,student
32,1743,student
32,1744,student
32,1745,student
32,1746,student
32,1747,student
32,1748,student
32,1749,student
32,1750,student
32,1751,student
32,1752,student
32,1753,student
32,1754,student
32,1755,student
32,1756,student
32,1757,student
32,1758,student
32,1759,student
32,1760,student
32,1761,student
32,1762,student
32,1763,student
32,1764,student
32,1765,student
32,1766,student
32,1767,student
32,1768,student
32,1769,student
32,1770,student
32,1771,student
32,1772,student
32,1773,student
32,1774,student
32,1775,student
32,1776,student
33,1777,instructor
33,1778,student
33,1779,student
33,1780,student
33,1781,student
33,1782,student
33,1783,student
33,1784,student
33,1785,student
33,1786,student
33,1787,student
33,1788,student
33,1789,student
33,1790,student
33,1791,student
33,1792,student
33,1793,student
33,1794,student
33,1795,student
33,1796,student
33,1797,student
33,1798,student
33,1799,student
33,1800,student
33,1801,student
33,1802,student
33,1803,student
33,1804,student
33,1805,student
33,1806,student
33,1807,student
33,1808,student
33,1809,student
33,1810,student
33,1811,student
33,1812,student
33,1813,student
33,1814,student
33,1815,student
33,1816,student
33,1817,student
33,1818,student
33,1819,student
33,1820,student
33,1821,student
33,1822,student
33,1823,student
33,1824,student
33,1825,student
33,1826,student
33,1827,student
33,1828,student
33,1829,student
33,1830,student
33,1831,student
33,1832,student
33,1833,student
33,1834,student
33,1835,student
33,1836,student
33,1837,student
33,1838,student
33,1839,student
33,1840,student
33,1841,student
33,1842,student
33,1843,student
33,1844,student
33,1845,student
33,1846,student
33,1847,student
33,1848,student
33,1849,student
34,1850,instructor
34,1851,student
34,1852,student
34,1853,student
34,1854,student
34,1855,student
34,1856,student
34,1857,student
34,1858,student
34,1859,student
34,1860,student
34,1861,student
34,1862,student
34,1863,student
34,1864,student
34,1865,student
34,1866,student
34,1867,student
34,1868,student
34,1869,student
34,1870,student
34,1871,student
34,1872,student
34,1873,student
34,1874,student
34,1875,student
34,1876,student
34,1877,student
34,1878,student
34,1879,student
34,1880,student
34,1881,student
34,1882,student
34,1883,student
34,1884,student
34,1885,student
34,1886,student
34,1887,student
34,1888,student
34,1889,student
34,1890,student
34,1891,student
34,1892,student
34,1893,student
34,1894,student
34,1895,student
34,1896,student
34,1897,student
34,1898,student
34,1899,student
34,1900,student
34,1901,student
34,1902,student
34,1903,student
34,1904,student
34,1905,student
34,1906,student
35,1907,instructor
35,1908,student
35,1909,student
35,1910,student
35,1911,student
35,1912,student
35,1913,student
35,1914,student
35,1915,student
35,1916,student
35,1917,student
35,1918,student
35,1919,student
35,1920,student
35,1921,student
35,1922,student
35,1923,student
35,1924,student
35,1925,student
35,1926,student
35,1927,student
35,1928,student
35,1929,student
35,1930,student
35,1931,student
35,1932,student
35,1933,student
35,1934,student
35,1935,student
35,1936,student
35,1937,student
35,1938,student
35,1939,student
35,1940,student
35,1941,student
35,1942,student
35,1943,student
35,1944,student
36,1945,instructor
36,1946,student
36,1947,student
36,1948,student
36,1949,student
36,1950,student
36,1951,student
36,1952,student
36,1953,student
36,1954,student
36,1955,student
36,1956,student
36,1957,student
36,1958,student
36,1959,student
36,1960,student
36,1961,student
36,1962,student
36,1963,student
36,1964,student
36,1965,student
36,1966,student
36,1967,student
36,1968,student
36,1969,student
36,1970,student
36,1971,student
36,1972,student
36,1973,student
36,1974,student
36,1975,student
36,1976,student
36,1977,student
36,1978,student
36,1979,student
36,1980,student
36,1981,student
36,1982,student
36,1983,student
36,1984,student
36,1985,student
36,1986,student
36,1987,student
36,1988,student
36,1989,student
36,1990,student
36,1991,student
36,1992,student
36,1993,student
36,1994,student
36,1995,student
36,1996,student
36,1997,student
36,1998,student
36,1999,student
36,2000,student
36,2001,student
36,2002,student
36,2003,student
36,2004,student
36,2005,student
36,2006,student
36,2007,student
36,2008,student
36,2009,student
36,2010,student
36,2011,student
36,2012,student
36,2013,student
36,2014,student
36,2015,student
36,2016,student
36,2017,student
36,2018,student
36,2019,student
36,2020,student
36,2021,student
36,2022,student
36,2023,student
36,2024,student
36,2025,student
37,2026,instructor
37,2027,student
37,2028,student
37,2029,student
37,2030,student
37,2031,student
37,2032,student
37,2033,student
37,2034,student
37,2035,student
37,2036,student
37,2037,student
37,2038,student
37,2039,student
37,2040,student
37,2041,student
37,2042,student
37,2043,student
37,2044,student
37,2045,student
37,2046,student
37,2047,student
37,2048,student
37,2049,student
37,2050,student
37,2051,student
37,2052,student
37,2053,student
37,2054,student
37,2055,student
37,2056,student
37,2057,student
37,2058,student
37,2059,student
37,2060,student
37,2061,student
37,2062,student
37,2063,student
37,2064,student
37,2065,student
37,2066,student
37,2067,student
37,2068,student
37,2069,student
37,2070,student
37,2071,student
37,2072,student
37,2073,student
37,2074,student
37,2075,student
37,2076,student
37,2077,student
37,2078,student
37,2079,student
37,2080,student
37,2081,student
37,2082,student
38,2083,instructor
38,2084,student
38,2085,student
38,2086,student
38,2087,student
38,2088,student
38,2089,student
38,2090,student
38,2091,student
38,2092,student
38,2093,student
38,2094,student
38,2095,student
38,2096,student
38,2097,student
38,2098,student
38,2099,student
38,2100,student
38,2101,student
38,2102,student
38,2103,student
38,2104,student
38,2105,student
38,2106,student
38,2107,student
38,2108,student
38,2109,student
38,2110,student
38,2111,student
38,2112,student
38,2113,student
38,2114,student
38,2115,student
38,2116,student
38,2117,student
38,2118,student
38,2119,student
38,2120,student
38,2121,student
38,2122,student
38,2123,student
38,2124,student
38,2125,student
38,2126,student
38,2127,student
38,2128,student
38,2129,student
38,2130,student
38,2131,student
38,2132,student
38,2133,student
38,2134,student
38,2135,student
38,2136,student
38,2137,student
38,2138,student
38,2139,student
38,2140,student
38,2141,student
38,2142,student
38,2143,student
38,2144,student
38,2145,student
39,2146,instructor
39,2147,student
39,2148,student
39,2149,student
39,2150,student
39,2151,student
39,2152,student
39,2153,student
39,2154,student
39,2155,student
39,2156,student
39,2157,student
39,2158,student
39,2159,student
39,2160,student
39,2161,student
39,2162,student
39,2163,student
39,2164,student
39,2165,student
39,2166,student
39,2167,student
39,2168,student
39,2169,student
39,2170,student
39,2171,student
39,2172,student
39,2173,student
39,2174,student
39,2175,student
39,2176,student
39,2177,student
39,2178,student
39,2179,student
39,2180,student
39,2181,student
39,2182,student
39,2183,student
39,2184,student
39,2185,student
39,2186,student
39,2187,student
39,2188,student
39,2189,student
39,2190,student
39,2191,student
39,2192,student
39,2193,student
39,2194,student
39,2195,student
39,2196,student
39,2197,student
39,2198,student
39,2199,student
39,2200,student
39,2201,student
39,2202,student
39,2203,student
39,2204,student
39,2205,student
39,2206,student
39,2207,student
39,2208,student
39,2209,student
39,2210,student
39,2211,student
39,2212,student
40,2213,instructor
40,2214,student
40,2215,student
40,2216,student
40,2217,student
40,2218,student
40,2219,student
40,2220,student
40,2221,student
40,2222,student
40,2223,student
40,2224,student
40,2225,student
40,2226,student
40,2227,student
40,2228,student
40,2229,student
40,2230,student
40,2231,student
40,2232,student
40,2233,student
40,2234,student
40,2235,student
40,2236,student
40,2237,student
40,2238,student
40,2239,student
40,2240,student
40,2241,student
40,2242,student
40,2243,student
40,2244,student
41,2245,instructor
41,2246,student
41,2247,student
41,2248,student
41,2249,student
41,2250,student
41,2251,student
41,2252,student
41,2253,student
41,2254,student
41,2255,student
41,2256,student
41,2257,student
41,2258,student
41,2259,student
41,2260,student
41,2261,student
41,2262,student
41,2263,student
41,2264,student
41,2265,student
41,2266,student
41,2267,student
41,2268,student
41,2269,student
41,2270,student
41,2271,student
41,2272,student
41,2273,student
41,2274,student
41,2275,student
41,2276,student
41,2277,student
41,2278,student
41,2279,student
41,2280,student
41,2281,student
41,2282,student
41,2283,student
41,2284,student
41,2285,student
41,2286,student
41,2287,student
41,2288,student
41,2289,student
41,2290,student
41,2291,student
41,2292,student
41,2293,student
41,2294,student
41,2295,student
41,2296,student
41,2297,student
41,2298,student
41,2299,student
41,2300,student
41,2301,student
41,2302,student
41,2303,student
41,2304,student
41,2305,student
42,2306,instructor
42,2307,student
42,2308,student
42,2309,student
42,2310,student
42,2311,student
42,2312,student
42,2313,student
42,2314,student
42,2315,student
42,2316,student
42,2317,student
42,2318,student
42,2319,student
42,2320,student
42,2321,student
42,2322,student
42,2323,student
42,2324,student
42,2325,student
42,2326,student
42,2327,student
42,2328,student
42,2329,student
42,2330,student
42,2331,student
42,2332,student
42,2333,student
42,2334,student
42,2335,student
42,2336,student
42,2337,student
42,2338,student
42,2339,student
42,2340,student
42,2341,student
42,2342,student
42,2343,student
42,2344,student
42,2345,student
42,2346,student
42,2347,student
42,2348,student
42,2349,student
43,2350,instructor
43,2351,student
43,2352,student
43,2353,student
43,2354,student
43,2355,student
43,2356,student
43,2357,student
43,2358,student
43,2359,student
43,2360,student
43,2361,student
43,2362,student
43,2363,student
43,2364,student
43,2365,student
43,2366,student
43,2367,student
43,2368,student
43,2369,student
43,2370,student
43,2371,student
43,2372,student
43,2373,student
43,2374,student
43,2375,student
43,2376,student
43,2377,student
43,2378,student
43,2379,student
43,2380,student
43,2381,student
43,2382,student
43,2383,student
43,2384,student
43,2385,student
43,2386,student
43,2387,student
43,2388,student
43,2389,student
43,2390,student
43,2391,student
43,2392,student
43,2393,student
43,2394,student
43,2395,student
43,2396,student
43,2397,student
43,2398,student
43,2399,student
43,2400,student
43,2401,student
43,2402,student
43,2403,student
43,2404,student
43,2405,student
43,2406,student
43,2407,student
43,2408,student
43,2409,student
43,2410,student
43,2411,student
43,2412,student
43,2413,student
43,2414,student
43,2415,student
43,2416,student
43,2417,student
43,2418,student
43,2419,student
43,2420,student
43,2421,student
43,2422,student
43,2423,student
43,2424,student
44,2425,instructor
44,2426,student
44,2427,student
44,2428,student
44,2429,student
44,2430,student
44,2431,student
44,2432,student
44,2433,student
44,2434,student
44,2435,student
44,2436,student
44,2437,student
44,2438,student
44,2439,student
44,2440,student
44,2441,student
44,2442,student
44,2443,student
44,2444,student
44,2445,student
44,2446,student
44,2447,student
44,2448,student
44,2449,student
44,2450,student
44,2451,student
44,2452,student
44,2453,student
44,2454,student
44,2455,student
44,2456,student
44,2457,student
44,2458,student
44,2459,student
44,2460,student
44,2461,student
44,2462,student
44,2463,student
45,2464,instructor
45,2465,student
45,2466,student
45,2467,student
45,2468,student
45,2469,student
45,2470,student
45,2471,student
45,2472,student
45,2473,student
45,2474,student
45,2475,student
45,2476,student
45,2477,student
45,2478,student
45,2479,student
45,2480,student
45,2481,student
45,2482,student
45,2483,student
45,2484,student
45,2485,student
45,2486,student
45,2487,student
45,2488,student
45,2489,student
45,2490,student
45,2491,student
45,2492,student
45,2493,student
45,2494,student
45,2495,student
45,2496,student
45,2497,student
45,2498,student
45,2499,student
45,2500,student
45,2501,student
45,2502,student
45,2503,student
45,2504,student
45,2505,student
45,2506,student
45,2507,student
45,2508,student
45,2509,student
45,2510,student
45,2511,student
45,2512,student
45,2513,student
45,2514,student
45,2515,student
45,2516,student
45,2517,student
45,2518,student
45,2519,student
45,2520,student
45,2521,student
45,2522,student
45,2523,student
45,2524,student
45,2525,student
45,2526,student
45,2527,student
45,2528,student
45,2529,student
45,2530,student
46,2531,instructor
46,2532,student
46,2533,student
46,2534,student
46,2535,student
46,2536,student
46,2537,student
46,2538,student
46,2539,student
46,2540,student
46,2541,student
46,2542,student
46,2543,student
46,2544,student
46,2545,student
46,2546,student
46,2547,student
46,2548,student
46,2549,student
46,2550,student
46,2551,student
46,2552,student
46,2553,student
46,2554,student
46,2555,student
46,2556,student
46,2557,student
46,2558,student
46,2559,student
46,2560,student
46,2561,student
46,2562,student
46,2563,student
46,2564,student
46,2565,student
46,2566,student
46,2567,student
46,2568,student
46,2569,student
46,2570,student
46,2571,student
46,2572,student
46,2573,student
46,2574,student
46,2575,student
46,2576,student
46,2577,student
46,2578,student
46,2579,student
46,2580,student
47,2581,instructor
47,2582,student
47,2583,student
47,2584,student
47,2585,student
47,2586,student
47,2587,student
47,2588,student
47,2589,student
47,2590,student
47,2591,student
47,2592,student
47,2593,student
47,2594,student
47,2595,student
47,2596,student
47,2597,student
47,2598,student
47,2599,student
47,2600,student
47,2601,student
47,2602,student
47,2603,student
47,2604,student
47,2605,student
47,2606,student
47,2607,student
47,2608,student
47,2609,student
47,2610,student
47,2611,student
47,2612,student
47,2613,student
47,2614,student
47,2615,student
47,2616,student
47,2617,student
47,2618,student
47,2619,student
47,2620,student
47,2621,student
47,2622,student
47,2623,student
47,2624,student
47,2625,student
47,2626,student
47,2627,student
47,2628,student
48,2629,instructor
48,2630,student
48,2631,student
48,2632,student
48,2633,student
48,2634,student
48,2635,student
48,2636,student
48,2637,student
48,2638,student
48,2639,student
48,2640,student
48,2641,student
48,2642,student
48,2643,student
48,2644,student
48,2645,student
48,2646,student
48,2647,student
48,2648,student
48,2649,student
48,2650,student
48,2651,student
48,2652,student
48,2653,student
48,2654,student
48,2655,student
48,2656,student
48,2657,student
48,2658,student
48,2659,student
48,2660,student
48,2661,student
48,2662,student
48,2663,student
48,2664,student
48,2665,student
48,2666,student
48,2667,student
48,2668,student
48,2669,student
48,2670,student
48,2671,student
48,2672,student
48,2673,student
48,2674,student
48,2675,student
48,2676,student
48,2677,student
48,2678,student
48,2679,student
48,2680,student
48,2681,student
48,2682,student
48,2683,student
48,2684,student
48,2685,student
48,2686,student
48,2687,student
48,2688,student
48,2689,student
48,2690,student
48,2691,student
48,2692,student
48,2693,student
48,2694,student
48,2695,student
48,2696,student
48,2697,student
48,2698,student
48,2699,student
48,2700,student
48,2701,student
49,2702,instructor
49,2703,student
49,2704,student
49,2705,student
49,2706,student
49,2707,student
49,2708,student
49,2709,student
49,2710,student
49,2711,student
49,2712,student
49,2713,student
49,2714,student
49,2715,student
49,2716,student
49,2717,student
49,2718,student
49,2719,student
49,2720,student
49,2721,student
49,2722,student
49,2723,student
49,2724,student
49,2725,student
49,2726,student
49,2727,student
49,2728,student
49,2729,student
49,2730,student
49,2731,student
49,2732,student
49,2733,student
49,2734,student
49,2735,student
49,2736,student
49,2737,student
49,2738,student
49,2739,student
49,2740,student
49,2741,student
49,2742,student
49,2743,student
49,2744,student
49,2745,student
49,2746,student
49,2747,student
49,2748,student
49,2749,student
49,2750,student
49,2751,student
49,2752,student
49,2753,student
49,2754,student
49,2755,student
49,2756,student
49,2757,student
49,2758,student
49,2759,student
49,2760,student
49,2761,student
49,2762,student
49,2763,student
49,2764,student
49,2765,student
50,2766,instructor
50,2767,student
50,2768,student
50,2769,student
50,2770,student
50,2771,student
50,2772,student
50,2773,student
50,2774,student
50,2775,student
50,2776,student
50,2777,student
50,2778,student
50,2779,student
50,2780,student
50,2781,student
50,2782,student
50,2783,student
50,2784,student
50,2785,student
50,2786,student
50,2787,student
50,2788,student
50,2789,student
50,2790,student
50,2791,student
50,2792,student
50,2793,student
50,2794,student
50,2795,student
50,2796,student
50,2797,student
50,2798,student
50,2799,student
50,2800,student
50,2801,student
50,2802,student
50,2803,student
50,2804,student
50,2805,student
50,2806,student
50,2807,student
50,2808,student
50,2809,student
50,2810,student
50,2811,student
50,2812,student
50,2813,student
50,2814,student
50,2815,student
50,2816,student
51,2817,instructor
51,2818,student
51,2819,student
51,2820,student
51,2821,student
51,2822,student
51,2823,student
51,2824,student
51,2825,student
51,2826,student
51,2827,student
51,2828,student
51,2829,student
51,2830,student
51,2831,student
51,2832,student
51,2833,student
51,2834,student
51,2835,student
51,2836,student
51,2837,student
51,2838,student
51,2839,student
51,2840,student
51,2841,student
51,2842,student
51,2843,student
51,2844,student
51,2845,student
51,2846,student
51,2847,student
51,2848,student
51,2849,student
51,2850,student
51,2851,student
51,2852,student
51,2853,student
51,2854,student
51,2855,student
51,2856,student
51,2857,student
51,2858,student
51,2859,student
51,2860,student
51,2861,student
51,2862,student
51,2863,student
51,2864,student
51,2865,student
52,2866,instructor
52,2867,student
52,2868,student
52,2869,student
52,2870,student
52,2871,student
52,2872,student
52,2873,student
52,2874,student
52,2875,student
52,2876,student
52,2877,student
52,2878,student
52,2879,student
52,2880,student
52,2881,student
52,2882,student
52,2883,student
52,2884,student
52,2885,student
52,2886,student
52,2887,student
52,2888,student
52,2889,student
52,2890,student
52,2891,student
52,2892,student
52,2893,student
52,2894,student
52,2895,student
52,2896,student
52,2897,student
52,2898,student
52,2899,student
52,2900,student
52,2901,student
52,2902,student
52,2903,student
52,2904,student
52,2905,student
52,2906,student
52,2907,student
52,2908,student
52,2909,student
52,2910,student
52,2911,student
52,2912,student
52,2913,student
53,2914,instructor
53,2915,student
53,2916,student
53,2917,student
53,2918,student
53,2919,student
53,2920,student
53,2921,student
53,2922,student
53,2923,student
53,2924,student
53,2925,student
53,2926,student
53,2927,student
53,2928,student
53,2929,student
53,2930,student
53,2931,student
53,2932,student
53,2933,student
53,2934,student
53,2935,student
53,2936,student
53,2937,student
53,2938,student
53,2939,student
53,2940,student
53,2941,student
53,2942,student
53,2943,student
53,2944,student
53,2945,student
53,2946,student
53,2947,student
53,2948,student
53,2949,student
53,2950,student
53,2951,student
53,2952,student
53,2953,student
53,2954,student
53,2955,student
53,2956,student
53,2957,student
53,2958,student
53,2959,student
53,2960,student
53,2961,student
53,2962,student
54,2963,instructor
54,2964,student
54,2965,student
54,2966,student
54,2967,student
54,2968,student
54,2969,student
54,2970,student
54,2971,student
54,2972,student
54,2973,student
54,2974,student
54,2975,student
54,2976,student
54,2977,student
54,2978,student
54,2979,student
54,2980,student
54,2981,student
54,2982,student
54,2983,student
54,2984,student
54,2985,student
54,2986,student
54,2987,student
54,2988,student
54,2989,student
54,2990,student
54,2991,student
54,2992,student
54,2993,student
54,2994,student
54,2995,student
54,2996,student
54,2997,student
54,2998,student
54,2999,student
54,3000,student
54,3001,student
54,3002,student
54,3003,student
54,3004,student
54,3005,student
54,3006,student
54,3007,student
54,3008,student
54,3009,student
54,3010,student
54,3011,student
54,3012,student
54,3013,student
54,3014,student
54,3015,student
54,3016,student
54,3017,student
54,3018,student
54,3019,student
54,3020,student
54,3021,student
54,3022,student
54,3023,student
54,3024,student
54,3025,student
54,3026,student
54,3027,student
54,3028,student
55,3029,instructor
55,3030,student
55,3031,student
55,3032,student
55,3033,student
55,3034,student
55,3035,student
55,3036,student
55,3037,student
55,3038,student
55,3039,student
55,3040,student
55,3041,student
55,3042,student
55,3043,student
55,3044,student
55,3045,student
55,3046,student
55,3047,student
55,3048,student
55,3049,student
55,3050,student
55,3051,student
55,3052,student
55,3053,student
55,3054,student
55,3055,student
55,3056,student
55,3057,student
55,3058,student
55,3059,student
55,3060,student
55,3061,student
55,3062,student
55,3063,student
55,3064,student
55,3065,student
56,3066,instructor
56,3067,student
56,3068,student
56,3069,student
56,3070,student
56,3071,student
56,3072,student
56,3073,student
56,3074,student
56,3075,student
56,3076,student
56,3077,student
56,3078,student
56,3079,student
56,3080,student
56,3081,student
56,3082,student
56,3083,student
56,3084,student
56,3085,student
56,3086,student
56,3087,student
56,3088,student
56,3089,student
56,3090,student
56,3091,student
56,3092,student
56,3093,student
56,3094,student
56,3095,student
56,3096,student
56,3097,student
56,3098,student
56,3099,student
56,3100,student
56,3101,student
56,3102,student
56,3103,student
56,3104,student
56,3105,student
56,3106,student
56,3107,student
56,3108,student
56,3109,student
56,3110,student
56,3111,student
56,3112,student
56,3113,student
56,3114,student
56,3115,student
56,3116,student
56,3117,student
56,3118,student
56,3119,student
56,3120,student
56,3121,student
56,3122,student
56,3123,student
56,3124,student
57,3125,instructor
57,3126,student
57,3127,student
57,3128,student
57,3129,student
57,3130,student
57,3131,student
57,3132,student
57,3133,student
57,3134,student
57,3135,student
57,3136,student
57,3137,student
57,3138,student
57,3139,student
57,3140,student
57,3141,student
57,3142,student
57,3143,student
57,3144,student
57,3145,student
57,3146,student
57,3147,student
57,3148,student
57,3149,student
57,3150,student
57,3151,student
57,3152,student
57,3153,student
57,3154,student
57,3155,student
57,3156,student
57,3157,student
57,3158,student
57,3159,student
57,3160,student
57,3161,student
57,3162,student
57,3163,student
57,3164,student
57,3165,student
57,3166,student
57,3167,student
57,3168,student
57,3169,student
57,3170,student
57,3171,student
57,3172,student
57,3173,student
57,3174,student
57,3175,student
57,3176,student
57,3177,student
57,3178,student
57,3179,student
57,3180,student
57,3181,student
57,3182,student
57,3183,student
57,3184,student
58,3185,instructor
58,3186,student
58,3187,student
58,3188,student
58,3189,student
58,3190,student
58,3191,student
58,3192,student
58,3193,student
58,3194,student
58,3195,student
58,3196,student
58,3197,student
58,3198,student
58,3199,student
58,3200,student
58,3201,student
58,3202,student
58,3203,student
58,3204,student
58,3205,student
58,3206,student
58,3207,student
58,3208,student
58,3209,student
58,3210,student
58,3211,student
58,3212,student
58,3213,student
58,3214,student
58,3215,student
58,3216,student
58,3217,student
58,3218,student
58,3219,student
58,3220,student
58,3221,student
58,3222,student
58,3223,student
58,3224,student
58,3225,student
58,3226,student
58,3227,student
58,3228,student
58,3229,student
58,3230,student
58,3231,student
58,3232,student
58,3233,student
58,3234,student
58,3235,student
58,3236,student
58,3237,student
58,3238,student
58,3239,student
58,3240,student
59,3241,instructor
59,3242,student
59,3243,student
59,3244,student
59,3245,student
59,3246,student
59,3247,student
59,3248,student
59,3249,student
59,3250,student
59,3251,student
59,3252,student
59,3253,student
59,3254,student
59,3255,student
59,3256,student
59,3257,student
59,3258,student
59,3259,student
59,3260,student
59,3261,student
59,3262,student
59,3263,student
59,3264,student
59,3265,student
59,3266,student
59,3267,student
59,3268,student
59,3269,student
59,3270,student
59,3271,student
59,3272,student
59,3273,student
59,3274,student
59,3275,student
59,3276,student
59,3277,student
59,3278,student
59,3279,student
59,3280,student
59,3281,student
59,3282,student
59,3283,student
59,3284,student
59,3285,student
59,3286,student
59,3287,student
59,3288,student
59,3289,student
60,3290,instructor
60,3291,student
60,3292,student
60,3293,student
60,3294,student
60,3295,student
60,3296,student
60,3297,student
60,3298,student
60,3299,student
60,3300,student
60,3301,student
60,3302,student
60,3303,student
60,3304,student
60,3305,student
60,3306,student
60,3307,student
60,3308,student
60,3309,student
60,3310,student
60,3311,student
60,3312,student
60,3313,student
60,3314,student
60,3315,student
60,3316,student
60,3317,student
60,3318,student
60,3319,student
60,3320,student
60,3321,student
60,3322,student
60,3323,student
60,3324,student
60,3325,student
60,3326,student
60,3327,student
60,3328,student
60,3329,student
60,3330,student
60,3331,student
60,3332,student
60,3333,student
60,3334,student
60,3335,student
60,3336,student
60,3337,student
60,3338,student
60,3339,student
60,3340,student
60,3341,student
60,3342,student
60,3343,student
60,3344,student
60,3345,student
60,3346,student
60,3347,student
60,3348,student
60,3349,student
60,3350,student
60,3351,student
60,3352,student
60,3353,student
60,3354,student
60,3355,student
61,3356,instructor
61,3357,student
61,3358,student
61,3359,student
61,3360,student
61,3361,student
61,3362,student
61,3363,student
61,3364,student
61,3365,student
61,3366,student
61,3367,student
61,3368,student
61,3369,student
61,3370,student
61,3371,student
61,3372,student
61,3373,student
61,3374,student
61,3375,student
61,3376,student
61,3377,student
61,3378,student
61,3379,student
61,3380,student
61,3381,student
61,3382,student
61,3383,student
61,3384,student
61,3385,student
61,3386,student
61,3387,student
61,3388,student
61,3389,student
61,3390,student
61,3391,student
61,3392,student
61,3393,student
61,3394,student
61,3395,student
61,3396,student
61,3397,student
61,3398,student
61,3399,student
61,3400,student
61,3401,student
61,3402,student
61,3403,student
61,3404,student
61,3405,student
61,3406,student
61,3407,student
61,3408,student
61,3409,student
61,3410,student
61,3411,student
61,3412,student
61,3413,student
61,3414,student
61,3415,student
61,3416,student
61,3417,student
61,3418,student
61,3419,student
61,3420,student
61,3421,student
61,3422,student
61,3423,student
61,3424,student
61,3425,student
61,3426,student
61,3427,student
61,3428,student
62,3429,instructor
62,3430,student
62,3431,student
62,3432,student
62,3433,student
62,3434,student
62,3435,student
62,3436,student
62,3437,student
62,3438,student
62,3439,student
62,3440,student
62,3441,student
62,3442,student
62,3443,student
62,3444,student
62,3445,student
62,3446,student
62,3447,student
62,3448,student
62,3449,student
62,3450,student
62,3451,student
62,3452,student
62,3453,student
62,3454,student
62,3455,student
62,3456,student
62,3457,student
62,3458,student
62,3459,student
62,3460,student
62,3461,student
62,3462,student
62,3463,student
62,3464,student
62,3465,student
62,3466,student
62,3467,student
62,3468,student
62,3469,student
62,3470,student
62,3471,student
62,3472,student
62,3473,student
62,3474,student
62,3475,student
62,3476,student
62,3477,student
62,3478,student
62,3479,student
62,3480,student
62,3481,student
62,3482,student
62,3483,student
62,3484,student
62,3485,student
62,3486,student
62,3487,student
62,3488,student
62,3489,student
62,3490,student
62,3491,student
62,3492,student
62,3493,student
62,3494,student
62,3495,student
62,3496,student
62,3497,student
62,3498,student
62,3499,student
62,3500,student
62,3501,student
62,3502,student
62,3503,student
62,3504,student
62,3505,student
62,3506,student
63,3507,instructor
63,3508,student
63,3509,student
63,3510,student
63,3511,student
63,3512,student
63,3513,student
63,3514,student
63,3515,student
63,3516,student
63,3517,student
63,3518,student
63,3519,student
63,3520,student
63,3521,student
63,3522,student
63,3523,student
63,3524,student
63,3525,student
63,3526,student
63,3527,student
63,3528,student
63,3529,student
63,3530,student
63,3531,student
63,3532,student
63,3533,student
63,3534,student
63,3535,student
63,3536,student
63,3537,student
63,3538,student
63,3539,student
63,3540,student
63,3541,student
63,3542,student
63,3543,student
63,3544,student
63,3545,student
63,3546,student
63,3547,student
63,3548,student
63,3549,student
63,3550,student
63,3551,student
63,3552,student
63,3553,student
63,3554,student
63,3555,student
63,3556,student
63,3557,student
63,3558,student
63,3559,student
63,3560,student
63,3561,student
63,3562,student
63,3563,student
63,3564,student
63,3565,student
63,3566,student
64,3567,instructor
64,3568,student
64,3569,student
64,3570,student
64,3571,student
64,3572,student
64,3573,student
64,3574,student
64,3575,student
64,3576,student
64,3577,student
64,3578,student
64,3579,student
64,3580,student
64,3581,student
64,3582,student
64,3583,student
64,3584,student
64,3585,student
64,3586,student
64,3587,student
64,3588,student
64,3589,student
64,3590,student
64,3591,student
64,3592,student
64,3593,student
64,3594,student
64,3595,student
64,3596,student
64,3597,student
64,3598,student
64,3599,student
64,3600,student
64,3601,student
64,3602,student
64,3603,student
64,3604,student
64,3605,student
64,3606,student
64,3607,student
64,3608,student
64,3609,student
64,3610,student
64,3611,student
64,3612,student
64,3613,student
64,3614,student
64,3615,student
64,3616,student
64,3617,student
64,3618,student
64,3619,student
64,3620,student
64,3621,student
64,3622,student
64,3623,student
64,3624,student
64,3625,student
64,3626,student
64,3627,student
64,3628,student
64,3629,student
64,3630,student
64,3631,student
64,3632,student
64,3633,student
64,3634,student
64,3635,student
65,3636,instructor
65,3637,student
65,3638,student
65,3639,student
65,3640,student
65,3641,student
65,3642,student
65,3643,student
65,3644,student
65,3645,student
65,3646,student
65,3647,student
65,3648,student
65,3649,student
65,3650,student
65,3651,student
65,3652,student
65,3653,student
65,3654,student
65,3655,student
65,3656,student
65,3657,student
65,3658,student
65,3659,student
65,3660,student
65,3661,student
65,3662,student
65,3663,student
65,3664,student
65,3665,student
65,3666,student
65,3667,student
65,3668,student
65,3669,student
65,3670,student
65,3671,student
65,3672,student
65,3673,student
65,3674,student
65,3675,student
65,3676,student
65,3677,student
65,3678,student
65,3679,student
65,3680,student
65,3681,student
65,3682,student
65,3683,student
65,3684,student
65,3685,student
65,3686,student
65,3687,student
66,3688,instructor
66,3689,student
66,3690,student
66,3691,student
66,3692,student
66,3693,student
66,3694,student
66,3695,student
66,3696,student
66,3697,student
66,3698,student
66,3699,student
66,3700,student
66,3701,student
66,3702,student
66,3703,student
66,3704,student
66,3705,student
66,3706,student
66,3707,student
66,3708,student
66,3709,student
66,3710,student
66,3711,student
66,3712,student
66,3713,student
66,3714,student
66,3715,student
66,3716,student
66,3717,student
66,3718,student
66,3719,student
66,3720,student
66,3721,student
66,3722,student
66,3723,student
66,3724,student
66,3725,student
66,3726,student
66,3727,student
66,3728,student
66,3729,student
66,3730,student
66,3731,student
66,3732,student
66,3733,student
66,3734,student
66,3735,student
66,3736,student
66,3737,student
66,3738,student
66,3739,student
66,3740,student
66,3741,student
66,3742,student
66,3743,student
66,3744,student
66,3745,student
66,3746,student
66,3747,student
66,3748,student
66,3749,student
66,3750,student
66,3751,student
66,3752,student
66,3753,student
66,3754,student
66,3755,student
66,3756,student
66,3757,student
66,3758,student
66,3759,student
67,3760,instructor
67,3761,student
67,3762,student
67,3763,student
67,3764,student
67,3765,student
67,3766,student
67,3767,student
67,3768,student
67,3769,student
67,3770,student
67,3771,student
67,3772,student
67,3773,student
67,3774,student
67,3775,student
67,3776,student
67,3777,student
67,3778,student
67,3779,student
67,3780,student
67,3781,student
67,3782,student
67,3783,student
67,3784,student
67,3785,student
67,3786,student
67,3787,student
67,3788,student
67,3789,student
67,3790,student
67,3791,student
67,3792,student
67,3793,student
67,3794,student
67,3795,student
67,3796,student
68,3797,instructor
68,3798,student
68,3799,student
68,3800,student
68,3801,student
68,3802,student
68,3803,student
68,3804,student
68,3805,student
68,3806,student
68,3807,student
68,3808,student
68,3809,student
68,3810,student
68,3811,student
68,3812,student
68,3813,student
68,3814,student
68,3815,student
68,3816,student
68,3817,student
68,3818,student
68,3819,student
68,3820,student
68,3821,student
68,3822,student
68,3823,student
68,3824,student
68,3825,student
68,3826,student
68,3827,student
68,3828,student
68,3829,student
68,3830,student
68,3831,student
68,3832,student
68,3833,student
68,3834,student
68,3835,student
68,3836,student
68,3837,student
68,3838,student
68,3839,student
68,3840,student
68,3841,student
69,3842,instructor
69,3843,student
69,3844,student
69,3845,student
69,3846,student
69,3847,student
69,3848,student
69,3849,student
69,3850,student
69,3851,student
69,3852,student
69,3853,student
69,3854,student
69,3855,student
69,3856,student
69,3857,student
69,3858,student
69,3859,student
69,3860,student
69,3861,student
69,3862,student
69,3863,student
69,3864,student
69,3865,student
69,3866,student
69,3867,student
69,3868,student
69,3869,student
69,3870,student
69,3871,student
69,3872,student
69,3873,student
69,3874,student
69,3875,student
69,3876,student
70,3877,instructor
70,3878,student
70,3879,student
70,3880,student
70,3881,student
70,3882,student
70,3883,student
70,3884,student
70,3885,student
70,3886,student
70,3887,student
70,3888,student
70,3889,student
70,3890,student
70,3891,student
70,3892,student
70,3893,student
70,3894,student
70,3895,student
70,3896,student
70,3897,student
70,3898,student
70,3899,student
70,3900,student
70,3901,student
70,3902,student
70,3903,student
70,3904,student
70,3905,student
70,3906,student
70,3907,student
70,3908,student
70,3909,student
70,3910,student
70,3911,student
70,3912,student
70,3913,student
70,3914,student
70,3915,student
70,3916,student
70,3917,student
70,3918,student
70,3919,student
70,3920,student
70,3921,student
70,3922,student
70,3923,student
70,3924,student
70,3925,student
70,3926,student
70,3927,student
70,3928,student
70,3929,student
70,3930,student
70,3931,student
70,3932,student
71,3933,instructor
71,3934,student
71,3935,student
71,3936,student
71,3937,student
71,3938,student
71,3939,student
71,3940,student
71,3941,student
71,3942,student
71,3943,student
71,3944,student
71,3945,student
71,3946,student
71,3947,student
71,3948,student
71,3949,student
71,3950,student
71,3951,student
71,3952,student
71,3953,student
71,3954,student
71,3955,student
71,3956,student
71,3957,student
71,3958,student
71,3959,student
71,3960,student
71,3961,student
71,3962,student
71,3963,student
71,3964,student
71,3965,student
71,3966,student
71,3967,student
71,3968,student
71,3969,student
71,3970,student
71,3971,student
71,3972,student
71,3973,student
71,3974,student
71,3975,student
71,3976,student
71,3977,student
71,3978,student
71,3979,student
71,3980,student
71,3981,student
72,3982,instructor
72,3983,student
72,3984,student
72,3985,student
72,3986,student
72,3987,student
72,3988,student
72,3989,student
72,3990,student
72,3991,student
72,3992,student
72,3993,student
72,3994,student
72,3995,student
72,3996,student
72,3997,student
72,3998,student
72,3999,student
72,4000,student
72,4001,student
72,4002,student
72,4003,student
72,4004,student
72,4005,student
72,4006,student
72,4007,student
72,4008,student
72,4009,student
72,4010,student
72,4011,student
72,4012,student
72,4013,student
72,4014,student
72,4015,student
72,4016,student
72,4017,student
72,4018,student
72,4019,student
72,4020,student
72,4021,student
72,4022,student
72,4023,student
72,4024,student
72,4025,student
72,4026,student
72,4027,student
72,4028,student
72,4029,student
72,4030,student
72,4031,student
72,4032,student
73,4033,instructor
73,4034,student
73,4035,student
73,4036,student
73,4037,student
73,4038,student
73,4039,student
73,4040,student
73,4041,student
73,4042,student
73,4043,student
73,4044,student
73,4045,student
73,4046,student
73,4047,student
73,4048,student
73,4049,student
73,4050,student
73,4051,student
73,4052,student
73,4053,student
73,4054,student
73,4055,student
73,4056,student
73,4057,student
73,4058,student
73,4059,student
73,4060,student
73,4061,student
73,4062,student
73,4063,student
73,4064,student
73,4065,student
73,4066,student
73,4067,student
73,4068,student
73,4069,student
73,4070,student
73,4071,student
73,4072,student
73,4073,student
73,4074,student
73,4075,student
73,4076,student
73,4077,student
73,4078,student
73,4079,student
73,4080,student
73,4081,student
73,4082,student
73,4083,student
73,4084,student
73,4085,student
73,4086,student
73,4087,student
73,4088,student
73,4089,student
73,4090,student
73,4091,student
74,4092,instructor
74,4093,student
74,4094,student
74,4095,student
74,4096,student
74,4097,student
74,4098,student
74,4099,student
74,4100,student
74,4101,student
74,4102,student
74,4103,student
74,4104,student
74,4105,student
74,4106,student
74,4107,student
74,4108,student
74,4109,student
74,4110,student
74,4111,student
74,4112,student
74,4113,student
74,4114,student
74,4115,student
74,4116,student
74,4117,student
74,4118,student
74,4119,student
74,4120,student
74,4121,student
74,4122,student
74,4123,student
74,4124,student
74,4125,student
74,4126,student
74,4127,student
74,4128,student
74,4129,student
74,4130,student
74,4131,student
74,4132,student
74,4133,student
74,4134,student
74,4135,student
74,4136,student
74,4137,student
74,4138,student
74,4139,student
74,4140,student
74,4141,student
74,4142,student
74,4143,student
74,4144,student
74,4145,student
74,4146,student
74,4147,student
74,4148,student
74,4149,student
74,4150,student
74,4151,student
74,4152,student
74,4153,student
74,4154,student
74,4155,student
74,4156,student
74,4157,student
74,4158,student
74,4159,student
74,4160,student
74,4161,student
74,4162,student
74,4163,student
74,4164,student
74,4165,student
74,4166,student
75,4167,instructor
75,4168,student
75,4169,student
75,4170,student
75,4171,student
75,4172,student
75,4173,student
75,4174,student
75,4175,student
75,4176,student
75,4177,student
75,4178,student
75,4179,student
75,4180,student
75,4181,student
75,4182,student
75,4183,student
75,4184,student
75,4185,student
75,4186,student
75,4187,student
75,4188,student
75,4189,student
75,4190,student
75,4191,student
75,4192,student
75,4193,student
75,4194,student
75,4195,student
75,4196,student
75,4197,student
75,4198,student
75,4199,student
75,4200,student
75,4201,student
75,4202,student
75,4203,student
75,4204,student
75,4205,student
75,4206,student
75,4207,student
75,4208,student
75,4209,student
75,4210,student
75,4211,student
75,4212,student
75,4213,student
75,4214,student
75,4215,student
75,4216,student
75,4217,student
75,4218,student
75,4219,student
75,4220,student
75,4221,student
75,4222,student
75,4223,student
75,4224,student
75,4225,student
75,4226,student
75,4227,student
75,4228,student
75,4229,student
75,4230,student
75,4231,student
75,4232,student
75,4233,student
75,4234,student
75,4235,student
75,4236,student
75,4237,student
75,4238,student
75,4239,student
75,4240,student
75,4241,student
75,4242,student
75,4243,student
75,4244,student
75,4245,student
75,4246,student
76,4247,instructor
76,4248,student
76,4249,student
76,4250,student
76,4251,student
76,4252,student
76,4253,student
76,4254,student
76,4255,student
76,4256,student
76,4257,student
76,4258,student
76,4259,student
76,4260,student
76,4261,student
76,4262,student
76,4263,student
76,4264,student
76,4265,student
76,4266,student
76,4267,student
76,4268,student
76,4269,student
76,4270,student
76,4271,student
76,4272,student
76,4273,student
76,4274,student
76,4275,student
76,4276,student
76,4277,student
76,4278,student
76,4279,student
76,4280,student
76,4281,student
76,4282,student
76,4283,student
76,4284,student
76,4285,student
76,4286,student
76,4287,student
76,4288,student
76,4289,student
76,4290,student
76,4291,student
76,4292,student
76,4293,student
77,4294,instructor
77,4295,student
77,4296,student
77,4297,student
77,4298,student
77,4299,student
77,4300,student
77,4301,student
77,4302,student
77,4303,student
77,4304,student
77,4305,student
77,4306,student
77,4307,student
77,4308,student
77,4309,student
77,4310,student
77,4311,student
77,4312,student
77,4313,student
77,4314,student
77,4315,student
77,4316,student
77,4317,student
77,4318,student
77,4319,student
77,4320,student
77,4321,student
77,4322,student
77,4323,student
77,4324,student
77,4325,student
78,4326,instructor
78,4327,student
78,4328,student
78,4329,student
78,4330,student
78,4331,student
78,4332,student
78,4333,student
78,4334,student
78,4335,student
78,4336,student
78,4337,student
78,4338,student
78,4339,student
78,4340,student
78,4341,student
78,4342,student
78,4343,student
78,4344,student
78,4345,student
78,4346,student
78,4347,student
78,4348,student
78,4349,student
78,4350,student
78,4351,student
78,4352,student
78,4353,student
78,4354,student
78,4355,student
78,4356,student
78,4357,student
78,4358,student
78,4359,student
78,4360,student
78,4361,student
78,4362,student
78,4363,student
78,4364,student
78,4365,student
78,4366,student
78,4367,student
78,4368,student
78,4369,student
78,4370,student
78,4371,student
78,4372,student
78,4373,student
78,4374,student
78,4375,student
78,4376,student
78,4377,student
78,4378,student
78,4379,student
78,4380,student
78,4381,student
78,4382,student
78,4383,student
78,4384,student
78,4385,student
78,4386,student
78,4387,student
78,4388,student
78,4389,student
78,4390,student
78,4391,student
78,4392,student
78,4393,student
78,4394,student
78,4395,student
79,4396,instructor
79,4397,student
79,4398,student
79,4399,student
79,4400,student
79,4401,student
79,4402,student
79,4403,student
79,4404,student
79,4405,student
79,4406,student
79,4407,student
79,4408,student
79,4409,student
79,4410,student
79,4411,student
79,4412,student
79,4413,student
79,4414,student
79,4415,student
79,4416,student
79,4417,student
79,4418,student
79,4419,student
79,4420,student
79,4421,student
79,4422,student
79,4423,student
79,4424,student
79,4425,student
79,4426,student
79,4427,student
79,4428,student
79,4429,student
79,4430,student
79,4431,student
79,4432,student
79,4433,student
79,4434,student
79,4435,student
79,4436,student
79,4437,student
79,4438,student
79,4439,student
79,4440,student
79,4441,student
79,4442,student
79,4443,student
79,4444,student
79,4445,student
79,4446,student
79,4447,student
79,4448,student
79,4449,student
79,4450,student
79,4451,student
79,4452,student
79,4453,student
79,4454,student
79,4455,student
79,4456,student
79,4457,student
79,4458,student
79,4459,student
79,4460,student
79,4461,student
79,4462,student
79,4463,student
79,4464,student
79,4465,student
80,4466,instructor
80,4467,student
80,4468,student
80,4469,student
80,4470,student
80,4471,student
80,4472,student
80,4473,student
80,4474,student
80,4475,student
80,4476,student
80,4477,student
80,4478,student
80,4479,student
80,4480,student
80,4481,student
80,4482,student
80,4483,student
80,4484,student
80,4485,student
80,4486,student
80,4487,student
80,4488,student
80,4489,student
80,4490,student
80,4491,student
80,4492,student
80,4493,student
80,4494,student
80,4495,student
80,4496,student
80,4497,student
80,4498,student
80,4499,student
80,4500,student
80,4501,student
80,4502,student
80,4503,student
80,4504,student
80,4505,student
80,4506,student
80,4507,student
80,4508,student
80,4509,student
80,4510,student
80,4511,student
80,4512,student
80,4513,student
80,4514,student
80,4515,student
80,4516,student
80,4517,student
80,4518,student
80,4519,student
80,4520,student
80,4521,student
80,4522,student
80,4523,student
81,4524,instructor
81,4525,student
81,4526,student
81,4527,student
81,4528,student
81,4529,student
81,4530,student
81,4531,student
81,4532,student
81,4533,student
81,4534,student
81,4535,student
81,4536,student
81,4537,student
81,4538,student
81,4539,student
81,4540,student
81,4541,student
81,4542,student
81,4543,student
81,4544,student
81,4545,student
81,4546,student
81,4547,student
81,4548,student
81,4549,student
81,4550,student
81,4551,student
81,4552,student
81,4553,student
81,4554,student
81,4555,student
81,4556,student
81,4557,student
81,4558,student
81,4559,student
81,4560,student
81,4561,student
81,4562,student
81,4563,student
81,4564,student
81,4565,student
81,4566,student
81,4567,student
82,4568,instructor
82,4569,student
82,4570,student
82,4571,student
82,4572,student
82,4573,student
82,4574,student
82,4575,student
82,4576,student
82,4577,student
82,4578,student
82,4579,student
82,4580,student
82,4581,student
82,4582,student
82,4583,student
82,4584,student
82,4585,student
82,4586,student
82,4587,student
82,4588,student
82,4589,student
82,4590,student
82,4591,student
82,4592,student
82,4593,student
82,4594,student
82,4595,student
82,4596,student
82,4597,student
82,4598,student
82,4599,student
82,4600,student
82,4601,student
82,4602,student
82,4603,student
82,4604,student
82,4605,student
82,4606,student
82,4607,student
82,4608,student
82,4609,student
82,4610,student
82,4611,student
82,4612,student
82,4613,student
82,4614,student
82,4615,student
82,4616,student
82,4617,student
82,4618,student
82,4619,student
82,4620,student
82,4621,student
82,4622,student
82,4623,student
82,4624,student
82,4625,student
82,4626,student
82,4627,student
82,4628,student
82,4629,student
82,4630,student
82,4631,student
82,4632,student
82,4633,student
82,4634,student
82,4635,student
82,4636,student
82,4637,student
82,4638,student
82,4639,student
82,4640,student
82,4641,student
82,4642,student
82,4643,student
82,4644,student
82,4645,student
82,4646,student
82,4647,student
83,4648,instructor
83,4649,student
83,4650,student
83,4651,student
83,4652,student
83,4653,student
83,4654,student
83,4655,student
83,4656,student
83,4657,student
83,4658,student
83,4659,student
83,4660,student
83,4661,student
83,4662,student
83,4663,student
83,4664,student
83,4665,student
83,4666,student
83,4667,student
83,4668,student
83,4669,student
83,4670,student
83,4671,student
83,4672,student
83,4673,student
83,4674,student
83,4675,student
83,4676,student
83,4677,student
83,4678,student
83,4679,student
83,4680,student
83,4681,student
84,4682,instructor
84,4683,student
84,4684,student
84,4685,student
84,4686,student
84,4687,student
84,4688,student
84,4689,student
84,4690,student
84,4691,student
84,4692,student
84,4693,student
84,4694,student
84,4695,student
84,4696,student
84,4697,student
84,4698,student
84,4699,student
84,4700,student
84,4701,student
84,4702,student
84,4703,student
84,4704,student
84,4705,student
84,4706,student
84,4707,student
84,4708,student
84,4709,student
84,4710,student
84,4711,student
84,4712,student
84,4713,student
84,4714,student
84,4715,student
84,4716,student
84,4717,student
84,4718,student
84,4719,student
84,4720,student
84,4721,student
84,4722,student
84,4723,student
84,4724,student
84,4725,student
84,4726,student
84,4727,student
84,4728,student
84,4729,student
84,4730,student
84,4731,student
84,4732,student
84,4733,student
84,4734,student
84,4735,student
84,4736,student
84,4737,student
84,4738,student
84,4739,student
84,4740,student
84,4741,student
84,4742,student
84,4743,student
84,4744,student
84,4745,student
84,4746,student
84,4747,student
84,4748,student
84,4749,student
84,4750,student
84,4751,student
85,4752,instructor
85,4753,student
85,4754,student
85,4755,student
85,4756,student
85,4757,student
85,4758,student
85,4759,student
85,4760,student
85,4761,student
85,4762,student
85,4763,student
85,4764,student
85,4765,student
85,4766,student
85,4767,student
85,4768,student
85,4769,student
85,4770,student
85,4771,student
85,4772,student
85,4773,student
85,4774,student
85,4775,student
85,4776,student
85,4777,student
85,4778,student
85,4779,student
85,4780,student
85,4781,student
85,4782,student
85,4783,student
85,4784,student
85,4785,student
85,4786,student
85,4787,student
85,4788,student
85,4789,student
86,4790,instructor
86,4791,student
86,4792,student
86,4793,student
86,4794,student
86,4795,student
86,4796,student
86,4797,student
86,4798,student
86,4799,student
86,4800,student
86,4801,student
86,4802,student
86,4803,student
86,4804,student
86,4805,student
86,4806,student
86,4807,student
86,4808,student
86,4809,student
86,4810,student
86,4811,student
86,4812,student
86,4813,student
86,4814,student
86,4815,student
86,4816,student
86,4817,student
86,4818,student
86,4819,student
86,4820,student
86,4821,student
86,4822,student
86,4823,student
86,4824,student
86,4825,student
86,4826,student
86,4827,student
86,4828,student
86,4829,student
86,4830,student
86,4831,student
86,4832,student
86,4833,student
86,4834,student
86,4835,student
86,4836,student
86,4837,student
86,4838,student
86,4839,student
86,4840,student
86,4841,student
86,4842,student
86,4843,student
86,4844,student
86,4845,student
86,4846,student
86,4847,student
86,4848,student
86,4849,student
86,4850,student
87,4851,instructor
87,4852,student
87,4853,student
87,4854,student
87,4855,student
87,4856,student
87,4857,student
87,4858,student
87,4859,student
87,4860,student
87,4861,student
87,4862,student
87,4863,student
87,4864,student
87,4865,student
87,4866,student
87,4867,student
87,4868,student
87,4869,student
87,4870,student
87,4871,student
87,4872,student
87,4873,student
87,4874,student
87,4875,student
87,4876,student
87,4877,student
87,4878,student
87,4879,student
87,4880,student
87,4881,student
87,4882,student
87,4883,student
87,4884,student
87,4885,student
87,4886,student
87,4887,student
87,4888,student
87,4889,student
87,4890,student
87,4891,student
87,4892,student
87,4893,student
88,4894,instructor
88,4895,student
88,4896,student
88,4897,student
88,4898,student
88,4899,student
88,4900,student
88,4901,student
88,4902,student
88,4903,student
88,4904,student
88,4905,student
88,4906,student
88,4907,student
88,4908,student
88,4909,student
88,4910,student
88,4911,student
88,4912,student
88,4913,student
88,4914,student
88,4915,student
88,4916,student
88,4917,student
88,4918,student
88,4919,student
88,4920,student
88,4921,student
88,4922,student
88,4923,student
88,4924,student
88,4925,student
88,4926,student
88,4927,student
88,4928,student
88,4929,student
88,4930,student
88,4931,student
88,4932,student
88,4933,student
88,4934,student
88,4935,student
88,4936,student
88,4937,student
88,4938,student
88,4939,student
88,4940,student
88,4941,student
88,4942,student
88,4943,student
88,4944,student
88,4945,student
88,4946,student
88,4947,student
88,4948,student
88,4949,student
88,4950,student
88,4951,student
88,4952,student
88,4953,student
88,4954,student
88,4955,student
88,4956,student
88,4957,student
88,4958,student
88,4959,student
88,4960,student
88,4961,student
88,4962,student
88,4963,student
88,4964,student
88,4965,student
88,4966,student
88,4967,student
88,4968,student
88,4969,student
89,4970,instructor
89,4971,student
89,4972,student
89,4973,student
89,4974,student
89,4975,student
89,4976,student
89,4977,student
89,4978,student
89,4979,student
89,4980,student
89,4981,student
89,4982,student
89,4983,student
89,4984,student
89,4985,student
89,4986,student
89,4987,student
89,4988,student
89,4989,student
89,4990,student
89,4991,student
89,4992,student
89,4993,student
89,4994,student
89,4995,student
89,4996,student
89,4997,student
89,4998,student
89,4999,student
89,5000,student
89,5001,student
89,5002,student
89,5003,student
89,5004,student
89,5005,student
89,5006,student
89,5007,student
89,5008,student
89,5009,student
89,5010,student
89,5011,student
90,5012,instructor
90,5013,student
90,5014,student
90,5015,student
90,5016,student
90,5017,student
90,5018,student
90,5019,student
90,5020,student
90,5021,student
90,5022,student
90,5023,student
90,5024,student
90,5025,student
90,5026,student
90,5027,student
90,5028,student
90,5029,student
90,5030,student
90,5031,student
90,5032,student
90,5033,student
90,5034,student
90,5035,student
90,5036,student
90,5037,student
90,5038,student
90,5039,student
90,5040,student
90,5041,student
90,5042,student
90,5043,student
90,5044,student
90,5045,student
90,5046,student
90,5047,student
90,5048,student
90,5049,student
90,5050,student
90,5051,student
90,5052,student
90,5053,student
90,5054,student
90,5055,student
90,5056,student
90,5057,student
90,5058,student
90,5059,student
90,5060,student
90,5061,student
90,5062,student
90,5063,student
90,5064,student
90,5065,student
90,5066,student
91,5067,instructor
91,5068,student
91,5069,student
91,5070,student
91,5071,student
91,5072,student
91,5073,student
91,5074,student
91,5075,student
91,5076,student
91,5077,student
91,5078,student
91,5079,student
91,5080,student
91,5081,student
91,5082,student
91,5083,student
91,5084,student
91,5085,student
91,5086,student
91,5087,student
91,5088,student
91,5089,student
91,5090,student
91,5091,student
91,5092,student
91,5093,student
91,5094,student
91,5095,student
91,5096,student
91,5097,student
91,5098,student
91,5099,student
91,5100,student
91,5101,student
91,5102,student
91,5103,student
91,5104,student
91,5105,student
91,5106,student
91,5107,student
91,5108,student
91,5109,student
91,5110,student
91,5111,student
91,5112,student
91,5113,student
91,5114,student
91,5115,student
91,5116,student
91,5117,student
91,5118,student
91,5119,student
91,5120,student
91,5121,student
91,5122,student
91,5123,student
91,5124,student
91,5125,student
91,5126,student
91,5127,student
91,5128,student
91,5129,student
91,5130,student
91,5131,student
91,5132,student
91,5133,student
91,5134,student
91,5135,student
92,5136,instructor
92,5137,student
92,5138,student
92,5139,student
92,5140,student
92,5141,student
92,5142,student
92,5143,student
92,5144,student
92,5145,student
92,5146,student
92,5147,student
92,5148,student
92,5149,student
92,5150,student
92,5151,student
92,5152,student
92,5153,student
92,5154,student
92,5155,student
92,5156,student
92,5157,student
92,5158,student
92,5159,student
92,5160,student
92,5161,student
92,5162,student
92,5163,student
92,5164,student
92,5165,student
92,5166,student
92,5167,student
92,5168,student
92,5169,student
92,5170,student
92,5171,student
92,5172,student
92,5173,student
92,5174,student
92,5175,student
92,5176,student
92,5177,student
92,5178,student
92,5179,student
92,5180,student
92,5181,student
92,5182,student
92,5183,student
92,5184,student
92,5185,student
92,5186,student
92,5187,student
92,5188,student
92,5189,student
92,5190,student
92,5191,student
92,5192,student
92,5193,student
92,5194,student
92,5195,student
92,5196,student
92,5197,student
92,5198,student
92,5199,student
92,5200,student
92,5201,student
92,5202,student
92,5203,student
92,5204,student
92,5205,student
93,5206,instructor
93,5207,student
93,5208,student
93,5209,student
93,5210,student
93,5211,student
93,5212,student
93,5213,student
93,5214,student
93,5215,student
93,5216,student
93,5217,student
93,5218,student
93,5219,student
93,5220,student
93,5221,student
93,5222,student
93,5223,student
93,5224,student
93,5225,student
93,5226,student
93,5227,student
93,5228,student
93,5229,student
93,5230,student
93,5231,student
93,5232,student
93,5233,student
93,5234,student
93,5235,student
93,5236,student
93,5237,student
93,5238,student
93,5239,student
93,5240,student
93,5241,student
93,5242,student
93,5243,student
93,5244,student
93,5245,student
93,5246,student
93,5247,student
93,5248,student
93,5249,student
93,5250,student
93,5251,student
93,5252,student
93,5253,student
93,5254,student
93,5255,student
93,5256,student
93,5257,student
93,5258,student
93,5259,student
93,5260,student
93,5261,student
93,5262,student
93,5263,student
93,5264,student
93,5265,student
93,5266,student
93,5267,student
93,5268,student
93,5269,student
93,5270,student
93,5271,student
93,5272,student
93,5273,student
93,5274,student
93,5275,student
93,5276,student
93,5277,student
93,5278,student
93,5279,student
93,5280,student
93,5281,student
93,5282,student
93,5283,student
93,5284,student
93,5285,student
94,5286,instructor
94,5287,student
94,5288,student
94,5289,student
94,5290,student
94,5291,student
94,5292,student
94,5293,student
94,5294,student
94,5295,student
94,5296,student
94,5297,student
94,5298,student
94,5299,student
94,5300,student
94,5301,student
94,5302,student
94,5303,student
94,5304,student
94,5305,student
94,5306,student
94,5307,student
94,5308,student
94,5309,student
94,5310,student
94,5311,student
94,5312,student
94,5313,student
94,5314,student
94,5315,student
94,5316,student
94,5317,student
94,5318,student
94,5319,student
94,5320,student
94,5321,student
94,5322,student
94,5323,student
94,5324,student
94,5325,student
94,5326,student
94,5327,student
94,5328,student
94,5329,student
94,5330,student
94,5331,student
94,5332,student
94,5333,student
94,5334,student
94,5335,student
95,5336,instructor
95,5337,student
95,5338,student
95,5339,student
95,5340,student
95,5341,student
95,5342,student
95,5343,student
95,5344,student
95,5345,student
95,5346,student
95,5347,student
95,5348,student
95,5349,student
95,5350,student
95,5351,student
95,5352,student
95,5353,student
95,5354,student
95,5355,student
95,5356,student
95,5357,student
95,5358,student
95,5359,student
95,5360,student
95,5361,student
95,5362,student
95,5363,student
95,5364,student
95,5365,student
95,5366,student
96,5367,instructor
96,5368,student
96,5369,student
96,5370,student
96,5371,student
96,5372,student
96,5373,student
96,5374,student
96,5375,student
96,5376,student
96,5377,student
96,5378,student
96,5379,student
96,5380,student
96,5381,student
96,5382,student
96,5383,student
96,5384,student
96,5385,student
96,5386,student
96,5387,student
96,5388,student
96,5389,student
96,5390,student
96,5391,student
96,5392,student
96,5393,student
96,5394,student
96,5395,student
96,5396,student
96,5397,student
96,5398,student
96,5399,student
96,5400,student
96,5401,student
96,5402,student
96,5403,student
96,5404,student
96,5405,student
96,5406,student
96,5407,student
96,5408,student
96,5409,student
96,5410,student
96,5411,student
96,5412,student
96,5413,student
96,5414,student
96,5415,student
96,5416,student
96,5417,student
96,5418,student
96,5419,student
96,5420,student
96,5421,student
96,5422,student
96,5423,student
96,5424,student
96,5425,student
96,5426,student
96,5427,student
96,5428,student
96,5429,student
96,5430,student
97,5431,instructor
97,5432,student
97,5433,student
97,5434,student
97,5435,student
97,5436,student
97,5437,student
97,5438,student
97,5439,student
97,5440,student
97,5441,student
97,5442,student
97,5443,student
97,5444,student
97,5445,student
97,5446,student
97,5447,student
97,5448,student
97,5449,student
97,5450,student
97,5451,student
97,5452,student
97,5453,student
97,5454,student
97,5455,student
97,5456,student
97,5457,student
97,5458,student
97,5459,student
97,5460,student
97,5461,student
97,5462,student
97,5463,student
97,5464,student
97,5465,student
97,5466,student
97,5467,student
97,5468,student
97,5469,student
97,5470,student
97,5471,student
97,5472,student
97,5473,student
97,5474,student
97,5475,student
97,5476,student
97,5477,student
97,5478,student
97,5479,student
97,5480,student
97,5481,student
97,5482,student
97,5483,student
97,5484,student
97,5485,student
97,5486,student
97,5487,student
97,5488,student
97,5489,student
97,5490,student
97,5491,student
97,5492,student
97,5493,student
97,5494,student
97,5495,student
97,5496,student
97,5497,student
97,5498,student
98,5499,instructor
98,5500,student
98,5501,student
98,5502,student
98,5503,student
98,5504,student
98,5505,student
98,5506,student
98,5507,student
98,5508,student
98,5509,student
98,5510,student
98,5511,student
98,5512,student
98,5513,student
98,5514,student
98,5515,student
98,5516,student
98,5517,student
98,5518,student
98,5519,student
98,5520,student
98,5521,student
98,5522,student
98,5523,student
98,5524,student
98,5525,student
98,5526,student
98,5527,student
98,5528,student
98,5529,student
98,5530,student
98,5531,student
98,5532,student
99,5533,instructor
99,5534,student
99,5535,student
99,5536,student
99,5537,student
99,5538,student
99,5539,student
99,5540,student
99,5541,student
99,5542,student
99,5543,student
99,5544,student
99,5545,student
99,5546,student
99,5547,student
99,5548,student
99,5549,student
99,5550,student
99,5551,student
99,5552,student
99,5553,student
99,5554,student
99,5555,student
99,5556,student
99,5557,student
99,5558,student
99,5559,student
99,5560,student
99,5561,student
99,5562,student
99,5563,student
99,5564,student
99,5565,student
99,5566,student
99,5567,student
99,5568,student
99,5569,student
99,5570,student
99,5571,student
99,5572,student
99,5573,student
99,5574,student
99,5575,student
99,5576,student
99,5577,student
99,5578,student
99,5579,student
99,5580,student
99,5581,student
99,5582,student
99,5583,student
99,5584,student
99,5585,student
99,5586,student
99,5587,student
99,5588,student
99,5589,student
99,5590,student
100,5591,instructor
100,5592,student
100,5593,student
100,5594,student
100,5595,student
100,5596,student
100,5597,student
100,5598,student
100,5599,student
100,5600,student
100,5601,student
100,5602,student
100,5603,student
100,5604,student
100,5605,student
100,5606,student
100,5607,student
100,5608,student
100,5609,student
100,5610,student
100,5611,student
100,5612,student
100,5613,student
100,5614,student
100,5615,student
100,5616,student
100,5617,student
100,5618,student
100,5619,student
100,5620,student
100,5621,student
100,5622,student
100,5623,student
100,5624,student
100,5625,student
100,5626,student
100,5627,student
100,5628,student
100,5629,student
101,5630,instructor
101,5631,student
101,5632,student
101,5633,student
101,5634,student
101,5635,student
101,5636,student
101,5637,student
101,5638,student
101,5639,student
101,5640,student
101,5641,student
101,5642,student
101,5643,student
101,5644,student
101,5645,student
101,5646,student
101,5647,student
101,5648,student
101,5649,student
101,5650,student
101,5651,student
101,5652,student
101,5653,student
101,5654,student
101,5655,student
101,5656,student
101,5657,student
101,5658,student
101,5659,student
101,5660,student
101,5661,student
101,5662,student
101,5663,student
101,5664,student
101,5665,student
101,5666,student
101,5667,student
101,5668,student
101,5669,student
101,5670,student
101,5671,student
101,5672,student
101,5673,student
101,5674,student
102,5675,instructor
102,5676,student
102,5677,student
102,5678,student
102,5679,student
102,5680,student
102,5681,student
102,5682,student
102,5683,student
102,5684,student
102,5685,student
102,5686,student
102,5687,student
102,5688,student
102,5689,student
102,5690,student
102,5691,student
102,5692,student
102,5693,student
102,5694,student
102,5695,student
102,5696,student
102,5697,student
102,5698,student
102,5699,student
102,5700,student
102,5701,student
102,5702,student
102,5703,student
102,5704,student
102,5705,student
102,5706,student
102,5707,student
102,5708,student
102,5709,student
102,5710,student
102,5711,student
102,5712,student
102,5713,student
102,5714,student
102,5715,student
102,5716,student
102,5717,student
102,5718,student
103,5719,instructor
103,5720,student
103,5721,student
103,5722,student
103,5723,student
103,5724,student
103,5725,student
103,5726,student
103,5727,student
103,5728,student
103,5729,student
103,5730,student
103,5731,student
103,5732,student
103,5733,student
103,5734,student
103,5735,student
103,5736,student
103,5737,student
103,5738,student
103,5739,student
103,5740,student
103,5741,student
103,5742,student
103,5743,student
103,5744,student
103,5745,student
103,5746,student
103,5747,student
103,5748,student
103,5749,student
103,5750,student
103,5751,student
103,5752,student
103,5753,student
103,5754,student
103,5755,student
103,5756,student
103,5757,student
103,5758,student
103,5759,student
103,5760,student
103,5761,student
103,5762,student
103,5763,student
103,5764,student
103,5765,student
103,5766,student
103,5767,student
103,5768,student
103,5769,student
103,5770,student
103,5771,student
103,5772,student
103,5773,student
103,5774,student
103,5775,student
103,5776,student
103,5777,student
103,5778,student
103,5779,student
103,5780,student
103,5781,student
103,5782,student
103,5783,student
103,5784,student
103,5785,student
103,5786,student
104,5787,instructor
104,5788,student
104,5789,student
104,5790,student
104,5791,student
104,5792,student
104,5793,student
104,5794,student
104,5795,student
104,5796,student
104,5797,student
104,5798,student
104,5799,student
104,5800,student
104,5801,student
104,5802,student
104,5803,student
104,5804,student
104,5805,student
104,5806,student
104,5807,student
104,5808,student
104,5809,student
104,5810,student
104,5811,student
104,5812,student
104,5813,student
104,5814,student
104,5815,student
104,5816,student
104,5817,student
104,5818,student
104,5819,student
104,5820,student
104,5821,student
104,5822,student
104,5823,student
105,5824,instructor
105,5825,student
105,5826,student
105,5827,student
105,5828,student
105,5829,student
105,5830,student
105,5831,student
105,5832,student
105,5833,student
105,5834,student
105,5835,student
105,5836,student
105,5837,student
105,5838,student
105,5839,student
105,5840,student
105,5841,student
105,5842,student
105,5843,student
105,5844,student
105,5845,student
105,5846,student
105,5847,student
105,5848,student
105,5849,student
105,5850,student
105,5851,student
105,5852,student
105,5853,student
105,5854,student
105,5855,student
105,5856,student
105,5857,student
105,5858,student
105,5859,student
105,5860,student
105,5861,student
105,5862,student
105,5863,student
105,5864,student
105,5865,student
105,5866,student
105,5867,student
105,5868,student
105,5869,student
105,5870,student
105,5871,student
105,5872,student
105,5873,student
105,5874,student
105,5875,student
105,5876,student
105,5877,student
105,5878,student
105,5879,student
105,5880,student
105,5881,student
105,5882,student
105,5883,student
105,5884,student
105,5885,student
105,5886,student
105,5887,student
105,5888,student
105,5889,student
105,5890,student
105,5891,student
105,5892,student
105,5893,student
106,5894,instructor
106,5895,student
106,5896,student
106,5897,student
106,5898,student
106,5899,student
106,5900,student
106,5901,student
106,5902,student
106,5903,student
106,5904,student
106,5905,student
106,5906,student
106,5907,student
106,5908,student
106,5909,student
106,5910,student
106,5911,student
106,5912,student
106,5913,student
106,5914,student
106,5915,student
106,5916,student
106,5917,student
106,5918,student
106,5919,student
106,5920,student
106,5921,student
106,5922,student
106,5923,student
106,5924,student
106,5925,student
106,5926,student
106,5927,student
106,5928,student
106,5929,student
106,5930,student
106,5931,student
106,5932,student
106,5933,student
106,5934,student
106,5935,student
106,5936,student
106,5937,student
106,5938,student
106,5939,student
106,5940,student
106,5941,student
106,5942,student
106,5943,student
106,5944,student
106,5945,student
106,5946,student
106,5947,student
106,5948,student
106,5949,student
106,5950,student
106,5951,student
106,5952,student
106,5953,student
106,5954,student
106,5955,student
107,5956,instructor
107,5957,student
107,5958,student
107,5959,student
107,5960,student
107,5961,student
107,5962,student
107,5963,student
107,5964,student
107,5965,student
107,5966,student
107,5967,student
107,5968,student
107,5969,student
107,5970,student
107,5971,student
107,5972,student
107,5973,student
107,5974,student
107,5975,student
107,5976,student
107,5977,student
107,5978,student
107,5979,student
107,5980,student
107,5981,student
107,5982,student
107,5983,student
107,5984,student
107,5985,student
107,5986,student
107,5987,student
107,5988,student
107,5989,student
107,5990,student
107,5991,student
107,5992,student
107,5993,student
107,5994,student
107,5995,student
107,5996,student
107,5997,student
107,5998,student
107,5999,student
107,6000,student
107,6001,student
107,6002,student
107,6003,student
107,6004,student
107,6005,student
107,6006,student
107,6007,student
107,6008,student
107,6009,student
107,6010,student
107,6011,student
107,6012,student
107,6013,student
107,6014,student
107,6015,student
107,6016,student
107,6017,student
107,6018,student
107,6019,student
107,6020,student
107,6021,student
107,6022,student
107,6023,student
108,6024,instructor
108,6025,student
108,6026,student
108,6027,student
108,6028,student
108,6029,student
108,6030,student
108,6031,student
108,6032,student
108,6033,student
108,6034,student
108,6035,student
108,6036,student
108,6037,student
108,6038,student
108,6039,student
108,6040,student
108,6041,student
108,6042,student
108,6043,student
108,6044,student
108,6045,student
108,6046,student
108,6047,student
108,6048,student
108,6049,student
108,6050,student
108,6051,student
108,6052,student
108,6053,student
108,6054,student
108,6055,student
108,6056,student
108,6057,student
108,6058,student
108,6059,student
108,6060,student
108,6061,student
108,6062,student
108,6063,student
108,6064,student
108,6065,student
108,6066,student
108,6067,student
108,6068,student
108,6069,student
108,6070,student
108,6071,student
108,6072,student
108,6073,student
108,6074,student
108,6075,student
108,6076,student
108,6077,student
108,6078,student
108,6079,student
108,6080,student
108,6081,student
108,6082,student
108,6083,student
108,6084,student
108,6085,student
108,6086,student
108,6087,student
108,6088,student
109,6089,instructor
109,6090,student
109,6091,student
109,6092,student
109,6093,student
109,6094,student
109,6095,student
109,6096,student
109,6097,student
109,6098,student
109,6099,student
109,6100,student
109,6101,student
109,6102,student
109,6103,student
109,6104,student
109,6105,student
109,6106,student
109,6107,student
109,6108,student
109,6109,student
109,6110,student
109,6111,student
109,6112,student
109,6113,student
109,6114,student
109,6115,student
109,6116,student
109,6117,student
109,6118,student
109,6119,student
109,6120,student
109,6121,student
109,6122,student
109,6123,student
109,6124,student
109,6125,student
109,6126,student
109,6127,student
109,6128,student
109,6129,student
110,6130,instructor
110,6131,student
110,6132,student
110,6133,student
110,6134,student
110,6135,student
110,6136,student
110,6137,student
110,6138,student
110,6139,student
110,6140,student
110,6141,student
110,6142,student
110,6143,student
110,6144,student
110,6145,student
110,6146,student
110,6147,student
110,6148,student
110,6149,student
110,6150,student
110,6151,student
110,6152,student
110,6153,student
110,6154,student
110,6155,student
110,6156,student
110,6157,student
110,6158,student
110,6159,student
110,6160,student
110,6161,student
110,6162,student
110,6163,student
110,6164,student
110,6165,student
110,6166,student
110,6167,student
110,6168,student
110,6169,student
110,6170,student
110,6171,student
110,6172,student
110,6173,student
111,6174,instructor
111,6175,student
111,6176,student
111,6177,student
111,6178,student
111,6179,student
111,6180,student
111,6181,student
111,6182,student
111,6183,student
111,6184,student
111,6185,student
111,6186,student
111,6187,student
111,6188,student
111,6189,student
111,6190,student
111,6191,student
111,6192,student
111,6193,student
111,6194,student
111,6195,student
111,6196,student
111,6197,student
111,6198,student
111,6199,student
111,6200,student
111,6201,student
111,6202,student
111,6203,student
111,6204,student
111,6205,student
111,6206,student
111,6207,student
111,6208,student
111,6209,student
111,6210,student
112,6211,instructor
112,6212,student
112,6213,student
112,6214,student
112,6215,student
112,6216,student
112,6217,student
112,6218,student
112,6219,student
112,6220,student
112,6221,student
112,6222,student
112,6223,student
112,6224,student
112,6225,student
112,6226,student
112,6227,student
112,6228,student
112,6229,student
112,6230,student
112,6231,student
112,6232,student
112,6233,student
112,6234,student
112,6235,student
112,6236,student
112,6237,student
112,6238,student
112,6239,student
112,6240,student
112,6241,student
112,6242,student
112,6243,student
112,6244,student
112,6245,student
112,6246,student
112,6247,student
112,6248,student
112,6249,student
112,6250,student
112,6251,student
112,6252,student
112,6253,student
112,6254,student
112,6255,student
112,6256,student
112,6257,student
112,6258,student
112,6259,student
112,6260,student
112,6261,student
112,6262,student
112,6263,student
112,6264,student
112,6265,student
112,6266,student
112,6267,student
112,6268,student
112,6269,student
113,6270,instructor
113,6271,student
113,6272,student
113,6273,student
113,6274,student
113,6275,student
113,6276,student
113,6277,student
113,6278,student
113,6279,student
113,6280,student
113,6281,student
113,6282,student
113,6283,student
113,6284,student
113,6285,student
113,6286,student
113,6287,student
113,6288,student
113,6289,student
113,6290,student
113,6291,student
113,6292,student
113,6293,student
113,6294,student
113,6295,student
113,6296,student
113,6297,student
113,6298,student
113,6299,student
113,6300,student
113,6301,student
113,6302,student
113,6303,student
113,6304,student
113,6305,student
113,6306,student
113,6307,student
113,6308,student
113,6309,student
113,6310,student
113,6311,student
113,6312,student
113,6313,student
113,6314,student
113,6315,student
113,6316,student
113,6317,student
114,6318,instructor
114,6319,student
114,6320,student
114,6321,student
114,6322,student
114,6323,student
114,6324,student
114,6325,student
114,6326,student
114,6327,student
114,6328,student
114,6329,student
114,6330,student
114,6331,student
114,6332,student
114,6333,student
114,6334,student
114,6335,student
114,6336,student
114,6337,student
114,6338,student
114,6339,student
114,6340,student
114,6341,student
114,6342,student
114,6343,student
114,6344,student
114,6345,student
114,6346,student
114,6347,student
114,6348,student
114,6349,student
114,6350,student
114,6351,student
114,6352,student
114,6353,student
114,6354,student
114,6355,student
114,6356,student
114,6357,student
114,6358,student
114,6359,student
114,6360,student
114,6361,student
114,6362,student
114,6363,student
114,6364,student
114,6365,student
114,6366,student
114,6367,student
114,6368,student
114,6369,student
114,6370,student
114,6371,student
114,6372,student
114,6373,student
114,6374,student
114,6375,student
114,6376,student
114,6377,student
114,6378,student
114,6379,student
114,6380,student
114,6381,student
114,6382,student
114,6383,student
114,6384,student
114,6385,student
114,6386,student
114,6387,student
114,6388,student
114,6389,student
114,6390,student
114,6391,student
115,6392,instructor
115,6393,student
115,6394,student
115,6395,student
115,6396,student
115,6397,student
115,6398,student
115,6399,student
115,6400,student
115,6401,student
115,6402,student
115,6403,student
115,6404,student
115,6405,student
115,6406,student
115,6407,student
115,6408,student
115,6409,student
115,6410,student
115,6411,student
115,6412,student
115,6413,student
115,6414,student
115,6415,student
115,6416,student
115,6417,student
115,6418,student
115,6419,student
115,6420,student
115,6421,student
115,6422,student
115,6423,student
115,6424,student
115,6425,student
115,6426,student
115,6427,student
115,6428,student
115,6429,student
115,6430,student
116,6431,instructor
116,6432,student
116,6433,student
116,6434,student
116,6435,student
116,6436,student
116,6437,student
116,6438,student
116,6439,student
116,6440,student
116,6441,student
116,6442,student
116,6443,student
116,6444,student
116,6445,student
116,6446,student
116,6447,student
116,6448,student
116,6449,student
116,6450,student
116,6451,student
116,6452,student
116,6453,student
116,6454,student
116,6455,student
116,6456,student
116,6457,student
116,6458,student
116,6459,student
116,6460,student
116,6461,student
116,6462,student
116,6463,student
116,6464,student
116,6465,student
116,6466,student
116,6467,student
116,6468,student
116,6469,student
116,6470,student
116,6471,student
116,6472,student
116,6473,student
116,6474,student
116,6475,student
116,6476,student
116,6477,student
116,6478,student
116,6479,student
116,6480,student
116,6481,student
116,6482,student
116,6483,student
116,6484,student
116,6485,student
116,6486,student
116,6487,student
116,6488,student
116,6489,student
116,6490,student
116,6491,student
116,6492,student
116,6493,student
116,6494,student
116,6495,student
116,6496,student
116,6497,student
116,6498,student
116,6499,student
116,6500,student
116,6501,student
116,6502,student
116,6503,student
116,6504,student
116,6505,student
116,6506,student
116,6507,student
116,6508,student
116,6509,student
117,6510,instructor
117,6511,student
117,6512,student
117,6513,student
117,6514,student
117,6515,student
117,6516,student
117,6517,student
117,6518,student
117,6519,student
117,6520,student
117,6521,student
117,6522,student
117,6523,student
117,6524,student
117,6525,student
117,6526,student
117,6527,student
117,6528,student
117,6529,student
117,6530,student
117,6531,student
117,6532,student
117,6533,student
117,6534,student
117,6535,student
117,6536,student
117,6537,student
117,6538,student
117,6539,student
117,6540,student
117,6541,student
117,6542,student
117,6543,student
117,6544,student
117,6545,student
117,6546,student
117,6547,student
117,6548,student
117,6549,student
117,6550,student
117,6551,student
117,6552,student
117,6553,student
117,6554,student
117,6555,student
117,6556,student
117,6557,student
117,6558,student
117,6559,student
117,6560,student
117,6561,student
117,6562,student
117,6563,student
117,6564,student
117,6565,student
117,6566,student
117,6567,student
117,6568,student
117,6569,student
117,6570,student
117,6571,student
117,6572,student
117,6573,student
117,6574,student
117,6575,student
117,6576,student
117,6577,student
117,6578,student
117,6579,student
118,6580,instructor
118,6581,student
118,6582,student
118,6583,student
118,6584,student
118,6585,student
118,6586,student
118,6587,student
118,6588,student
118,6589,student
118,6590,student
118,6591,student
118,6592,student
118,6593,student
118,6594,student
118,6595,student
118,6596,student
118,6597,student
118,6598,student
118,6599,student
118,6600,student
118,6601,student
118,6602,student
118,6603,student
118,6604,student
118,6605,student
118,6606,student
118,6607,student
118,6608,student
118,6609,student
118,6610,student
118,6611,student
118,6612,student
118,6613,student
118,6614,student
118,6615,student
118,6616,student
118,6617,student
118,6618,student
118,6619,student
118,6620,student
118,6621,student
118,6622,student
118,6623,student
118,6624,student
118,6625,student
118,6626,student
118,6627,student
118,6628,student
118,6629,student
118,6630,student
118,6631,student
118,6632,student
118,6633,student
118,6634,student
118,6635,student
118,6636,student
118,6637,student
118,6638,student
118,6639,student
118,6640,student
118,6641,student
119,6642,instructor
119,6643,student
119,6644,student
119,6645,student
119,6646,student
119,6647,student
119,6648,student
119,6649,student
119,6650,student
119,6651,student
119,6652,student
119,6653,student
119,6654,student
119,6655,student
119,6656,student
119,6657,student
119,6658,student
119,6659,student
119,6660,student
119,6661,student
119,6662,student
119,6663,student
119,6664,student
119,6665,student
119,6666,student
119,6667,student
119,6668,student
119,6669,student
119,6670,student
119,6671,student
119,6672,student
119,6673,student
119,6674,student
119,6675,student
119,6676,student
119,6677,student
119,6678,student
119,6679,student
119,6680,student
119,6681,student
119,6682,student
119,6683,student
119,6684,student
119,6685,student
119,6686,student
119,6687,student
119,6688,student
119,6689,student
119,6690,student
119,6691,student
119,6692,student
119,6693,student
120,6694,instructor
120,6695,student
120,6696,student
120,6697,student
120,6698,student
120,6699,student
120,6700,student
120,6701,student
120,6702,student
120,6703,student
120,6704,student
120,6705,student
120,6706,student
120,6707,student
120,6708,student
120,6709,student
120,6710,student
120,6711,student
120,6712,student
120,6713,student
120,6714,student
120,6715,student
120,6716,student
120,6717,student
120,6718,student
120,6719,student
120,6720,student
120,6721,student
120,6722,student
120,6723,student
120,6724,student
120,6725,student
120,6726,student
120,6727,student
120,6728,student
120,6729,student
120,6730,student
120,6731,student
120,6732,student
120,6733,student
120,6734,student
120,6735,student
120,6736,student
120,6737,student
120,6738,student
120,6739,student
120,6740,student
120,6741,student
120,6742,student
120,6743,student
120,6744,student
120,6745,student
120,6746,student
120,6747,student
120,6748,student
120,6749,student
120,6750,student
120,6751,student
120,6752,student
120,6753,student
120,6754,student
120,6755,student
120,6756,student
120,6757,student
120,6758,student
120,6759,student
120,6760,student
120,6761,student
121,6762,instructor
121,6763,student
121,6764,student
121,6765,student
121,6766,student
121,6767,student
121,6768,student
121,6769,student
121,6770,student
121,6771,student
121,6772,student
121,6773,student
121,6774,student
121,6775,student
121,6776,student
121,6777,student
121,6778,student
121,6779,student
121,6780,student
121,6781,student
121,6782,student
121,6783,student
121,6784,student
121,6785,student
121,6786,student
121,6787,student
121,6788,student
121,6789,student
121,6790,student
121,6791,student
121,6792,student
121,6793,student
121,6794,student
121,6795,student
121,6796,student
121,6797,student
121,6798,student
121,6799,student
121,6800,student
121,6801,student
121,6802,student
121,6803,student
121,6804,student
121,6805,student
121,6806,student
121,6807,student
121,6808,student
121,6809,student
121,6810,student
121,6811,student
121,6812,student
121,6813,student
121,6814,student
122,6815,instructor
122,6816,student
122,6817,student
122,6818,student
122,6819,student
122,6820,student
122,6821,student
122,6822,student
122,6823,student
122,6824,student
122,6825,student
122,6826,student
122,6827,student
122,6828,student
122,6829,student
122,6830,student
122,6831,student
122,6832,student
122,6833,student
122,6834,student
122,6835,student
122,6836,student
122,6837,student
122,6838,student
122,6839,student
122,6840,student
122,6841,student
122,6842,student
122,6843,student
122,6844,student
122,6845,student
122,6846,student
122,6847,student
122,6848,student
122,6849,student
122,6850,student
122,6851,student
122,6852,student
122,6853,student
122,6854,student
122,6855,student
123,6856,instructor
123,6857,student
123,6858,student
123,6859,student
123,6860,student
123,6861,student
123,6862,student
123,6863,student
123,6864,student
123,6865,student
123,6866,student
123,6867,student
123,6868,student
123,6869,student
123,6870,student
123,6871,student
123,6872,student
123,6873,student
123,6874,student
123,6875,student
123,6876,student
123,6877,student
123,6878,student
123,6879,student
123,6880,student
123,6881,student
123,6882,student
123,6883,student
123,6884,student
123,6885,student
123,6886,student
123,6887,student
123,6888,student
123,6889,student
123,6890,student
123,6891,student
123,6892,student
123,6893,student
123,6894,student
123,6895,student
123,6896,student
123,6897,student
123,6898,student
123,6899,student
123,6900,student
123,6901,student
123,6902,student
123,6903,student
123,6904,student
123,6905,student
123,6906,student
123,6907,student
123,6908,student
124,6909,instructor
124,6910,student
124,6911,student
124,6912,student
124,6913,student
124,6914,student
124,6915,student
124,6916,student
124,6917,student
124,6918,student
124,6919,student
124,6920,student
124,6921,student
124,6922,student
124,6923,student
124,6924,student
124,6925,student
124,6926,student
124,6927,student
124,6928,student
124,6929,student
124,6930,student
124,6931,student
124,6932,student
124,6933,student
124,6934,student
124,6935,student
124,6936,student
124,6937,student
124,6938,student
124,6939,student
124,6940,student
124,6941,student
124,6942,student
124,6943,student
124,6944,student
124,6945,student
124,6946,student
124,6947,student
124,6948,student
125,6949,instructor
125,6950,student
125,6951,student
125,6952,student
125,6953,student
125,6954,student
125,6955,student
125,6956,student
125,6957,student
125,6958,student
125,6959,student
125,6960,student
125,6961,student
125,6962,student
125,6963,student
125,6964,student
125,6965,student
125,6966,student
125,6967,student
125,6968,student
125,6969,student
125,6970,student
125,6971,student
125,6972,student
125,6973,student
125,6974,student
125,6975,student
125,6976,student
125,6977,student
125,6978,student
125,6979,student
125,6980,student
125,6981,student
125,6982,student
125,6983,student
125,6984,student
125,6985,student
125,6986,student
125,6987,student
125,6988,student
126,6989,instructor
126,6990,student
126,6991,student
126,6992,student
126,6993,student
126,6994,student
126,6995,student
126,6996,student
126,6997,student
126,6998,student
126,6999,student
126,7000,student
126,7001,student
126,7002,student
126,7003,student
126,7004,student
126,7005,student
126,7006,student
126,7007,student
126,7008,student
126,7009,student
126,7010,student
126,7011,student
126,7012,student
126,7013,student
126,7014,student
126,7015,student
126,7016,student
126,7017,student
126,7018,student
126,7019,student
126,7020,student
126,7021,student
126,7022,student
126,7023,student
126,7024,student
126,7025,student
126,7026,student
126,7027,student
126,7028,student
126,7029,student
126,7030,student
126,7031,student
126,7032,student
126,7033,student
126,7034,student
126,7035,student
126,7036,student
126,7037,student
126,7038,student
126,7039,student
126,7040,student
126,7041,student
126,7042,student
126,7043,student
126,7044,student
126,7045,student
126,7046,student
126,7047,student
126,7048,student
126,7049,student
126,7050,student
126,7051,student
126,7052,student
126,7053,student
126,7054,student
126,7055,student
126,7056,student
126,7057,student
126,7058,student
126,7059,student
126,7060,student
127,7061,instructor
127,7062,student
127,7063,student
127,7064,student
127,7065,student
127,7066,student
127,7067,student
127,7068,student
127,7069,student
127,7070,student
127,7071,student
127,7072,student
127,7073,student
127,7074,student
127,7075,student
127,7076,student
127,7077,student
127,7078,student
127,7079,student
127,7080,student
127,7081,student
127,7082,student
127,7083,student
127,7084,student
127,7085,student
127,7086,student
127,7087,student
127,7088,student
127,7089,student
127,7090,student
127,7091,student
127,7092,student
127,7093,student
127,7094,student
127,7095,student
127,7096,student
127,7097,student
127,7098,student
127,7099,student
127,7100,student
127,7101,student
127,7102,student
127,7103,student
127,7104,student
127,7105,student
127,7106,student
127,7107,student
127,7108,student
127,7109,student
127,7110,student
127,7111,student
127,7112,student
127,7113,student
127,7114,student
127,7115,student
127,7116,student
127,7117,student
127,7118,student
127,7119,student
127,7120,student
127,7121,student
127,7122,student
127,7123,student
128,7124,instructor
128,7125,student
128,7126,student
128,7127,student
128,7128,student
128,7129,student
128,7130,student
128,7131,student
128,7132,student
128,7133,student
128,7134,student
128,7135,student
128,7136,student
128,7137,student
128,7138,student
128,7139,student
128,7140,student
128,7141,student
128,7142,student
128,7143,student
128,7144,student
128,7145,student
128,7146,student
128,7147,student
128,7148,student
128,7149,student
128,7150,student
128,7151,student
128,7152,student
128,7153,student
128,7154,student
128,7155,student
128,7156,student
128,7157,student
128,7158,student
128,7159,student
128,7160,student
128,7161,student
128,7162,student
128,7163,student
128,7164,student
128,7165,student
128,7166,student
128,7167,student
128,7168,student
128,7169,student
128,7170,student
128,7171,student
128,7172,student
128,7173,student
128,7174,student
128,7175,student
128,7176,student
128,7177,student
128,7178,student
128,7179,student
128,7180,student
128,7181,student
128,7182,student
128,7183,student
128,7184,student
128,7185,student
128,7186,student
128,7187,student
128,7188,student
128,7189,student
128,7190,student
128,7191,student
128,7192,student
128,7193,student
128,7194,student
129,7195,instructor
129,7196,student
129,7197,student
129,7198,student
129,7199,student
129,7200,student
129,7201,student
129,7202,student
129,7203,student
129,7204,student
129,7205,student
129,7206,student
129,7207,student
129,7208,student
129,7209,student
129,7210,student
129,7211,student
129,7212,student
129,7213,student
129,7214,student
129,7215,student
129,7216,student
129,7217,student
129,7218,student
129,7219,student
129,7220,student
129,7221,student
129,7222,student
129,7223,student
129,7224,student
129,7225,student
129,7226,student
129,7227,student
129,7228,student
129,7229,student
129,7230,student
129,7231,student
129,7232,student
129,7233,student
129,7234,student
129,7235,student
129,7236,student
129,7237,student
129,7238,student
129,7239,student
129,7240,student
129,7241,student
129,7242,student
129,7243,student
129,7244,student
129,7245,student
129,7246,student
129,7247,student
129,7248,student
129,7249,student
129,7250,student
129,7251,student
129,7252,student
129,7253,student
129,7254,student
129,7255,student
129,7256,student
130,7257,instructor
130,7258,student
130,7259,student
130,7260,student
130,7261,student
130,7262,student
130,7263,student
130,7264,student
130,7265,student
130,7266,student
130,7267,student
130,7268,student
130,7269,student
130,7270,student
130,7271,student
130,7272,student
130,7273,student
130,7274,student
130,7275,student
130,7276,student
130,7277,student
130,7278,student
130,7279,student
130,7280,student
130,7281,student
130,7282,student
130,7283,student
130,7284,student
130,7285,student
130,7286,student
130,7287,student
130,7288,student
130,7289,student
130,7290,student
130,7291,student
130,7292,student
130,7293,student
130,7294,student
130,7295,student
130,7296,student
130,7297,student
130,7298,student
130,7299,student
130,7300,student
130,7301,student
130,7302,student
130,7303,student
130,7304,student
130,7305,student
130,7306,student
130,7307,student
130,7308,student
130,7309,student
130,7310,student
130,7311,student
130,7312,student
130,7313,student
130,7314,student
130,7315,student
130,7316,student
130,7317,student
130,7318,student
130,7319,student
131,7320,instructor
131,7321,student
131,7322,student
131,7323,student
131,7324,student
131,7325,student
131,7326,student
131,7327,student
131,7328,student
131,7329,student
131,7330,student
131,7331,student
131,7332,student
131,7333,student
131,7334,student
131,7335,student
131,7336,student
131,7337,student
131,7338,student
131,7339,student
131,7340,student
131,7341,student
131,7342,student
131,7343,student
131,7344,student
131,7345,student
131,7346,student
131,7347,student
131,7348,student
131,7349,student
131,7350,student
132,7351,instructor
132,7352,student
132,7353,student
132,7354,student
132,7355,student
132,7356,student
132,7357,student
132,7358,student
132,7359,student
132,7360,student
132,7361,student
132,7362,student
132,7363,student
132,7364,student
132,7365,student
132,7366,student
132,7367,student
132,7368,student
132,7369,student
132,7370,student
132,7371,student
132,7372,student
132,7373,student
132,7374,student
132,7375,student
132,7376,student
132,7377,student
132,7378,student
132,7379,student
132,7380,student
132,7381,student
132,7382,student
132,7383,student
132,7384,student
132,7385,student
132,7386,student
132,7387,student
132,7388,student
132,7389,student
132,7390,student
132,7391,student
132,7392,student
132,7393,student
132,7394,student
132,7395,student
132,7396,student
132,7397,student
132,7398,student
132,7399,student
132,7400,student
132,7401,student
132,7402,student
132,7403,student
132,7404,student
132,7405,student
132,7406,student
132,7407,student
132,7408,student
132,7409,student
132,7410,student
132,7411,student
132,7412,student
132,7413,student
132,7414,student
132,7415,student
132,7416,student
132,7417,student
132,7418,student
132,7419,student
132,7420,student
132,7421,student
132,7422,student
132,7423,student
132,7424,student
132,7425,student
132,7426,student
132,7427,student
133,7428,instructor
133,7429,student
133,7430,student
133,7431,student
133,7432,student
133,7433,student
133,7434,student
133,7435,student
133,7436,student
133,7437,student
133,7438,student
133,7439,student
133,7440,student
133,7441,student
133,7442,student
133,7443,student
133,7444,student
133,7445,student
133,7446,student
133,7447,student
133,7448,student
133,7449,student
133,7450,student
133,7451,student
133,7452,student
133,7453,student
133,7454,student
133,7455,student
133,7456,student
133,7457,student
133,7458,student
133,7459,student
133,7460,student
133,7461,student
133,7462,student
133,7463,student
133,7464,student
133,7465,student
133,7466,student
133,7467,student
133,7468,student
133,7469,student
133,7470,student
133,7471,student
133,7472,student
133,7473,student
133,7474,student
133,7475,student
133,7476,student
133,7477,student
133,7478,student
133,7479,student
133,7480,student
133,7481,student
133,7482,student
133,7483,student
133,7484,student
133,7485,student
133,7486,student
133,7487,student
133,7488,student
133,7489,student
133,7490,student
133,7491,student
133,7492,student
133,7493,student
133,7494,student
133,7495,student
134,7496,instructor
134,7497,student
134,7498,student
134,7499,student
134,7500,student
134,7501,student
134,7502,student
134,7503,student
134,7504,student
134,7505,student
134,7506,student
134,7507,student
134,7508,student
134,7509,student
134,7510,student
134,7511,student
134,7512,student
134,7513,student
134,7514,student
134,7515,student
134,7516,student
134,7517,student
134,7518,student
134,7519,student
134,7520,student
134,7521,student
134,7522,student
134,7523,student
134,7524,student
134,7525,student
134,7526,student
134,7527,student
134,7528,student
134,7529,student
134,7530,student
134,7531,student
134,7532,student
134,7533,student
134,7534,student
134,7535,student
134,7536,student
134,7537,student
134,7538,student
134,7539,student
134,7540,student
134,7541,student
134,7542,student
134,7543,student
134,7544,student
134,7545,student
134,7546,student
134,7547,student
134,7548,student
134,7549,student
134,7550,student
134,7551,student
134,7552,student
134,7553,student
134,7554,student
134,7555,student
134,7556,student
134,7557,student
134,7558,student
134,7559,student
134,7560,student
134,7561,student
134,7562,student
134,7563,student
134,7564,student
135,7565,instructor
135,7566,student
135,7567,student
135,7568,student
135,7569,student
135,7570,student
135,7571,student
135,7572,student
135,7573,student
135,7574,student
135,7575,student
135,7576,student
135,7577,student
135,7578,student
135,7579,student
135,7580,student
135,7581,student
135,7582,student
135,7583,student
135,7584,student
135,7585,student
135,7586,student
135,7587,student
135,7588,student
135,7589,student
135,7590,student
135,7591,student
135,7592,student
135,7593,student
135,7594,student
135,7595,student
135,7596,student
135,7597,student
135,7598,student
135,7599,student
135,7600,student
135,7601,student
135,7602,student
135,7603,student
135,7604,student
135,7605,student
135,7606,student
135,7607,student
135,7608,student
135,7609,student
135,7610,student
135,7611,student
135,7612,student
135,7613,student
135,7614,student
135,7615,student
135,7616,student
135,7617,student
135,7618,student
135,7619,student
136,7620,instructor
136,7621,student
136,7622,student
136,7623,student
136,7624,student
136,7625,student
136,7626,student
136,7627,student
136,7628,student
136,7629,student
136,7630,student
136,7631,student
136,7632,student
136,7633,student
136,7634,student
136,7635,student
136,7636,student
136,7637,student
136,7638,student
136,7639,student
136,7640,student
136,7641,student
136,7642,student
136,7643,student
136,7644,student
136,7645,student
136,7646,student
136,7647,student
136,7648,student
136,7649,student
136,7650,student
136,7651,student
136,7652,student
136,7653,student
136,7654,student
136,7655,student
136,7656,student
136,7657,student
136,7658,student
136,7659,student
136,7660,student
136,7661,student
136,7662,student
136,7663,student
136,7664,student
136,7665,student
136,7666,student
136,7667,student
136,7668,student
136,7669,student
136,7670,student
136,7671,student
136,7672,student
136,7673,student
136,7674,student
136,7675,student
136,7676,student
137,7677,instructor
137,7678,student
137,7679,student
137,7680,student
137,7681,student
137,7682,student
137,7683,student
137,7684,student
137,7685,student
137,7686,student
137,7687,student
137,7688,student
137,7689,student
137,7690,student
137,7691,student
137,7692,student
137,7693,student
137,7694,student
137,7695,student
137,7696,student
137,7697,student
137,7698,student
137,7699,student
137,7700,student
137,7701,student
137,7702,student
137,7703,student
137,7704,student
137,7705,student
137,7706,student
137,7707,student
137,7708,student
137,7709,student
137,7710,student
137,7711,student
137,7712,student
137,7713,student
137,7714,student
137,7715,student
137,7716,student
137,7717,student
137,7718,student
137,7719,student
137,7720,student
137,7721,student
137,7722,student
137,7723,student
137,7724,student
137,7725,student
137,7726,student
137,7727,student
137,7728,student
137,7729,student
137,7730,student
137,7731,student
137,7732,student
137,7733,student
137,7734,student
137,7735,student
137,7736,student
137,7737,student
137,7738,student
137,7739,student
137,7740,student
137,7741,student
137,7742,student
137,7743,student
137,7744,student
137,7745,student
137,7746,student
137,7747,student
137,7748,student
137,7749,student
137,7750,student
137,7751,student
137,7752,student
137,7753,student
138,7754,instructor
138,7755,student
138,7756,student
138,7757,student
138,7758,student
138,7759,student
138,7760,student
138,7761,student
138,7762,student
138,7763,student
138,7764,student
138,7765,student
138,7766,student
138,7767,student
138,7768,student
138,7769,student
138,7770,student
138,7771,student
138,7772,student
138,7773,student
138,7774,student
138,7775,student
138,7776,student
138,7777,student
138,7778,student
138,7779,student
138,7780,student
138,7781,student
138,7782,student
138,7783,student
138,7784,student
138,7785,student
138,7786,student
138,7787,student
138,7788,student
138,7789,student
138,7790,student
138,7791,student
138,7792,student
138,7793,student
138,7794,student
138,7795,student
138,7796,student
138,7797,student
138,7798,student
138,7799,student
138,7800,student
138,7801,student
138,7802,student
138,7803,student
138,7804,student
138,7805,student
138,7806,student
138,7807,student
138,7808,student
138,7809,student
138,7810,student
138,7811,student
138,7812,student
138,7813,student
138,7814,student
138,7815,student
138,7816,student
138,7817,student
138,7818,student
138,7819,student
138,7820,student
138,7821,student
138,7822,student
138,7823,student
139,7824,instructor
139,7825,student
139,7826,student
139,7827,student
139,7828,student
139,7829,student
139,7830,student
139,7831,student
139,7832,student
139,7833,student
139,7834,student
139,7835,student
139,7836,student
139,7837,student
139,7838,student
139,7839,student
139,7840,student
139,7841,student
139,7842,student
139,7843,student
139,7844,student
139,7845,student
139,7846,student
139,7847,student
139,7848,student
139,7849,student
139,7850,student
139,7851,student
139,7852,student
139,7853,student
139,7854,student
139,7855,student
139,7856,student
139,7857,student
139,7858,student
139,7859,student
139,7860,student
139,7861,student
139,7862,student
139,7863,student
139,7864,student
139,7865,student
139,7866,student
139,7867,student
139,7868,student
139,7869,student
139,7870,student
139,7871,student
139,7872,student
139,7873,student
139,7874,student
139,7875,student
139,7876,student
139,7877,student
139,7878,student
139,7879,student
139,7880,student
139,7881,student
139,7882,student
139,7883,student
139,7884,student
139,7885,student
139,7886,student
139,7887,student
139,7888,student
139,7889,student
139,7890,student
139,7891,student
139,7892,student
139,7893,student
139,7894,student
139,7895,student
139,7896,student
139,7897,student
139,7898,student
139,7899,student
139,7900,student
139,7901,student
140,7902,instructor
140,7903,student
140,7904,student
140,7905,student
140,7906,student
140,7907,student
140,7908,student
140,7909,student
140,7910,student
140,7911,student
140,7912,student
140,7913,student
140,7914,student
140,7915,student
140,7916,student
140,7917,student
140,7918,student
140,7919,student
140,7920,student
140,7921,student
140,7922,student
140,7923,student
140,7924,student
140,7925,student
140,7926,student
140,7927,student
140,7928,student
140,7929,student
140,7930,student
140,7931,student
140,7932,student
140,7933,student
140,7934,student
140,7935,student
140,7936,student
140,7937,student
140,7938,student
140,7939,student
140,7940,student
140,7941,student
140,7942,student
140,7943,student
140,7944,student
140,7945,student
140,7946,student
140,7947,student
140,7948,student
140,7949,student
140,7950,student
140,7951,student
140,7952,student
140,7953,student
140,7954,student
140,7955,student
140,7956,student
140,7957,student
140,7958,student
140,7959,student
140,7960,student
140,7961,student
140,7962,student
141,7963,instructor
141,7964,student
141,7965,student
141,7966,student
141,7967,student
141,7968,student
141,7969,student
141,7970,student
141,7971,student
141,7972,student
141,7973,student
141,7974,student
141,7975,student
141,7976,student
141,7977,student
141,7978,student
141,7979,student
141,7980,student
141,7981,student
141,7982,student
141,7983,student
141,7984,student
141,7985,student
141,7986,student
141,7987,student
141,7988,student
141,7989,student
141,7990,student
141,7991,student
141,7992,student
141,7993,student
141,7994,student
141,7995,student
141,7996,student
141,7997,student
141,7998,student
141,7999,student
141,8000,student
141,8001,student
141,8002,student
141,8003,student
141,8004,student
141,8005,student
141,8006,student
141,8007,student
141,8008,student
141,8009,student
141,8010,student
141,8011,student
141,8012,student
141,8013,student
141,8014,student
141,8015,student
141,8016,student
141,8017,student
141,8018,student
141,8019,student
141,8020,student
142,8021,instructor
142,8022,student
142,8023,student
142,8024,student
142,8025,student
142,8026,student
142,8027,student
142,8028,student
142,8029,student
142,8030,student
142,8031,student
142,8032,student
142,8033,student
142,8034,student
142,8035,student
142,8036,student
142,8037,student
142,8038,student
142,8039,student
142,8040,student
142,8041,student
142,8042,student
142,8043,student
142,8044,student
142,8045,student
142,8046,student
142,8047,student
142,8048,student
142,8049,student
142,8050,student
142,8051,student
142,8052,student
142,8053,student
142,8054,student
142,8055,student
142,8056,student
142,8057,student
142,8058,student
142,8059,student
142,8060,student
142,8061,student
142,8062,student
142,8063,student
142,8064,student
142,8065,student
142,8066,student
142,8067,student
142,8068,student
142,8069,student
142,8070,student
142,8071,student
142,8072,student
142,8073,student
142,8074,student
142,8075,student
142,8076,student
142,8077,student
142,8078,student
142,8079,student
142,8080,student
142,8081,student
142,8082,student
142,8083,student
142,8084,student
142,8085,student
142,8086,student
142,8087,student
142,8088,student
142,8089,student
142,8090,student
142,8091,student
142,8092,student
142,8093,student
142,8094,student
142,8095,student
142,8096,student
142,8097,student
142,8098,student
142,8099,student
143,8100,instructor
143,8101,student
143,8102,student
143,8103,student
143,8104,student
143,8105,student
143,8106,student
143,8107,student
143,8108,student
143,8109,student
143,8110,student
143,8111,student
143,8112,student
143,8113,student
143,8114,student
143,8115,student
143,8116,student
143,8117,student
143,8118,student
143,8119,student
143,8120,student
143,8121,student
143,8122,student
143,8123,student
143,8124,student
143,8125,student
143,8126,student
143,8127,student
143,8128,student
143,8129,student
143,8130,student
143,8131,student
143,8132,student
143,8133,student
143,8134,student
143,8135,student
143,8136,student
143,8137,student
143,8138,student
143,8139,student
143,8140,student
143,8141,student
143,8142,student
143,8143,student
143,8144,student
143,8145,student
143,8146,student
143,8147,student
143,8148,student
143,8149,student
143,8150,student
143,8151,student
143,8152,student
143,8153,student
143,8154,student
143,8155,student
143,8156,student
143,8157,student
143,8158,student
143,8159,student
143,8160,student
143,8161,student
143,8162,student
143,8163,student
143,8164,student
143,8165,student
143,8166,student
143,8167,student
143,8168,student
144,8169,instructor
144,8170,student
144,8171,student
144,8172,student
144,8173,student
144,8174,student
144,8175,student
144,8176,student
144,8177,student
144,8178,student
144,8179,student
144,8180,student
144,8181,student
144,8182,student
144,8183,student
144,8184,student
144,8185,student
144,8186,student
144,8187,student
144,8188,student
144,8189,student
144,8190,student
144,8191,student
144,8192,student
144,8193,student
144,8194,student
144,8195,student
144,8196,student
144,8197,student
144,8198,student
144,8199,student
144,8200,student
144,8201,student
144,8202,student
144,8203,student
144,8204,student
144,8205,student
144,8206,student
144,8207,student
144,8208,student
144,8209,student
144,8210,student
144,8211,student
144,8212,student
144,8213,student
144,8214,student
144,8215,student
144,8216,student
144,8217,student
144,8218,student
144,8219,student
144,8220,student
144,8221,student
144,8222,student
144,8223,student
144,8224,student
144,8225,student
144,8226,student
144,8227,student
144,8228,student
144,8229,student
144,8230,student
144,8231,student
144,8232,student
144,8233,student
144,8234,student
144,8235,student
144,8236,student
145,8237,instructor
145,8238,student
145,8239,student
145,8240,student
145,8241,student
145,8242,student
145,8243,student
145,8244,student
145,8245,student
145,8246,student
145,8247,student
145,8248,student
145,8249,student
145,8250,student
145,8251,student
145,8252,student
145,8253,student
145,8254,student
145,8255,student
145,8256,student
145,8257,student
145,8258,student
145,8259,student
145,8260,student
145,8261,student
145,8262,student
145,8263,student
145,8264,student
145,8265,student
145,8266,student
145,8267,student
145,8268,student
145,8269,student
145,8270,student
145,8271,student
145,8272,student
145,8273,student
145,8274,student
145,8275,student
145,8276,student
145,8277,student
145,8278,student
145,8279,student
145,8280,student
145,8281,student
145,8282,student
145,8283,student
145,8284,student
145,8285,student
145,8286,student
145,8287,student
145,8288,student
145,8289,student
145,8290,student
145,8291,student
145,8292,student
145,8293,student
145,8294,student
145,8295,student
145,8296,student
145,8297,student
145,8298,student
145,8299,student
145,8300,student
145,8301,student
145,8302,student
145,8303,student
145,8304,student
145,8305,student
145,8306,student
146,8307,instructor
146,8308,student
146,8309,student
146,8310,student
146,8311,student
146,8312,student
146,8313,student
146,8314,student
146,8315,student
146,8316,student
146,8317,student
146,8318,student
146,8319,student
146,8320,student
146,8321,student
146,8322,student
146,8323,student
146,8324,student
146,8325,student
146,8326,student
146,8327,student
146,8328,student
146,8329,student
146,8330,student
146,8331,student
146,8332,student
146,8333,student
146,8334,student
146,8335,student
146,8336,student
146,8337,student
146,8338,student
146,8339,student
146,8340,student
146,8341,student
146,8342,student
146,8343,student
146,8344,student
147,8345,instructor
147,8346,student
147,8347,student
147,8348,student
147,8349,student
147,8350,student
147,8351,student
147,8352,student
147,8353,student
147,8354,student
147,8355,student
147,8356,student
147,8357,student
147,8358,student
147,8359,student
147,8360,student
147,8361,student
147,8362,student
147,8363,student
147,8364,student
147,8365,student
147,8366,student
147,8367,student
147,8368,student
147,8369,student
147,8370,student
147,8371,student
147,8372,student
147,8373,student
147,8374,student
147,8375,student
147,8376,student
147,8377,student
147,8378,student
147,8379,student
147,8380,student
147,8381,student
147,8382,student
147,8383,student
147,8384,student
147,8385,student
147,8386,student
147,8387,student
147,8388,student
147,8389,student
147,8390,student
147,8391,student
147,8392,student
147,8393,student
147,8394,student
147,8395,student
147,8396,student
147,8397,student
147,8398,student
147,8399,student
147,8400,student
147,8401,student
148,8402,instructor
148,8403,student
148,8404,student
148,8405,student
148,8406,student
148,8407,student
148,8408,student
148,8409,student
148,8410,student
148,8411,student
148,8412,student
148,8413,student
148,8414,student
148,8415,student
148,8416,student
148,8417,student
148,8418,student
148,8419,student
148,8420,student
148,8421,student
148,8422,student
148,8423,student
148,8424,student
148,8425,student
148,8426,student
148,8427,student
148,8428,student
148,8429,student
148,8430,student
148,8431,student
148,8432,student
148,8433,student
148,8434,student
148,8435,student
148,8436,student
148,8437,student
148,8438,student
148,8439,student
148,8440,student
148,8441,student
148,8442,student
148,8443,student
148,8444,student
148,8445,student
148,8446,student
148,8447,student
148,8448,student
148,8449,student
148,8450,student
148,8451,student
148,8452,student
148,8453,student
148,8454,student
148,8455,student
148,8456,student
148,8457,student
148,8458,student
148,8459,student
148,8460,student
148,8461,student
148,8462,student
148,8463,student
148,8464,student
148,8465,student
148,8466,student
148,8467,student
148,8468,student
148,8469,student
148,8470,student
148,8471,student
148,8472,student
148,8473,student
148,8474,student
148,8475,student
148,8476,student
149,8477,instructor
149,8478,student
149,8479,student
149,8480,student
149,8481,student
149,8482,student
149,8483,student
149,8484,student
149,8485,student
149,8486,student
149,8487,student
149,8488,student
149,8489,student
149,8490,student
149,8491,student
149,8492,student
149,8493,student
149,8494,student
149,8495,student
149,8496,student
149,8497,student
149,8498,student
149,8499,student
149,8500,student
149,8501,student
149,8502,student
149,8503,student
149,8504,student
149,8505,student
149,8506,student
149,8507,student
149,8508,student
149,8509,student
149,8510,student
149,8511,student
149,8512,student
149,8513,student
149,8514,student
149,8515,student
150,8516,instructor
150,8517,student
150,8518,student
150,8519,student
150,8520,student
150,8521,student
150,8522,student
150,8523,student
150,8524,student
150,8525,student
150,8526,student
150,8527,student
150,8528,student
150,8529,student
150,8530,student
150,8531,student
150,8532,student
150,8533,student
150,8534,student
150,8535,student
150,8536,student
150,8537,student
150,8538,student
150,8539,student
150,8540,student
150,8541,student
150,8542,student
150,8543,student
150,8544,student
150,8545,student
150,8546,student
150,8547,student
150,8548,student
150,8549,student
150,8550,student
150,8551,student
150,8552,student
150,8553,student
150,8554,student
150,8555,student
150,8556,student
150,8557,student
150,8558,student
150,8559,student
150,8560,student
150,8561,student
150,8562,student
150,8563,student
150,8564,student
150,8565,student
150,8566,student
150,8567,student
150,8568,student
150,8569,student
150,8570,student
150,8571,student
150,8572,student
150,8573,student
150,8574,student
150,8575,student
150,8576,student
150,8577,student
150,8578,student
150,8579,student
150,8580,student
150,8581,student
150,8582,student
150,8583,student
150,8584,student
150,8585,student
150,8586,student
150,8587,student
150,8588,student
150,8589,student
150,8590,student
150,8591,student
150,8592,student
150,8593,student
150,8594,student
