id,full_name,email,role
1,Jordan Rivera,jordan.rivera.1@example.edu,instructor
2,Taylor Rivera,taylor.rivera.2@example.edu,student
3,Morgan Rivera,morgan.rivera.3@example.edu,student
4,Riley Rivera,riley.rivera.4@example.edu,student
5,Casey Rivera,casey.rivera.5@example.edu,student
6,Quinn Rivera,quinn.rivera.6@example.edu,student
7,Jamie Rivera,jamie.rivera.7@example.edu,student
8,Avery Rivera,avery.rivera.8@example.edu,student
9,Dakota Rivera,dakota.rivera.9@example.edu,student
10,Rowan Rivera,rowan.rivera.10@example.edu,student
11,Skyler Rivera,skyler.rivera.11@example.edu,student
12,Parker Rivera,parker.rivera.12@example.edu,student
13,Reese Rivera,reese.rivera.13@example.edu,student
14,Kendall Rivera,kendall.rivera.14@example.edu,student
15,Hayden Rivera,hayden.rivera.15@example.edu,student
16,Emerson Rivera,emerson.rivera.16@example.edu,student
17,Finley Rivera,finley.rivera.17@example.edu,student
18,Logan Rivera,logan.rivera.18@example.edu,student
19,Micah Rivera,micah.rivera.19@example.edu,student
20,Alex Nguyen,alex.nguyen.20@example.edu,student
21,Jordan Nguyen,jordan.nguyen.21@example.edu,student
22,Taylor Nguyen,taylor.nguyen.22@example.edu,student
23,Morgan Nguyen,morgan.nguyen.23@example.edu,student
24,Riley Nguyen,riley.nguyen.24@example.edu,student
25,Casey Nguyen,casey.nguyen.25@example.edu,student
26,Quinn Nguyen,quinn.nguyen.26@example.edu,student
27,Jamie Nguyen,jamie.nguyen.27@example.edu,student
28,Avery Nguyen,avery.nguyen.28@example.edu,student
29,Dakota Nguyen,dakota.nguyen.29@example.edu,student
30,Rowan Nguyen,rowan.nguyen.30@example.edu,student
31,Skyler Nguyen,skyler.nguyen.31@example.edu,student
32,Parker Nguyen,parker.nguyen.32@example.edu,student
33,Reese Nguyen,reese.nguyen.33@example.edu,student
34,Kendall Nguyen,kendall.nguyen.34@example.edu,student
35,Hayden Nguyen,hayden.nguyen.35@example.edu,student
36,Emerson Nguyen,emerson.nguyen.36@example.edu,student
37,Finley Nguyen,finley.nguyen.37@example.edu,student
38,Logan Nguyen,logan.nguyen.38@example.edu,student
39,Micah Nguyen,micah.nguyen.39@example.edu,student
40,Alex Patel,alex.patel.40@example.edu,student
41,Jordan Patel,jordan.patel.41@example.edu,student
42,Taylor Patel,taylor.patel.42@example.edu,student
43,Morgan Patel,morgan.patel.43@example.edu,student
44,Riley Patel,riley.patel.44@example.edu,student
45,Casey Patel,casey.patel.45@example.edu,student
46,Quinn Patel,quinn.patel.46@example.edu,student
47,Jamie Patel,jamie.patel.47@example.edu,student
48,Avery Patel,avery.patel.48@example.edu,student
49,Dakota Patel,dakota.patel.49@example.edu,student
50,Rowan Patel,rowan.patel.50@example.edu,student
51,Skyler Patel,skyler.patel.51@example.edu,student
52,Parker Patel,parker.patel.52@example.edu,student
53,Reese Patel,reese.patel.53@example.edu,student
54,Kendall Patel,kendall.patel.54@example.edu,student
55,Hayden Patel,hayden.patel.55@example.edu,student
56,Emerson Patel,emerson.patel.56@example.edu,student
57,Finley Patel,finley.patel.57@example.edu,student
58,Logan Patel,logan.patel.58@example.edu,student
59,Micah Patel,micah.patel.59@example.edu,student
60,Alex Kim,alex.kim.60@example.edu,student
61,Jordan Kim,jordan.kim.61@example.edu,student
62,Taylor Kim,taylor.kim.62@example.edu,student
63,Morgan Kim,morgan.kim.63@example.edu,student
64,Riley Kim,riley.kim.64@example.edu,student
65,Casey Kim,casey.kim.65@example.edu,student
66,Quinn Kim,quinn.kim.66@example.edu,student
67,Jamie Kim,jamie.kim.67@example.edu,student
68,Avery Kim,avery.kim.68@example.edu,student
69,Dakota Kim,dakota.kim.69@example.edu,student
70,Rowan Kim,rowan.kim.70@example.edu,student
71,Skyler Kim,skyler.kim.71@example.edu,student
72,Parker Kim,parker.kim.72@example.edu,instructor
73,Reese Kim,reese.kim.73@example.edu,student
74,Kendall Kim,kendall.kim.74@example.edu,student
75,Hayden Kim,hayden.kim.75@example.edu,student
76,Emerson Kim,emerson.kim.76@example.edu,student
77,Finley Kim,finley.kim.77@example.edu,student
78,Logan Kim,logan.kim.78@example.edu,student
79,Micah Kim,micah.kim.79@example.edu,student
80,Alex Chen,alex.chen.80@example.edu,student
81,Jordan Chen,jordan.chen.81@example.edu,student
82,Taylor Chen,taylor.chen.82@example.edu,student
83,Morgan Chen,morgan.chen.83@example.edu,student
84,Riley Chen,riley.chen.84@example.edu,student
85,Casey Chen,casey.chen.85@example.edu,student
86,Quinn Chen,quinn.chen.86@example.edu,student
87,Jamie Chen,jamie.chen.87@example.edu,student
88,Avery Chen,avery.chen.88@example.edu,student
89,Dakota Chen,dakota.chen.89@example.edu,student
90,Rowan Chen,rowan.chen.90@example.edu,student
91,Skyler Chen,skyler.chen.91@example.edu,student
92,Parker Chen,parker.chen.92@example.edu,student
93,Reese Chen,reese.chen.93@example.edu,student
94,Kendall Chen,kendall.chen.94@example.edu,student
95,Hayden Chen,hayden.chen.95@example.edu,student
96,Emerson Chen,emerson.chen.96@example.edu,student
97,Finley Chen,finley.chen.97@example.edu,student
98,Logan Chen,logan.chen.98@example.edu,student
99,Micah Chen,micah.chen.99@example.edu,student
100,Alex Garcia,alex.garcia.100@example.edu,student
101,Jordan Garcia,jordan.garcia.101@example.edu,student
102,Taylor Garcia,taylor.garcia.102@example.edu,student
103,Morgan Garcia,morgan.garcia.103@example.edu,student
104,Riley Garcia,riley.garcia.104@example.edu,student
105,Casey Garcia,casey.garcia.105@example.edu,student
106,Quinn Garcia,quinn.garcia.106@example.edu,student
107,Jamie Garcia,jamie.garcia.107@example.edu,student
108,Avery Garcia,avery.garcia.108@example.edu,student
109,Dakota Garcia,dakota.garcia.109@example.edu,student
110,Rowan Garcia,rowan.garcia.110@example.edu,student
111,Skyler Garcia,skyler.garcia.111@example.edu,student
112,Parker Garcia,parker.garcia.112@example.edu,student
113,Reese Garcia,reese.garcia.113@example.edu,student
114,Kendall Garcia,kendall.garcia.114@example.edu,student
115,Hayden Garcia,hayden.garcia.115@example.edu,student
116,Emerson Garcia,emerson.garcia.116@example.edu,student
117,Finley Garcia,finley.garcia.117@example.edu,student
118,Logan Garcia,logan.garcia.118@example.edu,student
119,Micah Garcia,micah.garcia.119@example.edu,student
120,Alex Martinez,alex.martinez.120@example.edu,student
121,Jordan Martinez,jordan.martinez.121@example.edu,student
122,Taylor Martinez,taylor.martinez.122@example.edu,student
123,Morgan Martinez,morgan.martinez.123@example.edu,student
124,Riley Martinez,riley.martinez.124@example.edu,student
125,Casey Martinez,casey.martinez.125@example.edu,student
126,Quinn Martinez,quinn.martinez.126@example.edu,student
127,Jamie Martinez,jamie.martinez.127@example.edu,student
128,Avery Martinez,avery.martinez.128@example.edu,student
129,Dakota Martinez,dakota.martinez.129@example.edu,student
130,Rowan Martinez,rowan.martinez.130@example.edu,student
131,Skyler Martinez,skyler.martinez.131@example.edu,student
132,Parker Martinez,parker.martinez.132@example.edu,instructor
133,Reese Martinez,reese.martinez.133@example.edu,student
134,Kendall Martinez,kendall.martinez.134@example.edu,student
135,Hayden Martinez,hayden.martinez.135@example.edu,student
136,Emerson Martinez,emerson.martinez.136@example.edu,student
137,Finley Martinez,finley.martinez.137@example.edu,student
138,Logan Martinez,logan.martinez.138@example.edu,student
139,Micah Martinez,micah.martinez.139@example.edu,student
140,Alex Brown,alex.brown.140@example.edu,student
141,Jordan Brown,jordan.brown.141@example.edu,student
142,Taylor Brown,taylor.brown.142@example.edu,student
143,Morgan Brown,morgan.brown.143@example.edu,student
144,Riley Brown,riley.brown.144@example.edu,student
145,Casey Brown,casey.brown.145@example.edu,student
146,Quinn Brown,quinn.brown.146@example.edu,student
147,Jamie Brown,jamie.brown.147@example.edu,student
148,Avery Brown,avery.brown.148@example.edu,student
149,Dakota Brown,dakota.brown.149@example.edu,student
150,Rowan Brown,rowan.brown.150@example.edu,student
151,Skyler Brown,skyler.brown.151@example.edu,student
152,Parker Brown,parker.brown.152@example.edu,student
153,Reese Brown,reese.brown.153@example.edu,student
154,Kendall Brown,kendall.brown.154@example.edu,student
155,Hayden Brown,hayden.brown.155@example.edu,student
156,Emerson Brown,emerson.brown.156@example.edu,student
157,Finley Brown,finley.brown.157@example.edu,student
158,Logan Brown,logan.brown.158@example.edu,student
159,Micah Brown,micah.brown.159@example.edu,student
160,Alex Johnson,alex.johnson.160@example.edu,student
161,Jordan Johnson,jordan.johnson.161@example.edu,student
162,Taylor Johnson,taylor.johnson.162@example.edu,student
163,Morgan Johnson,morgan.johnson.163@example.edu,student
164,Riley Johnson,riley.johnson.164@example.edu,student
165,Casey Johnson,casey.johnson.165@example.edu,student
166,Quinn Johnson,quinn.johnson.166@example.edu,student
167,Jamie Johnson,jamie.johnson.167@example.edu,student
168,Avery Johnson,avery.johnson.168@example.edu,student
169,Dakota Johnson,dakota.johnson.169@example.edu,student
170,Rowan Johnson,rowan.johnson.170@example.edu,student
171,Skyler Johnson,skyler.johnson.171@example.edu,student
172,Parker Johnson,parker.johnson.172@example.edu,student
173,Reese Johnson,reese.johnson.173@example.edu,student
174,Kendall Johnson,kendall.johnson.174@example.edu,student
175,Hayden Johnson,hayden.johnson.175@example.edu,instructor
176,Emerson Johnson,emerson.johnson.176@example.edu,student
177,Finley Johnson,finley.johnson.177@example.edu,student
178,Logan Johnson,logan.johnson.178@example.edu,student
179,Micah Johnson,micah.johnson.179@example.edu,student
180,Alex Davis,alex.davis.180@example.edu,student
181,Jordan Davis,jordan.davis.181@example.edu,student
182,Taylor Davis,taylor.davis.182@example.edu,student
183,Morgan Davis,morgan.davis.183@example.edu,student
184,Riley Davis,riley.davis.184@example.edu,student
185,Casey Davis,casey.davis.185@example.edu,student
186,Quinn Davis,quinn.davis.186@example.edu,student
187,Jamie Davis,jamie.davis.187@example.edu,student
188,Avery Davis,avery.davis.188@example.edu,student
189,Dakota Davis,dakota.davis.189@example.edu,student
190,Rowan Davis,rowan.davis.190@example.edu,student
191,Skyler Davis,skyler.davis.191@example.edu,student
192,Parker Davis,parker.davis.192@example.edu,student
193,Reese Davis,reese.davis.193@example.edu,student
194,Kendall Davis,kendall.davis.194@example.edu,student
195,Hayden Davis,hayden.davis.195@example.edu,student
196,Emerson Davis,emerson.davis.196@example.edu,student
197,Finley Davis,finley.davis.197@example.edu,student
198,Logan Davis,logan.davis.198@example.edu,student
199,Micah Davis,micah.davis.199@example.edu,student
200,Alex Miller,alex.miller.200@example.edu,student
201,Jordan Miller,jordan.miller.201@example.edu,student
202,Taylor Miller,taylor.miller.202@example.edu,student
203,Morgan Miller,morgan.miller.203@example.edu,student
204,Riley Miller,riley.miller.204@example.edu,student
205,Casey Miller,casey.miller.205@example.edu,student
206,Quinn Miller,quinn.miller.206@example.edu,student
207,Jamie Miller,jamie.miller.207@example.edu,student
208,Avery Miller,avery.miller.208@example.edu,student
209,Dakota Miller,dakota.miller.209@example.edu,student
210,Rowan Miller,rowan.miller.210@example.edu,student
211,Skyler Miller,skyler.miller.211@example.edu,student
212,Parker Miller,parker.miller.212@example.edu,student
213,Reese Miller,reese.miller.213@example.edu,student
214,Kendall Miller,kendall.miller.214@example.edu,student
215,Hayden Miller,hayden.miller.215@example.edu,student
216,Emerson Miller,emerson.miller.216@example.edu,student
217,Finley Miller,finley.miller.217@example.edu,student
218,Logan Miller,logan.miller.218@example.edu,student
219,Micah Miller,micah.miller.219@example.edu,instructor
220,Alex Wilson,alex.wilson.220@example.edu,student
221,Jordan Wilson,jordan.wilson.221@example.edu,student
222,Taylor Wilson,taylor.wilson.222@example.edu,student
223,Morgan Wilson,morgan.wilson.223@example.edu,student
224,Riley Wilson,riley.wilson.224@example.edu,student
225,Casey Wilson,casey.wilson.225@example.edu,student
226,Quinn Wilson,quinn.wilson.226@example.edu,student
227,Jamie Wilson,jamie.wilson.227@example.edu,student
228,Avery Wilson,avery.wilson.228@example.edu,student
229,Dakota Wilson,dakota.wilson.229@example.edu,student
230,Rowan Wilson,rowan.wilson.230@example.edu,student
231,Skyler Wilson,skyler.wilson.231@example.edu,student
232,Parker Wilson,parker.wilson.232@example.edu,student
233,Reese Wilson,reese.wilson.233@example.edu,student
234,Kendall Wilson,kendall.wilson.234@example.edu,student
235,Hayden Wilson,hayden.wilson.235@example.edu,student
236,Emerson Wilson,emerson.wilson.236@example.edu,student
237,Finley Wilson,finley.wilson.237@example.edu,student
238,Logan Wilson,logan.wilson.238@example.edu,student
239,Micah Wilson,micah.wilson.239@example.edu,student
240,Alex Moore,alex.moore.240@example.edu,student
241,Jordan Moore,jordan.moore.241@example.edu,student
242,Taylor Moore,taylor.moore.242@example.edu,student
243,Morgan Moore,morgan.moore.243@example.edu,student
244,Riley Moore,riley.moore.244@example.edu,student
245,Casey Moore,casey.moore.245@example.edu,student
246,Quinn Moore,quinn.moore.246@example.edu,student
247,Jamie Moore,jamie.moore.247@example.edu,student
248,Avery Moore,avery.moore.248@example.edu,student
249,Dakota Moore,dakota.moore.249@example.edu,student
250,Rowan Moore,rowan.moore.250@example.edu,instructor
251,Skyler Moore,skyler.moore.251@example.edu,student
252,Parker Moore,parker.moore.252@example.edu,student
253,Reese Moore,reese.moore.253@example.edu,student
254,Kendall Moore,kendall.moore.254@example.edu,student
255,Hayden Moore,hayden.moore.255@example.edu,student
256,Emerson Moore,emerson.moore.256@example.edu,student
257,Finley Moore,finley.moore.257@example.edu,student
258,Logan Moore,logan.moore.258@example.edu,student
259,Micah Moore,micah.moore.259@example.edu,student
260,Alex Taylor,alex.taylor.260@example.edu,student
261,Jordan Taylor,jordan.taylor.261@example.edu,student
262,Taylor Taylor,taylor.taylor.262@example.edu,student
263,Morgan Taylor,morgan.taylor.263@example.edu,student
264,Riley Taylor,riley.taylor.264@example.edu,student
265,Casey Taylor,casey.taylor.265@example.edu,student
266,Quinn Taylor,quinn.taylor.266@example.edu,student
267,Jamie Taylor,jamie.taylor.267@example.edu,student
268,Avery Taylor,avery.taylor.268@example.edu,student
269,Dakota Taylor,dakota.taylor.269@example.edu,student
270,Rowan Taylor,rowan.taylor.270@example.edu,student
271,Skyler Taylor,skyler.taylor.271@example.edu,student
272,Parker Taylor,parker.taylor.272@example.edu,student
273,Reese Taylor,reese.taylor.273@example.edu,student
274,Kendall Taylor,kendall.taylor.274@example.edu,student
275,Hayden Taylor,hayden.taylor.275@example.edu,student
276,Emerson Taylor,emerson.taylor.276@example.edu,student
277,Finley Taylor,finley.taylor.277@example.edu,student
278,Logan Taylor,logan.taylor.278@example.edu,student
279,Micah Taylor,micah.taylor.279@example.edu,student
280,Alex Anderson,alex.anderson.280@example.edu,student
281,Jordan Anderson,jordan.anderson.281@example.edu,student
282,Taylor Anderson,taylor.anderson.282@example.edu,student
283,Morgan Anderson,morgan.anderson.283@example.edu,student
284,Riley Anderson,riley.anderson.284@example.edu,student
285,Casey Anderson,casey.anderson.285@example.edu,student
286,Quinn Anderson,quinn.anderson.286@example.edu,student
287,Jamie Anderson,jamie.anderson.287@example.edu,student
288,Avery Anderson,avery.anderson.288@example.edu,student
289,Dakota Anderson,dakota.anderson.289@example.edu,student
290,Rowan Anderson,rowan.anderson.290@example.edu,student
291,Skyler Anderson,skyler.anderson.291@example.edu,student
292,Parker Anderson,parker.anderson.292@example.edu,student
293,Reese Anderson,reese.anderson.293@example.edu,student
294,Kendall Anderson,kendall.anderson.294@example.edu,student
295,Hayden Anderson,hayden.anderson.295@example.edu,student
296,Emerson Anderson,emerson.anderson.296@example.edu,student
297,Finley Anderson,finley.anderson.297@example.edu,student
298,Logan Anderson,logan.anderson.298@example.edu,student
299,Micah Anderson,micah.anderson.299@example.edu,student
300,Alex Thomas,alex.thomas.300@example.edu,student
301,Jordan Thomas,jordan.thomas.301@example.edu,student
302,Taylor Thomas,taylor.thomas.302@example.edu,student
303,Morgan Thomas,morgan.thomas.303@example.edu,student
304,Riley Thomas,riley.thomas.304@example.edu,student
305,Casey Thomas,casey.thomas.305@example.edu,student
306,Quinn Thomas,quinn.thomas.306@example.edu,student
307,Jamie Thomas,jamie.thomas.307@example.edu,student
308,Avery Thomas,avery.thomas.308@example.edu,student
309,Dakota Thomas,dakota.thomas.309@example.edu,student
310,Rowan Thomas,rowan.thomas.310@example.edu,student
311,Skyler Thomas,skyler.thomas.311@example.edu,student
312,Parker Thomas,parker.thomas.312@example.edu,student
313,Reese Thomas,reese.thomas.313@example.edu,student
314,Kendall Thomas,kendall.thomas.314@example.edu,instructor
315,Hayden Thomas,hayden.thomas.315@example.edu,student
316,Emerson Thomas,emerson.thomas.316@example.edu,student
317,Finley Thomas,finley.thomas.317@example.edu,student
318,Logan Thomas,logan.thomas.318@example.edu,student
319,Micah Thomas,micah.thomas.319@example.edu,student
320,Alex Jackson,alex.jackson.320@example.edu,student
321,Jordan Jackson,jordan.jackson.321@example.edu,student
322,Taylor Jackson,taylor.jackson.322@example.edu,student
323,Morgan Jackson,morgan.jackson.323@example.edu,student
324,Riley Jackson,riley.jackson.324@example.edu,student
325,Casey Jackson,casey.jackson.325@example.edu,student
326,Quinn Jackson,quinn.jackson.326@example.edu,student
327,Jamie Jackson,jamie.jackson.327@example.edu,student
328,Avery Jackson,avery.jackson.328@example.edu,student
329,Dakota Jackson,dakota.jackson.329@example.edu,student
330,Rowan Jackson,rowan.jackson.330@example.edu,student
331,Skyler Jackson,skyler.jackson.331@example.edu,student
332,Parker Jackson,parker.jackson.332@example.edu,student
333,Reese Jackson,reese.jackson.333@example.edu,student
334,Kendall Jackson,kendall.jackson.334@example.edu,student
335,Hayden Jackson,hayden.jackson.335@example.edu,student
336,Emerson Jackson,emerson.jackson.336@example.edu,student
337,Finley Jackson,finley.jackson.337@example.edu,student
338,Logan Jackson,logan.jackson.338@example.edu,student
339,Micah Jackson,micah.jackson.339@example.edu,student
340,Alex White,alex.white.340@example.edu,student
341,Jordan White,jordan.white.341@example.edu,student
342,Taylor White,taylor.white.342@example.edu,student
343,Morgan White,morgan.white.343@example.edu,student
344,Riley White,riley.white.344@example.edu,student
345,Casey White,casey.white.345@example.edu,student
346,Quinn White,quinn.white.346@example.edu,student
347,Jamie White,jamie.white.347@example.edu,student
348,Avery White,avery.white.348@example.edu,student
349,Dakota White,dakota.white.349@example.edu,student
350,Rowan White,rowan.white.350@example.edu,student
351,Skyler White,skyler.white.351@example.edu,student
352,Parker White,parker.white.352@example.edu,student
353,Reese White,reese.white.353@example.edu,student
354,Kendall White,kendall.white.354@example.edu,student
355,Hayden White,hayden.white.355@example.edu,student
356,Emerson White,emerson.white.356@example.edu,student
357,Finley White,finley.white.357@example.edu,student
358,Logan White,logan.white.358@example.edu,student
359,Micah White,micah.white.359@example.edu,student
360,Alex Harris,alex.harris.360@example.edu,student
361,Jordan Harris,jordan.harris.361@example.edu,student
362,Taylor Harris,taylor.harris.362@example.edu,student
363,Morgan Harris,morgan.harris.363@example.edu,student
364,Riley Harris,riley.harris.364@example.edu,student
365,Casey Harris,casey.harris.365@example.edu,instructor
366,Quinn Harris,quinn.harris.366@example.edu,student
367,Jamie Harris,jamie.harris.367@example.edu,student
368,Avery Harris,avery.harris.368@example.edu,student
369,Dakota Harris,dakota.harris.369@example.edu,student
370,Rowan Harris,rowan.harris.370@example.edu,student
371,Skyler Harris,skyler.harris.371@example.edu,student
372,Parker Harris,parker.harris.372@example.edu,student
373,Reese Harris,reese.harris.373@example.edu,student
374,Kendall Harris,kendall.harris.374@example.edu,student
375,Hayden Harris,hayden.harris.375@example.edu,student
376,Emerson Harris,emerson.harris.376@example.edu,student
377,Finley Harris,finley.harris.377@example.edu,student
378,Logan Harris,logan.harris.378@example.edu,student
379,Micah Harris,micah.harris.379@example.edu,student
380,Alex Martin,alex.martin.380@example.edu,student
381,Jordan Martin,jordan.martin.381@example.edu,student
382,Taylor Martin,taylor.martin.382@example.edu,student
383,Morgan Martin,morgan.martin.383@example.edu,student
384,Riley Martin,riley.martin.384@example.edu,student
385,Casey Martin,casey.martin.385@example.edu,student
386,Quinn Martin,quinn.martin.386@example.edu,student
387,Jamie Martin,jamie.martin.387@example.edu,student
388,Avery Martin,avery.martin.388@example.edu,student
389,Dakota Martin,dakota.martin.389@example.edu,student
390,Rowan Martin,rowan.martin.390@example.edu,student
391,Skyler Martin,skyler.martin.391@example.edu,student
392,Parker Martin,parker.martin.392@example.edu,student
393,Reese Martin,reese.martin.393@example.edu,student
394,Kendall Martin,kendall.martin.394@example.edu,student
395,Hayden Martin,hayden.martin.395@example.edu,student
396,Emerson Martin,emerson.martin.396@example.edu,student
397,Finley Martin,finley.martin.397@example.edu,student
398,Logan Martin,logan.martin.398@example.edu,student
399,Micah Martin,micah.martin.399@example.edu,student
400,Alex Rivera,alex.rivera.400@example.edu,student
401,Jordan Rivera,jordan.rivera.401@example.edu,student
402,Taylor Rivera,taylor.rivera.402@example.edu,student
403,Morgan Rivera,morgan.rivera.403@example.edu,student
404,Riley Rivera,riley.rivera.404@example.edu,student
405,Casey Rivera,casey.rivera.405@example.edu,student
406,Quinn Rivera,quinn.rivera.406@example.edu,student
407,Jamie Rivera,jamie.rivera.407@example.edu,student
408,Avery Rivera,avery.rivera.408@example.edu,student
409,Dakota Rivera,dakota.rivera.409@example.edu,student
410,Rowan Rivera,rowan.rivera.410@example.edu,student
411,Skyler Rivera,skyler.rivera.411@example.edu,student
412,Parker Rivera,parker.rivera.412@example.edu,student
413,Reese Rivera,reese.rivera.413@example.edu,student
414,Kendall Rivera,kendall.rivera.414@example.edu,student
415,Hayden Rivera,hayden.rivera.415@example.edu,student
416,Emerson Rivera,emerson.rivera.416@example.edu,student
417,Finley Rivera,finley.rivera.417@example.edu,student
418,Logan Rivera,logan.rivera.418@example.edu,student
419,Micah Rivera,micah.rivera.419@example.edu,student
420,Alex Nguyen,alex.nguyen.420@example.edu,student
421,Jordan Nguyen,jordan.nguyen.421@example.edu,student
422,Taylor Nguyen,taylor.nguyen.422@example.edu,student
423,Morgan Nguyen,morgan.nguyen.423@example.edu,student
424,Riley Nguyen,riley.nguyen.424@example.edu,student
425,Casey Nguyen,casey.nguyen.425@example.edu,student
426,Quinn Nguyen,quinn.nguyen.426@example.edu,student
427,Jamie Nguyen,jamie.nguyen.427@example.edu,student
428,Avery Nguyen,avery.nguyen.428@example.edu,student
429,Dakota Nguyen,dakota.nguyen.429@example.edu,student
430,Rowan Nguyen,rowan.nguyen.430@example.edu,student
431,Skyler Nguyen,skyler.nguyen.431@example.edu,student
432,Parker Nguyen,parker.nguyen.432@example.edu,student
433,Reese Nguyen,reese.nguyen.433@example.edu,student
434,Kendall Nguyen,kendall.nguyen.434@example.edu,student
435,Hayden Nguyen,hayden.nguyen.435@example.edu,student
436,Emerson Nguyen,emerson.nguyen.436@example.edu,student
437,Finley Nguyen,finley.nguyen.437@example.edu,instructor
438,Logan Nguyen,logan.nguyen.438@example.edu,student
439,Micah Nguyen,micah.nguyen.439@example.edu,student
440,Alex Patel,alex.patel.440@example.edu,student
441,Jordan Patel,jordan.patel.441@example.edu,student
442,Taylor Patel,taylor.patel.442@example.edu,student
443,Morgan Patel,morgan.patel.443@example.edu,student
444,Riley Patel,riley.patel.444@example.edu,student
445,Casey Patel,casey.patel.445@example.edu,student
446,Quinn Patel,quinn.patel.446@example.edu,student
447,Jamie Patel,jamie.patel.447@example.edu,student
448,Avery Patel,avery.patel.448@example.edu,student
449,Dakota Patel,dakota.patel.449@example.edu,student
450,Rowan Patel,rowan.patel.450@example.edu,student
451,Skyler Patel,skyler.patel.451@example.edu,student
452,Parker Patel,parker.patel.452@example.edu,student
453,Reese Patel,reese.patel.453@example.edu,student
454,Kendall Patel,kendall.patel.454@example.edu,student
455,Hayden Patel,hayden.patel.455@example.edu,student
456,Emerson Patel,emerson.patel.456@example.edu,student
457,Finley Patel,finley.patel.457@example.edu,student
458,Logan Patel,logan.patel.458@example.edu,student
459,Micah Patel,micah.patel.459@example.edu,student
460,Alex Kim,alex.kim.460@example.edu,student
461,Jordan Kim,jordan.kim.461@example.edu,student
462,Taylor Kim,taylor.kim.462@example.edu,student
463,Morgan Kim,morgan.kim.463@example.edu,student
464,Riley Kim,riley.kim.464@example.edu,student
465,Casey Kim,casey.kim.465@example.edu,student
466,Quinn Kim,quinn.kim.466@example.edu,student
467,Jamie Kim,jamie.kim.467@example.edu,student
468,Avery Kim,avery.kim.468@example.edu,student
469,Dakota Kim,dakota.kim.469@example.edu,student
470,Rowan Kim,rowan.kim.470@example.edu,student
471,Skyler Kim,skyler.kim.471@example.edu,student
472,Parker Kim,parker.kim.472@example.edu,student
473,Reese Kim,reese.kim.473@example.edu,student
474,Kendall Kim,kendall.kim.474@example.edu,student
475,Hayden Kim,hayden.kim.475@example.edu,student
476,Emerson Kim,emerson.kim.476@example.edu,student
477,Finley Kim,finley.kim.477@example.edu,student
478,Logan Kim,logan.kim.478@example.edu,student
479,Micah Kim,micah.kim.479@example.edu,student
480,Alex Chen,alex.chen.480@example.edu,student
481,Jordan Chen,jordan.chen.481@example.edu,student
482,Taylor Chen,taylor.chen.482@example.edu,student
483,Morgan Chen,morgan.chen.483@example.edu,instructor
484,Riley Chen,riley.chen.484@example.edu,student
485,Casey Chen,casey.chen.485@example.edu,student
486,Quinn Chen,quinn.chen.486@example.edu,student
487,Jamie Chen,jamie.chen.487@example.edu,student
488,Avery Chen,avery.chen.488@example.edu,student
489,Dakota Chen,dakota.chen.489@example.edu,student
490,Rowan Chen,rowan.chen.490@example.edu,student
491,Skyler Chen,skyler.chen.491@example.edu,student
492,Parker Chen,parker.chen.492@example.edu,student
493,Reese Chen,reese.chen.493@example.edu,student
494,Kendall Chen,kendall.chen.494@example.edu,student
495,Hayden Chen,hayden.chen.495@example.edu,student
496,Emerson Chen,emerson.chen.496@example.edu,student
497,Finley Chen,finley.chen.497@example.edu,student
498,Logan Chen,logan.chen.498@example.edu,student
499,Micah Chen,micah.chen.499@example.edu,student
500,Alex Garcia,alex.garcia.500@example.edu,student
501,Jordan Garcia,jordan.garcia.501@example.edu,student
502,Taylor Garcia,taylor.garcia.502@example.edu,student
503,Morgan Garcia,morgan.garcia.503@example.edu,student
504,Riley Garcia,riley.garcia.504@example.edu,student
505,Casey Garcia,casey.garcia.505@example.edu,student
506,Quinn Garcia,quinn.garcia.506@example.edu,student
507,Jamie Garcia,jamie.garcia.507@example.edu,student
508,Avery Garcia,avery.garcia.508@example.edu,student
509,Dakota Garcia,dakota.garcia.509@example.edu,student
510,Rowan Garcia,rowan.garcia.510@example.edu,student
511,Skyler Garcia,skyler.garcia.511@example.edu,student
512,Parker Garcia,parker.garcia.512@example.edu,student
513,Reese Garcia,reese.garcia.513@example.edu,student
514,Kendall Garcia,kendall.garcia.514@example.edu,student
515,Hayden Garcia,hayden.garcia.515@example.edu,student
516,Emerson Garcia,emerson.garcia.516@example.edu,student
517,Finley Garcia,finley.garcia.517@example.edu,student
518,Logan Garcia,logan.garcia.518@example.edu,student
519,Micah Garcia,micah.garcia.519@example.edu,student
520,Alex Martinez,alex.martinez.520@example.edu,student
521,Jordan Martinez,jordan.martinez.521@example.edu,student
522,Taylor Martinez,taylor.martinez.522@example.edu,student
523,Morgan Martinez,morgan.martinez.523@example.edu,student
524,Riley Martinez,riley.martinez.524@example.edu,student
525,Casey Martinez,casey.martinez.525@example.edu,student
526,Quinn Martinez,quinn.martinez.526@example.edu,student
527,Jamie Martinez,jamie.martinez.527@example.edu,student
528,Avery Martinez,avery.martinez.528@example.edu,student
529,Dakota Martinez,dakota.martinez.529@example.edu,student
530,Rowan Martinez,rowan.martinez.530@example.edu,student
531,Skyler Martinez,skyler.martinez.531@example.edu,student
532,Parker Martinez,parker.martinez.532@example.edu,student
533,Reese Martinez,reese.martinez.533@example.edu,student
534,Kendall Martinez,kendall.martinez.534@example.edu,student
535,Hayden Martinez,hayden.martinez.535@example.edu,student
536,Emerson Martinez,emerson.martinez.536@example.edu,student
537,Finley Martinez,finley.martinez.537@example.edu,student
538,Logan Martinez,logan.martinez.538@example.edu,student
539,Micah Martinez,micah.martinez.539@example.edu,student
540,Alex Brown,alex.brown.540@example.edu,student
541,Jordan Brown,jordan.brown.541@example.edu,student
542,Taylor Brown,taylor.brown.542@example.edu,student
543,Morgan Brown,morgan.brown.543@example.edu,student
544,Riley Brown,riley.brown.544@example.edu,instructor
545,Casey Brown,casey.brown.545@example.edu,student
546,Quinn Brown,quinn.brown.546@example.edu,student
547,Jamie Brown,jamie.brown.547@example.edu,student
548,Avery Brown,avery.brown.548@example.edu,student
549,Dakota Brown,dakota.brown.549@example.edu,student
550,Rowan Brown,rowan.brown.550@example.edu,student
551,Skyler Brown,skyler.brown.551@example.edu,student
552,Parker Brown,parker.brown.552@example.edu,student
553,Reese Brown,reese.brown.553@example.edu,student
554,Kendall Brown,kendall.brown.554@example.edu,student
555,Hayden Brown,hayden.brown.555@example.edu,student
556,Emerson Brown,emerson.brown.556@example.edu,student
557,Finley Brown,finley.brown.557@example.edu,student
558,Logan Brown,logan.brown.558@example.edu,student
559,Micah Brown,micah.brown.559@example.edu,student
560,Alex Johnson,alex.johnson.560@example.edu,student
561,Jordan Johnson,jordan.johnson.561@example.edu,student
562,Taylor Johnson,taylor.johnson.562@example.edu,student
563,Morgan Johnson,morgan.johnson.563@example.edu,student
564,Riley Johnson,riley.johnson.564@example.edu,student
565,Casey Johnson,casey.johnson.565@example.edu,student
566,Quinn Johnson,quinn.johnson.566@example.edu,student
567,Jamie Johnson,jamie.johnson.567@example.edu,student
568,Avery Johnson,avery.johnson.568@example.edu,student
569,Dakota Johnson,dakota.johnson.569@example.edu,student
570,Rowan Johnson,rowan.johnson.570@example.edu,student
571,Skyler Johnson,skyler.johnson.571@example.edu,student
572,Parker Johnson,parker.johnson.572@example.edu,student
573,Reese Johnson,reese.johnson.573@example.edu,student
574,Kendall Johnson,kendall.johnson.574@example.edu,student
575,Hayden Johnson,hayden.johnson.575@example.edu,student
576,Emerson Johnson,emerson.johnson.576@example.edu,student
577,Finley Johnson,finley.johnson.577@example.edu,student
578,Logan Johnson,logan.johnson.578@example.edu,student
579,Micah Johnson,micah.johnson.579@example.edu,student
580,Alex Davis,alex.davis.580@example.edu,student
581,Jordan Davis,jordan.davis.581@example.edu,student
582,Taylor Davis,taylor.davis.582@example.edu,student
583,Morgan Davis,morgan.davis.583@example.edu,student
584,Riley Davis,riley.davis.584@example.edu,student
585,Casey Davis,casey.davis.585@example.edu,student
586,Quinn Davis,quinn.davis.586@example.edu,student
587,Jamie Davis,jamie.davis.587@example.edu,instructor
588,Avery Davis,avery.davis.588@example.edu,student
589,Dakota Davis,dakota.davis.589@example.edu,student
590,Rowan Davis,rowan.davis.590@example.edu,student
591,Skyler Davis,skyler.davis.591@example.edu,student
592,Parker Davis,parker.davis.592@example.edu,student
593,Reese Davis,reese.davis.593@example.edu,student
594,Kendall Davis,kendall.davis.594@example.edu,student
595,Hayden Davis,hayden.davis.595@example.edu,student
596,Emerson Davis,emerson.davis.596@example.edu,student
597,Finley Davis,finley.davis.597@example.edu,student
598,Logan Davis,logan.davis.598@example.edu,student
599,Micah Davis,micah.davis.599@example.edu,student
600,Alex Miller,alex.miller.600@example.edu,student
601,Jordan Miller,jordan.miller.601@example.edu,student
602,Taylor Miller,taylor.miller.602@example.edu,student
603,Morgan Miller,morgan.miller.603@example.edu,student
604,Riley Miller,riley.miller.604@example.edu,student
605,Casey Miller,casey.miller.605@example.edu,student
606,Quinn Miller,quinn.miller.606@example.edu,student
607,Jamie Miller,jamie.miller.607@example.edu,student
608,Avery Miller,avery.miller.608@example.edu,student
609,Dakota Miller,dakota.miller.609@example.edu,student
610,Rowan Miller,rowan.miller.610@example.edu,student
611,Skyler Miller,skyler.miller.611@example.edu,student
612,Parker Miller,parker.miller.612@example.edu,student
613,Reese Miller,reese.miller.613@example.edu,student
614,Kendall Miller,kendall.miller.614@example.edu,student
615,Hayden Miller,hayden.miller.615@example.edu,student
616,Emerson Miller,emerson.miller.616@example.edu,student
617,Finley Miller,finley.miller.617@example.edu,student
618,Logan Miller,logan.miller.618@example.edu,student
619,Micah Miller,micah.miller.619@example.edu,student
620,Alex Wilson,alex.wilson.620@example.edu,student
621,Jordan Wilson,jordan.wilson.621@example.edu,student
622,Taylor Wilson,taylor.wilson.622@example.edu,student
623,Morgan Wilson,morgan.wilson.623@example.edu,student
624,Riley Wilson,riley.wilson.624@example.edu,student
625,Casey Wilson,casey.wilson.625@example.edu,student
626,Quinn Wilson,quinn.wilson.626@example.edu,student
627,Jamie Wilson,jamie.wilson.627@example.edu,student
628,Avery Wilson,avery.wilson.628@example.edu,student
629,Dakota Wilson,dakota.wilson.629@example.edu,student
630,Rowan Wilson,rowan.wilson.630@example.edu,student
631,Skyler Wilson,skyler.wilson.631@example.edu,student
632,Parker Wilson,parker.wilson.632@example.edu,student
633,Reese Wilson,reese.wilson.633@example.edu,student
634,Kendall Wilson,kendall.wilson.634@example.edu,student
635,Hayden Wilson,hayden.wilson.635@example.edu,student
636,Emerson Wilson,emerson.wilson.636@example.edu,student
637,Finley Wilson,finley.wilson.637@example.edu,student
638,Logan Wilson,logan.wilson.638@example.edu,student
639,Micah Wilson,micah.wilson.639@example.edu,student
640,Alex Moore,alex.moore.640@example.edu,student
641,Jordan Moore,jordan.moore.641@example.edu,student
642,Taylor Moore,taylor.moore.642@example.edu,student
643,Morgan Moore,morgan.moore.643@example.edu,student
644,Riley Moore,riley.moore.644@example.edu,student
645,Casey Moore,casey.moore.645@example.edu,student
646,Quinn Moore,quinn.moore.646@example.edu,student
647,Jamie Moore,jamie.moore.647@example.edu,student
648,Avery Moore,avery.moore.648@example.edu,student
649,Dakota Moore,dakota.moore.649@example.edu,student
650,Rowan Moore,rowan.moore.650@example.edu,student
651,Skyler Moore,skyler.moore.651@example.edu,student
652,Parker Moore,parker.moore.652@example.edu,student
653,Reese Moore,reese.moore.653@example.edu,student
654,Kendall Moore,kendall.moore.654@example.edu,student
655,Hayden Moore,hayden.moore.655@example.edu,student
656,Emerson Moore,emerson.moore.656@example.edu,student
657,Finley Moore,finley.moore.657@example.edu,student
658,Logan Moore,logan.moore.658@example.edu,student
659,Micah Moore,micah.moore.659@example.edu,student
660,Alex Taylor,alex.taylor.660@example.edu,student
661,Jordan Taylor,jordan.taylor.661@example.edu,student
662,Taylor Taylor,taylor.taylor.662@example.edu,student
663,Morgan Taylor,morgan.taylor.663@example.edu,student
664,Riley Taylor,riley.taylor.664@example.edu,student
665,Casey Taylor,casey.taylor.665@example.edu,instructor
666,Quinn Taylor,quinn.taylor.666@example.edu,student
667,Jamie Taylor,jamie.taylor.667@example.edu,student
668,Avery Taylor,avery.taylor.668@example.edu,student
669,Dakota Taylor,dakota.taylor.669@example.edu,student
670,Rowan Taylor,rowan.taylor.670@example.edu,student
671,Skyler Taylor,skyler.taylor.671@example.edu,student
672,Parker Taylor,parker.taylor.672@example.edu,student
673,Reese Taylor,reese.taylor.673@example.edu,student
674,Kendall Taylor,kendall.taylor.674@example.edu,student
675,Hayden Taylor,hayden.taylor.675@example.edu,student
676,Emerson Taylor,emerson.taylor.676@example.edu,student
677,Finley Taylor,finley.taylor.677@example.edu,student
678,Logan Taylor,logan.taylor.678@example.edu,student
679,Micah Taylor,micah.taylor.679@example.edu,student
680,Alex Anderson,alex.anderson.680@example.edu,student
681,Jordan Anderson,jordan.anderson.681@example.edu,student
682,Taylor Anderson,taylor.anderson.682@example.edu,student
683,Morgan Anderson,morgan.anderson.683@example.edu,student
684,Riley Anderson,riley.anderson.684@example.edu,student
685,Casey Anderson,casey.anderson.685@example.edu,student
686,Quinn Anderson,quinn.anderson.686@example.edu,student
687,Jamie Anderson,jamie.anderson.687@example.edu,student
688,Avery Anderson,avery.anderson.688@example.edu,student
689,Dakota Anderson,dakota.anderson.689@example.edu,student
690,Rowan Anderson,rowan.anderson.690@example.edu,student
691,Skyler Anderson,skyler.anderson.691@example.edu,student
692,Parker Anderson,parker.anderson.692@example.edu,student
693,Reese Anderson,reese.anderson.693@example.edu,student
694,Kendall Anderson,kendall.anderson.694@example.edu,student
695,Hayden Anderson,hayden.anderson.695@example.edu,student
696,Emerson Anderson,emerson.anderson.696@example.edu,student
697,Finley Anderson,finley.anderson.697@example.edu,student
698,Logan Anderson,logan.anderson.698@example.edu,student
699,Micah Anderson,micah.anderson.699@example.edu,student
700,Alex Thomas,alex.thomas.700@example.edu,student
701,Jordan Thomas,jordan.thomas.701@example.edu,student
702,Taylor Thomas,taylor.thomas.702@example.edu,student
703,Morgan Thomas,morgan.thomas.703@example.edu,student
704,Riley Thomas,riley.thomas.704@example.edu,student
705,Casey Thomas,casey.thomas.705@example.edu,student
706,Quinn Thomas,quinn.thomas.706@example.edu,student
707,Jamie Thomas,jamie.thomas.707@example.edu,student
708,Avery Thomas,avery.thomas.708@example.edu,student
709,Dakota Thomas,dakota.thomas.709@example.edu,student
710,Rowan Thomas,rowan.thomas.710@example.edu,student
711,Skyler Thomas,skyler.thomas.711@example.edu,student
712,Parker Thomas,parker.thomas.712@example.edu,student
713,Reese Thomas,reese.thomas.713@example.edu,student
714,Kendall Thomas,kendall.thomas.714@example.edu,student
715,Hayden Thomas,hayden.thomas.715@example.edu,student
716,Emerson Thomas,emerson.thomas.716@example.edu,student
717,Finley Thomas,finley.thomas.717@example.edu,student
718,Logan Thomas,logan.thomas.718@example.edu,student
719,Micah Thomas,micah.thomas.719@example.edu,student
720,Alex Jackson,alex.jackson.720@example.edu,student
721,Jordan Jackson,jordan.jackson.721@example.edu,student
722,Taylor Jackson,taylor.jackson.722@example.edu,student
723,Morgan Jackson,morgan.jackson.723@example.edu,student
724,Riley Jackson,riley.jackson.724@example.edu,student
725,Casey Jackson,casey.jackson.725@example.edu,student
726,Quinn Jackson,quinn.jackson.726@example.edu,student
727,Jamie Jackson,jamie.jackson.727@example.edu,student
728,Avery Jackson,avery.jackson.728@example.edu,student
729,Dakota Jackson,dakota.jackson.729@example.edu,student
730,Rowan Jackson,rowan.jackson.730@example.edu,student
731,Skyler Jackson,skyler.jackson.731@example.edu,student
732,Parker Jackson,parker.jackson.732@example.edu,student
733,Reese Jackson,reese.jackson.733@example.edu,student
734,Kendall Jackson,kendall.jackson.734@example.edu,student
735,Hayden Jackson,hayden.jackson.735@example.edu,student
736,Emerson Jackson,emerson.jackson.736@example.edu,student
737,Finley Jackson,finley.jackson.737@example.edu,student
738,Logan Jackson,logan.jackson.738@example.edu,student
739,Micah Jackson,micah.jackson.739@example.edu,student
740,Alex White,alex.white.740@example.edu,student
741,Jordan White,jordan.white.741@example.edu,student
742,Taylor White,taylor.white.742@example.edu,student
743,Morgan White,morgan.white.743@example.edu,student
744,Riley White,riley.white.744@example.edu,student
745,Casey White,casey.white.745@example.edu,student
746,Quinn White,quinn.white.746@example.edu,instructor
747,Jamie White,jamie.white.747@example.edu,student
748,Avery White,avery.white.748@example.edu,student
749,Dakota White,dakota.white.749@example.edu,student
750,Rowan White,rowan.white.750@example.edu,student
751,Skyler White,skyler.white.751@example.edu,student
752,Parker White,parker.white.752@example.edu,student
753,Reese White,reese.white.753@example.edu,student
754,Kendall White,kendall.white.754@example.edu,student
755,Hayden White,hayden.white.755@example.edu,student
756,Emerson White,emerson.white.756@example.edu,student
757,Finley White,finley.white.757@example.edu,student
758,Logan White,logan.white.758@example.edu,student
759,Micah White,micah.white.759@example.edu,student
760,Alex Harris,alex.harris.760@example.edu,student
761,Jordan Harris,jordan.harris.761@example.edu,student
762,Taylor Harris,taylor.harris.762@example.edu,student
763,Morgan Harris,morgan.harris.763@example.edu,student
764,Riley Harris,riley.harris.764@example.edu,student
765,Casey Harris,casey.harris.765@example.edu,student
766,Quinn Harris,quinn.harris.766@example.edu,student
767,Jamie Harris,jamie.harris.767@example.edu,student
768,Avery Harris,avery.harris.768@example.edu,student
769,Dakota Harris,dakota.harris.769@example.edu,student
770,Rowan Harris,rowan.harris.770@example.edu,student
771,Skyler Harris,skyler.harris.771@example.edu,student
772,Parker Harris,parker.harris.772@example.edu,student
773,Reese Harris,reese.harris.773@example.edu,student
774,Kendall Harris,kendall.harris.774@example.edu,student
775,Hayden Harris,hayden.harris.775@example.edu,student
776,Emerson Harris,emerson.harris.776@example.edu,student
777,Finley Harris,finley.harris.777@example.edu,student
778,Logan Harris,logan.harris.778@example.edu,student
779,Micah Harris,micah.harris.779@example.edu,student
780,Alex Martin,alex.martin.780@example.edu,student
781,Jordan Martin,jordan.martin.781@example.edu,student
782,Taylor Martin,taylor.martin.782@example.edu,student
783,Morgan Martin,morgan.martin.783@example.edu,student
784,Riley Martin,riley.martin.784@example.edu,student
785,Casey Martin,casey.martin.785@example.edu,student
786,Quinn Martin,quinn.martin.786@example.edu,student
787,Jamie Martin,jamie.martin.787@example.edu,student
788,Avery Martin,avery.martin.788@example.edu,student
789,Dakota Martin,dakota.martin.789@example.edu,student
790,Rowan Martin,rowan.martin.790@example.edu,student
791,Skyler Martin,skyler.martin.791@example.edu,student
792,Parker Martin,parker.martin.792@example.edu,student
793,Reese Martin,reese.martin.793@example.edu,student
794,Kendall Martin,kendall.martin.794@example.edu,student
795,Hayden Martin,hayden.martin.795@example.edu,student
796,Emerson Martin,emerson.martin.796@example.edu,student
797,Finley Martin,finley.martin.797@example.edu,student
798,Logan Martin,logan.martin.798@example.edu,instructor
799,Micah Martin,micah.martin.799@example.edu,student
800,Alex Rivera,alex.rivera.800@example.edu,student
801,Jordan Rivera,jordan.rivera.801@example.edu,student
802,Taylor Rivera,taylor.rivera.802@example.edu,student
803,Morgan Rivera,morgan.rivera.803@example.edu,student
804,Riley Rivera,riley.rivera.804@example.edu,student
805,Casey Rivera,casey.rivera.805@example.edu,student
806,Quinn Rivera,quinn.rivera.806@example.edu,student
807,Jamie Rivera,jamie.rivera.807@example.edu,student
808,Avery Rivera,avery.rivera.808@example.edu,student
809,Dakota Rivera,dakota.rivera.809@example.edu,student
810,Rowan Rivera,rowan.rivera.810@example.edu,student
811,Skyler Rivera,skyler.rivera.811@example.edu,student
812,Parker Rivera,parker.rivera.812@example.edu,student
813,Reese Rivera,reese.rivera.813@example.edu,student
814,Kendall Rivera,kendall.rivera.814@example.edu,student
815,Hayden Rivera,hayden.rivera.815@example.edu,student
816,Emerson Rivera,emerson.rivera.816@example.edu,student
817,Finley Rivera,finley.rivera.817@example.edu,student
818,Logan Rivera,logan.rivera.818@example.edu,student
819,Micah Rivera,micah.rivera.819@example.edu,student
820,Alex Nguyen,alex.nguyen.820@example.edu,student
821,Jordan Nguyen,jordan.nguyen.821@example.edu,student
822,Taylor Nguyen,taylor.nguyen.822@example.edu,student
823,Morgan Nguyen,morgan.nguyen.823@example.edu,student
824,Riley Nguyen,riley.nguyen.824@example.edu,student
825,Casey Nguyen,casey.nguyen.825@example.edu,student
826,Quinn Nguyen,quinn.nguyen.826@example.edu,student
827,Jamie Nguyen,jamie.nguyen.827@example.edu,student
828,Avery Nguyen,avery.nguyen.828@example.edu,student
829,Dakota Nguyen,dakota.nguyen.829@example.edu,student
830,Rowan Nguyen,rowan.nguyen.830@example.edu,student
831,Skyler Nguyen,skyler.nguyen.831@example.edu,student
832,Parker Nguyen,parker.nguyen.832@example.edu,student
833,Reese Nguyen,reese.nguyen.833@example.edu,student
834,Kendall Nguyen,kendall.nguyen.834@example.edu,student
835,Hayden Nguyen,hayden.nguyen.835@example.edu,student
836,Emerson Nguyen,emerson.nguyen.836@example.edu,student
837,Finley Nguyen,finley.nguyen.837@example.edu,student
838,Logan Nguyen,logan.nguyen.838@example.edu,student
839,Micah Nguyen,micah.nguyen.839@example.edu,student
840,Alex Patel,alex.patel.840@example.edu,student
841,Jordan Patel,jordan.patel.841@example.edu,student
842,Taylor Patel,taylor.patel.842@example.edu,student
843,Morgan Patel,morgan.patel.843@example.edu,student
844,Riley Patel,riley.patel.844@example.edu,student
845,Casey Patel,casey.patel.845@example.edu,student
846,Quinn Patel,quinn.patel.846@example.edu,student
847,Jamie Patel,jamie.patel.847@example.edu,student
848,Avery Patel,avery.patel.848@example.edu,student
849,Dakota Patel,dakota.patel.849@example.edu,student
850,Rowan Patel,rowan.patel.850@example.edu,student
851,Skyler Patel,skyler.patel.851@example.edu,instructor
852,Parker Patel,parker.patel.852@example.edu,student
853,Reese Patel,reese.patel.853@example.edu,student
854,Kendall Patel,kendall.patel.854@example.edu,student
855,Hayden Patel,hayden.patel.855@example.edu,student
856,Emerson Patel,emerson.patel.856@example.edu,student
857,Finley Patel,finley.patel.857@example.edu,student
858,Logan Patel,logan.patel.858@example.edu,student
859,Micah Patel,micah.patel.859@example.edu,student
860,Alex Kim,alex.kim.860@example.edu,student
861,Jordan Kim,jordan.kim.861@example.edu,student
862,Taylor Kim,taylor.kim.862@example.edu,student
863,Morgan Kim,morgan.kim.863@example.edu,student
864,Riley Kim,riley.kim.864@example.edu,student
865,Casey Kim,casey.kim.865@example.edu,student
866,Quinn Kim,quinn.kim.866@example.edu,student
867,Jamie Kim,jamie.kim.867@example.edu,student
868,Avery Kim,avery.kim.868@example.edu,student
869,Dakota Kim,dakota.kim.869@example.edu,student
870,Rowan Kim,rowan.kim.870@example.edu,student
871,Skyler Kim,skyler.kim.871@example.edu,student
872,Parker Kim,parker.kim.872@example.edu,student
873,Reese Kim,reese.kim.873@example.edu,student
874,Kendall Kim,kendall.kim.874@example.edu,student
875,Hayden Kim,hayden.kim.875@example.edu,student
876,Emerson Kim,emerson.kim.876@example.edu,student
877,Finley Kim,finley.kim.877@example.edu,student
878,Logan Kim,logan.kim.878@example.edu,student
879,Micah Kim,micah.kim.879@example.edu,student
880,Alex Chen,alex.chen.880@example.edu,student
881,Jordan Chen,jordan.chen.881@example.edu,student
882,Taylor Chen,taylor.chen.882@example.edu,student
883,Morgan Chen,morgan.chen.883@example.edu,student
884,Riley Chen,riley.chen.884@example.edu,student
885,Casey Chen,casey.chen.885@example.edu,student
886,Quinn Chen,quinn.chen.886@example.edu,student
887,Jamie Chen,jamie.chen.887@example.edu,student
888,Avery Chen,avery.chen.888@example.edu,student
889,Dakota Chen,dakota.chen.889@example.edu,student
890,Rowan Chen,rowan.chen.890@example.edu,student
891,Skyler Chen,skyler.chen.891@example.edu,student
892,Parker Chen,parker.chen.892@example.edu,student
893,Reese Chen,reese.chen.893@example.edu,instructor
894,Kendall Chen,kendall.chen.894@example.edu,student
895,Hayden Chen,hayden.chen.895@example.edu,student
896,Emerson Chen,emerson.chen.896@example.edu,student
897,Finley Chen,finley.chen.897@example.edu,student
898,Logan Chen,logan.chen.898@example.edu,student
899,Micah Chen,micah.chen.899@example.edu,student
900,Alex Garcia,alex.garcia.900@example.edu,student
901,Jordan Garcia,jordan.garcia.901@example.edu,student
902,Taylor Garcia,taylor.garcia.902@example.edu,student
903,Morgan Garcia,morgan.garcia.903@example.edu,student
904,Riley Garcia,riley.garcia.904@example.edu,student
905,Casey Garcia,casey.garcia.905@example.edu,student
906,Quinn Garcia,quinn.garcia.906@example.edu,student
907,Jamie Garcia,jamie.garcia.907@example.edu,student
908,Avery Garcia,avery.garcia.908@example.edu,student
909,Dakota Garcia,dakota.garcia.909@example.edu,student
910,Rowan Garcia,rowan.garcia.910@example.edu,student
911,Skyler Garcia,skyler.garcia.911@example.edu,student
912,Parker Garcia,parker.garcia.912@example.edu,student
913,Reese Garcia,reese.garcia.913@example.edu,student
914,Kendall Garcia,kendall.garcia.914@example.edu,student
915,Hayden Garcia,hayden.garcia.915@example.edu,student
916,Emerson Garcia,emerson.garcia.916@example.edu,student
917,Finley Garcia,finley.garcia.917@example.edu,student
918,Logan Garcia,logan.garcia.918@example.edu,student
919,Micah Garcia,micah.garcia.919@example.edu,student
920,Alex Martinez,alex.martinez.920@example.edu,student
921,Jordan Martinez,jordan.martinez.921@example.edu,student
922,Taylor Martinez,taylor.martinez.922@example.edu,student
923,Morgan Martinez,morgan.martinez.923@example.edu,student
924,Riley Martinez,riley.martinez.924@example.edu,student
925,Casey Martinez,casey.martinez.925@example.edu,student
926,Quinn Martinez,quinn.martinez.926@example.edu,student
927,Jamie Martinez,jamie.martinez.927@example.edu,student
928,Avery Martinez,avery.martinez.928@example.edu,student
929,Dakota Martinez,dakota.martinez.929@example.edu,student
930,Rowan Martinez,rowan.martinez.930@example.edu,student
931,Skyler Martinez,skyler.martinez.931@example.edu,student
932,Parker Martinez,parker.martinez.932@example.edu,student
933,Reese Martinez,reese.martinez.933@example.edu,student
934,Kendall Martinez,kendall.martinez.934@example.edu,student
935,Hayden Martinez,hayden.martinez.935@example.edu,student
936,Emerson Martinez,emerson.martinez.936@example.edu,student
937,Finley Martinez,finley.martinez.937@example.edu,student
938,Logan Martinez,logan.martinez.938@example.edu,student
939,Micah Martinez,micah.martinez.939@example.edu,student
940,Alex Brown,alex.brown.940@example.edu,student
941,Jordan Brown,jordan.brown.941@example.edu,student
942,Taylor Brown,taylor.brown.942@example.edu,student
943,Morgan Brown,morgan.brown.943@example.edu,student
944,Riley Brown,riley.brown.944@example.edu,student
945,Casey Brown,casey.brown.945@example.edu,student
946,Quinn Brown,quinn.brown.946@example.edu,student
947,Jamie Brown,jamie.brown.947@example.edu,student
948,Avery Brown,avery.brown.948@example.edu,student
949,Dakota Brown,dakota.brown.949@example.edu,student
950,Rowan Brown,rowan.brown.950@example.edu,student
951,Skyler Brown,skyler.brown.951@example.edu,student
952,Parker Brown,parker.brown.952@example.edu,student
953,Reese Brown,reese.brown.953@example.edu,student
954,Kendall Brown,kendall.brown.954@example.edu,student
955,Hayden Brown,hayden.brown.955@example.edu,student
956,Emerson Brown,emerson.brown.956@example.edu,student
957,Finley Brown,finley.brown.957@example.edu,student
958,Logan Brown,logan.brown.958@example.edu,student
959,Micah Brown,micah.brown.959@example.edu,student
960,Alex Johnson,alex.johnson.960@example.edu,student
961,Jordan Johnson,jordan.johnson.961@example.edu,student
962,Taylor Johnson,taylor.johnson.962@example.edu,student
963,Morgan Johnson,morgan.johnson.963@example.edu,student
964,Riley Johnson,riley.johnson.964@example.edu,student
965,Casey Johnson,casey.johnson.965@example.edu,student
966,Quinn Johnson,quinn.johnson.966@example.edu,instructor
967,Jamie Johnson,jamie.johnson.967@example.edu,student
968,Avery Johnson,avery.johnson.968@example.edu,student
969,Dakota Johnson,dakota.johnson.969@example.edu,student
970,Rowan Johnson,rowan.johnson.970@example.edu,student
971,Skyler Johnson,skyler.johnson.971@example.edu,student
972,Parker Johnson,parker.johnson.972@example.edu,student
973,Reese Johnson,reese.johnson.973@example.edu,student
974,Kendall Johnson,kendall.johnson.974@example.edu,student
975,Hayden Johnson,hayden.johnson.975@example.edu,student
976,Emerson Johnson,emerson.johnson.976@example.edu,student
977,Finley Johnson,finley.johnson.977@example.edu,student
978,Logan Johnson,logan.johnson.978@example.edu,student
979,Micah Johnson,micah.johnson.979@example.edu,student
980,Alex Davis,alex.davis.980@example.edu,student
981,Jordan Davis,jordan.davis.981@example.edu,student
982,Taylor Davis,taylor.davis.982@example.edu,student
983,Morgan Davis,morgan.davis.983@example.edu,student
984,Riley Davis,riley.davis.984@example.edu,student
985,Casey Davis,casey.davis.985@example.edu,student
986,Quinn Davis,quinn.davis.986@example.edu,student
987,Jamie Davis,jamie.davis.987@example.edu,student
988,Avery Davis,avery.davis.988@example.edu,student
989,Dakota Davis,dakota.davis.989@example.edu,student
990,Rowan Davis,rowan.davis.990@example.edu,student
991,Skyler Davis,skyler.davis.991@example.edu,student
992,Parker Davis,parker.davis.992@example.edu,student
993,Reese Davis,reese.davis.993@example.edu,student
994,Kendall Davis,kendall.davis.994@example.edu,student
995,Hayden Davis,hayden.davis.995@example.edu,student
996,Emerson Davis,emerson.davis.996@example.edu,student
997,Finley Davis,finley.davis.997@example.edu,student
998,Logan Davis,logan.davis.998@example.edu,student
999,Micah Davis,micah.davis.999@example.edu,student
1000,Alex Miller,alex.miller.1000@example.edu,student
1001,Jordan Miller,jordan.miller.1001@example.edu,student
1002,Taylor Miller,taylor.miller.1002@example.edu,student
1003,Morgan Miller,morgan.miller.1003@example.edu,student
1004,Riley Miller,riley.miller.1004@example.edu,student
1005,Casey Miller,casey.miller.1005@example.edu,student
1006,Quinn Miller,quinn.miller.1006@example.edu,student
1007,Jamie Miller,jamie.miller.1007@example.edu,student
1008,Avery Miller,avery.miller.1008@example.edu,student
1009,Dakota Miller,dakota.miller.1009@example.edu,student
1010,Rowan Miller,rowan.miller.1010@example.edu,student
1011,Skyler Miller,skyler.miller.1011@example.edu,student
1012,Parker Miller,parker.miller.1012@example.edu,student
1013,Reese Miller,reese.miller.1013@example.edu,student
1014,Kendall Miller,kendall.miller.1014@example.edu,student
1015,Hayden Miller,hayden.miller.1015@example.edu,student
1016,Emerson Miller,emerson.miller.1016@example.edu,student
1017,Finley Miller,finley.miller.1017@example.edu,student
1018,Logan Miller,logan.miller.1018@example.edu,student
1019,Micah Miller,micah.miller.1019@example.edu,student
1020,Alex Wilson,alex.wilson.1020@example.edu,student
1021,Jordan Wilson,jordan.wilson.1021@example.edu,student
1022,Taylor Wilson,taylor.wilson.1022@example.edu,student
1023,Morgan Wilson,morgan.wilson.1023@example.edu,student
1024,Riley Wilson,riley.wilson.1024@example.edu,student
1025,Casey Wilson,casey.wilson.1025@example.edu,student
1026,Quinn Wilson,quinn.wilson.1026@example.edu,student
1027,Jamie Wilson,jamie.wilson.1027@example.edu,student
1028,Avery Wilson,avery.wilson.1028@example.edu,student
1029,Dakota Wilson,dakota.wilson.1029@example.edu,student
1030,Rowan Wilson,rowan.wilson.1030@example.edu,student
1031,Skyler Wilson,skyler.wilson.1031@example.edu,student
1032,Parker Wilson,parker.wilson.1032@example.edu,student
1033,Reese Wilson,reese.wilson.1033@example.edu,student
1034,Kendall Wilson,kendall.wilson.1034@example.edu,student
1035,Hayden Wilson,hayden.wilson.1035@example.edu,student
1036,Emerson Wilson,emerson.wilson.1036@example.edu,student
1037,Finley Wilson,finley.wilson.1037@example.edu,student
1038,Logan Wilson,logan.wilson.1038@example.edu,student
1039,Micah Wilson,micah.wilson.1039@example.edu,student
1040,Alex Moore,alex.moore.1040@example.edu,student
1041,Jordan Moore,jordan.moore.1041@example.edu,instructor
1042,Taylor Moore,taylor.moore.1042@example.edu,student
1043,Morgan Moore,morgan.moore.1043@example.edu,student
1044,Riley Moore,riley.moore.1044@example.edu,student
1045,Casey Moore,casey.moore.1045@example.edu,student
1046,Quinn Moore,quinn.moore.1046@example.edu,student
1047,Jamie Moore,jamie.moore.1047@example.edu,student
1048,Avery Moore,avery.moore.1048@example.edu,student
1049,Dakota Moore,dakota.moore.1049@example.edu,student
1050,Rowan Moore,rowan.moore.1050@example.edu,student
1051,Skyler Moore,skyler.moore.1051@example.edu,student
1052,Parker Moore,parker.moore.1052@example.edu,student
1053,Reese Moore,reese.moore.1053@example.edu,student
1054,Kendall Moore,kendall.moore.1054@example.edu,student
1055,Hayden Moore,hayden.moore.1055@example.edu,student
1056,Emerson Moore,emerson.moore.1056@example.edu,student
1057,Finley Moore,finley.moore.1057@example.edu,student
1058,Logan Moore,logan.moore.1058@example.edu,student
1059,Micah Moore,micah.moore.1059@example.edu,student
1060,Alex Taylor,alex.taylor.1060@example.edu,student
1061,Jordan Taylor,jordan.taylor.1061@example.edu,student
1062,Taylor Taylor,taylor.taylor.1062@example.edu,student
1063,Morgan Taylor,morgan.taylor.1063@example.edu,student
1064,Riley Taylor,riley.taylor.1064@example.edu,student
1065,Casey Taylor,casey.taylor.1065@example.edu,student
1066,Quinn Taylor,quinn.taylor.1066@example.edu,student
1067,Jamie Taylor,jamie.taylor.1067@example.edu,student
1068,Avery Taylor,avery.taylor.1068@example.edu,student
1069,Dakota Taylor,dakota.taylor.1069@example.edu,student
1070,Rowan Taylor,rowan.taylor.1070@example.edu,student
1071,Skyler Taylor,skyler.taylor.1071@example.edu,student
1072,Parker Taylor,parker.taylor.1072@example.edu,student
1073,Reese Taylor,reese.taylor.1073@example.edu,student
1074,Kendall Taylor,kendall.taylor.1074@example.edu,student
1075,Hayden Taylor,hayden.taylor.1075@example.edu,student
1076,Emerson Taylor,emerson.taylor.1076@example.edu,student
1077,Finley Taylor,finley.taylor.1077@example.edu,student
1078,Logan Taylor,logan.taylor.1078@example.edu,student
1079,Micah Taylor,micah.taylor.1079@example.edu,instructor
1080,Alex Anderson,alex.anderson.1080@example.edu,student
1081,Jordan Anderson,jordan.anderson.1081@example.edu,student
1082,Taylor Anderson,taylor.anderson.1082@example.edu,student
1083,Morgan Anderson,morgan.anderson.1083@example.edu,student
1084,Riley Anderson,riley.anderson.1084@example.edu,student
1085,Casey Anderson,casey.anderson.1085@example.edu,student
1086,Quinn Anderson,quinn.anderson.1086@example.edu,student
1087,Jamie Anderson,jamie.anderson.1087@example.edu,student
1088,Avery Anderson,avery.anderson.1088@example.edu,student
1089,Dakota Anderson,dakota.anderson.1089@example.edu,student
1090,Rowan Anderson,rowan.anderson.1090@example.edu,student
1091,Skyler Anderson,skyler.anderson.1091@example.edu,student
1092,Parker Anderson,parker.anderson.1092@example.edu,student
1093,Reese Anderson,reese.anderson.1093@example.edu,student
1094,Kendall Anderson,kendall.anderson.1094@example.edu,student
1095,Hayden Anderson,hayden.anderson.1095@example.edu,student
1096,Emerson Anderson,emerson.anderson.1096@example.edu,student
1097,Finley Anderson,finley.anderson.1097@example.edu,student
1098,Logan Anderson,logan.anderson.1098@example.edu,student
1099,Micah Anderson,micah.anderson.1099@example.edu,student
1100,Alex Thomas,alex.thomas.1100@example.edu,student
1101,Jordan Thomas,jordan.thomas.1101@example.edu,student
1102,Taylor Thomas,taylor.thomas.1102@example.edu,student
1103,Morgan Thomas,morgan.thomas.1103@example.edu,student
1104,Riley Thomas,riley.thomas.1104@example.edu,student
1105,Casey Thomas,casey.thomas.1105@example.edu,student
1106,Quinn Thomas,quinn.thomas.1106@example.edu,student
1107,Jamie Thomas,jamie.thomas.1107@example.edu,student
1108,Avery Thomas,avery.thomas.1108@example.edu,student
1109,Dakota Thomas,dakota.thomas.1109@example.edu,student
1110,Rowan Thomas,rowan.thomas.1110@example.edu,student
1111,Skyler Thomas,skyler.thomas.1111@example.edu,student
1112,Parker Thomas,parker.thomas.1112@example.edu,student
1113,Reese Thomas,reese.thomas.1113@example.edu,instructor
1114,Kendall Thomas,kendall.thomas.1114@example.edu,student
1115,Hayden Thomas,hayden.thomas.1115@example.edu,student
1116,Emerson Thomas,emerson.thomas.1116@example.edu,student
1117,Finley Thomas,finley.thomas.1117@example.edu,student
1118,Logan Thomas,logan.thomas.1118@example.edu,student
1119,Micah Thomas,micah.thomas.1119@example.edu,student
1120,Alex Jackson,alex.jackson.1120@example.edu,student
1121,Jordan Jackson,jordan.jackson.1121@example.edu,student
1122,Taylor Jackson,taylor.jackson.1122@example.edu,student
1123,Morgan Jackson,morgan.jackson.1123@example.edu,student
1124,Riley Jackson,riley.jackson.1124@example.edu,student
1125,Casey Jackson,casey.jackson.1125@example.edu,student
1126,Quinn Jackson,quinn.jackson.1126@example.edu,student
1127,Jamie Jackson,jamie.jackson.1127@example.edu,student
1128,Avery Jackson,avery.jackson.1128@example.edu,student
1129,Dakota Jackson,dakota.jackson.1129@example.edu,student
1130,Rowan Jackson,rowan.jackson.1130@example.edu,student
1131,Skyler Jackson,skyler.jackson.1131@example.edu,student
1132,Parker Jackson,parker.jackson.1132@example.edu,student
1133,Reese Jackson,reese.jackson.1133@example.edu,student
1134,Kendall Jackson,kendall.jackson.1134@example.edu,student
1135,Hayden Jackson,hayden.jackson.1135@example.edu,student
1136,Emerson Jackson,emerson.jackson.1136@example.edu,student
1137,Finley Jackson,finley.jackson.1137@example.edu,student
1138,Logan Jackson,logan.jackson.1138@example.edu,student
1139,Micah Jackson,micah.jackson.1139@example.edu,student
1140,Alex White,alex.white.1140@example.edu,student
1141,Jordan White,jordan.white.1141@example.edu,student
1142,Taylor White,taylor.white.1142@example.edu,student
1143,Morgan White,morgan.white.1143@example.edu,student
1144,Riley White,riley.white.1144@example.edu,student
1145,Casey White,casey.white.1145@example.edu,student
1146,Quinn White,quinn.white.1146@example.edu,student
1147,Jamie White,jamie.white.1147@example.edu,student
1148,Avery White,avery.white.1148@example.edu,student
1149,Dakota White,dakota.white.1149@example.edu,student
1150,Rowan White,rowan.white.1150@example.edu,student
1151,Skyler White,skyler.white.1151@example.edu,student
1152,Parker White,parker.white.1152@example.edu,student
1153,Reese White,reese.white.1153@example.edu,student
1154,Kendall White,kendall.white.1154@example.edu,student
1155,Hayden White,hayden.white.1155@example.edu,student
1156,Emerson White,emerson.white.1156@example.edu,student
1157,Finley White,finley.white.1157@example.edu,student
1158,Logan White,logan.white.1158@example.edu,student
1159,Micah White,micah.white.1159@example.edu,student
1160,Alex Harris,alex.harris.1160@example.edu,student
1161,Jordan Harris,jordan.harris.1161@example.edu,student
1162,Taylor Harris,taylor.harris.1162@example.edu,student
1163,Morgan Harris,morgan.harris.1163@example.edu,student
1164,Riley Harris,riley.harris.1164@example.edu,instructor
1165,Casey Harris,casey.harris.1165@example.edu,student
1166,Quinn Harris,quinn.harris.1166@example.edu,student
1167,Jamie Harris,jamie.harris.1167@example.edu,student
1168,Avery Harris,avery.harris.1168@example.edu,student
1169,Dakota Harris,dakota.harris.1169@example.edu,student
1170,Rowan Harris,rowan.harris.1170@example.edu,student
1171,Skyler Harris,skyler.harris.1171@example.edu,student
1172,Parker Harris,parker.harris.1172@example.edu,student
1173,Reese Harris,reese.harris.1173@example.edu,student
1174,Kendall Harris,kendall.harris.1174@example.edu,student
1175,Hayden Harris,hayden.harris.1175@example.edu,student
1176,Emerson Harris,emerson.harris.1176@example.edu,student
1177,Finley Harris,finley.harris.1177@example.edu,student
1178,Logan Harris,logan.harris.1178@example.edu,student
1179,Micah Harris,micah.harris.1179@example.edu,student
1180,Alex Martin,alex.martin.1180@example.edu,student
1181,Jordan Martin,jordan.martin.1181@example.edu,student
1182,Taylor Martin,taylor.martin.1182@example.edu,student
1183,Morgan Martin,morgan.martin.1183@example.edu,student
1184,Riley Martin,riley.martin.1184@example.edu,student
1185,Casey Martin,casey.martin.1185@example.edu,student
1186,Quinn Martin,quinn.martin.1186@example.edu,student
1187,Jamie Martin,jamie.martin.1187@example.edu,student
1188,Avery Martin,avery.martin.1188@example.edu,student
1189,Dakota Martin,dakota.martin.1189@example.edu,student
1190,Rowan Martin,rowan.martin.1190@example.edu,student
1191,Skyler Martin,skyler.martin.1191@example.edu,student
1192,Parker Martin,parker.martin.1192@example.edu,student
1193,Reese Martin,reese.martin.1193@example.edu,student
1194,Kendall Martin,kendall.martin.1194@example.edu,student
1195,Hayden Martin,hayden.martin.1195@example.edu,student
1196,Emerson Martin,emerson.martin.1196@example.edu,student
1197,Finley Martin,finley.martin.1197@example.edu,student
1198,Logan Martin,logan.martin.1198@example.edu,student
1199,Micah Martin,micah.martin.1199@example.edu,student
1200,Alex Rivera,alex.rivera.1200@example.edu,student
1201,Jordan Rivera,jordan.rivera.1201@example.edu,student
1202,Taylor Rivera,taylor.rivera.1202@example.edu,student
1203,Morgan Rivera,morgan.rivera.1203@example.edu,student
1204,Riley Rivera,riley.rivera.1204@example.edu,student
1205,Casey Rivera,casey.rivera.1205@example.edu,student
1206,Quinn Rivera,quinn.rivera.1206@example.edu,student
1207,Jamie Rivera,jamie.rivera.1207@example.edu,student
1208,Avery Rivera,avery.rivera.1208@example.edu,student
1209,Dakota Rivera,dakota.rivera.1209@example.edu,student
1210,Rowan Rivera,rowan.rivera.1210@example.edu,instructor
1211,Skyler Rivera,skyler.rivera.1211@example.edu,student
1212,Parker Rivera,parker.rivera.1212@example.edu,student
1213,Reese Rivera,reese.rivera.1213@example.edu,student
1214,Kendall Rivera,kendall.rivera.1214@example.edu,student
1215,Hayden Rivera,hayden.rivera.1215@example.edu,student
1216,Emerson Rivera,emerson.rivera.1216@example.edu,student
1217,Finley Rivera,finley.rivera.1217@example.edu,student
1218,Logan Rivera,logan.rivera.1218@example.edu,student
1219,Micah Rivera,micah.rivera.1219@example.edu,student
1220,Alex Nguyen,alex.nguyen.1220@example.edu,student
1221,Jordan Nguyen,jordan.nguyen.1221@example.edu,student
1222,Taylor Nguyen,taylor.nguyen.1222@example.edu,student
1223,Morgan Nguyen,morgan.nguyen.1223@example.edu,student
1224,Riley Nguyen,riley.nguyen.1224@example.edu,student
1225,Casey Nguyen,casey.nguyen.1225@example.edu,student
1226,Quinn Nguyen,quinn.nguyen.1226@example.edu,student
1227,Jamie Nguyen,jamie.nguyen.1227@example.edu,student
1228,Avery Nguyen,avery.nguyen.1228@example.edu,student
1229,Dakota Nguyen,dakota.nguyen.1229@example.edu,student
1230,Rowan Nguyen,rowan.nguyen.1230@example.edu,student
1231,Skyler Nguyen,skyler.nguyen.1231@example.edu,student
1232,Parker Nguyen,parker.nguyen.1232@example.edu,student
1233,Reese Nguyen,reese.nguyen.1233@example.edu,student
1234,Kendall Nguyen,kendall.nguyen.1234@example.edu,student
1235,Hayden Nguyen,hayden.nguyen.1235@example.edu,student
1236,Emerson Nguyen,emerson.nguyen.1236@example.edu,student
1237,Finley Nguyen,finley.nguyen.1237@example.edu,student
1238,Logan Nguyen,logan.nguyen.1238@example.edu,student
1239,Micah Nguyen,micah.nguyen.1239@example.edu,student
1240,Alex Patel,alex.patel.1240@example.edu,student
1241,Jordan Patel,jordan.patel.1241@example.edu,student
1242,Taylor Patel,taylor.patel.1242@example.edu,student
1243,Morgan Patel,morgan.patel.1243@example.edu,student
1244,Riley Patel,riley.patel.1244@example.edu,student
1245,Casey Patel,casey.patel.1245@example.edu,student
1246,Quinn Patel,quinn.patel.1246@example.edu,student
1247,Jamie Patel,jamie.patel.1247@example.edu,student
1248,Avery Patel,avery.patel.1248@example.edu,student
1249,Dakota Patel,dakota.patel.1249@example.edu,student
1250,Rowan Patel,rowan.patel.1250@example.edu,student
1251,Skyler Patel,skyler.patel.1251@example.edu,student
1252,Parker Patel,parker.patel.1252@example.edu,student
1253,Reese Patel,reese.patel.1253@example.edu,student
1254,Kendall Patel,kendall.patel.1254@example.edu,student
1255,Hayden Patel,hayden.patel.1255@example.edu,student
1256,Emerson Patel,emerson.patel.1256@example.edu,student
1257,Finley Patel,finley.patel.1257@example.edu,student
1258,Logan Patel,logan.patel.1258@example.edu,student
1259,Micah Patel,micah.patel.1259@example.edu,student
1260,Alex Kim,alex.kim.1260@example.edu,student
1261,Jordan Kim,jordan.kim.1261@example.edu,student
1262,Taylor Kim,taylor.kim.1262@example.edu,student
1263,Morgan Kim,morgan.kim.1263@example.edu,student
1264,Riley Kim,riley.kim.1264@example.edu,student
1265,Casey Kim,casey.kim.1265@example.edu,student
1266,Quinn Kim,quinn.kim.1266@example.edu,student
1267,Jamie Kim,jamie.kim.1267@example.edu,student
1268,Avery Kim,avery.kim.1268@example.edu,student
1269,Dakota Kim,dakota.kim.1269@example.edu,student
1270,Rowan Kim,rowan.kim.1270@example.edu,student
1271,Skyler Kim,skyler.kim.1271@example.edu,student
1272,Parker Kim,parker.kim.1272@example.edu,student
1273,Reese Kim,reese.kim.1273@example.edu,student
1274,Kendall Kim,kendall.kim.1274@example.edu,student
1275,Hayden Kim,hayden.kim.1275@example.edu,student
1276,Emerson Kim,emerson.kim.1276@example.edu,student
1277,Finley Kim,finley.kim.1277@example.edu,student
1278,Logan Kim,logan.kim.1278@example.edu,student
1279,Micah Kim,micah.kim.1279@example.edu,student
1280,Alex Chen,alex.chen.1280@example.edu,student
1281,Jordan Chen,jordan.chen.1281@example.edu,student
1282,Taylor Chen,taylor.chen.1282@example.edu,student
1283,Morgan Chen,morgan.chen.1283@example.edu,student
1284,Riley Chen,riley.chen.1284@example.edu,student
1285,Casey Chen,casey.chen.1285@example.edu,student
1286,Quinn Chen,quinn.chen.1286@example.edu,student
1287,Jamie Chen,jamie.chen.1287@example.edu,student
1288,Avery Chen,avery.chen.1288@example.edu,student
1289,Dakota Chen,dakota.chen.1289@example.edu,instructor
1290,Rowan Chen,rowan.chen.1290@example.edu,student
1291,Skyler Chen,skyler.chen.1291@example.edu,student
1292,Parker Chen,parker.chen.1292@example.edu,student
1293,Reese Chen,reese.chen.1293@example.edu,student
1294,Kendall Chen,kendall.chen.1294@example.edu,student
1295,Hayden Chen,hayden.chen.1295@example.edu,student
1296,Emerson Chen,emerson.chen.1296@example.edu,student
1297,Finley Chen,finley.chen.1297@example.edu,student
1298,Logan Chen,logan.chen.1298@example.edu,student
1299,Micah Chen,micah.chen.1299@example.edu,student
1300,Alex Garcia,alex.garcia.1300@example.edu,student
1301,Jordan Garcia,jordan.garcia.1301@example.edu,student
1302,Taylor Garcia,taylor.garcia.1302@example.edu,student
1303,Morgan Garcia,morgan.garcia.1303@example.edu,student
1304,Riley Garcia,riley.garcia.1304@example.edu,student
1305,Casey Garcia,casey.garcia.1305@example.edu,student
1306,Quinn Garcia,quinn.garcia.1306@example.edu,student
1307,Jamie Garcia,jamie.garcia.1307@example.edu,student
1308,Avery Garcia,avery.garcia.1308@example.edu,student
1309,Dakota Garcia,dakota.garcia.1309@example.edu,student
1310,Rowan Garcia,rowan.garcia.1310@example.edu,student
1311,Skyler Garcia,skyler.garcia.1311@example.edu,student
1312,Parker Garcia,parker.garcia.1312@example.edu,student
1313,Reese Garcia,reese.garcia.1313@example.edu,student
1314,Kendall Garcia,kendall.garcia.1314@example.edu,student
1315,Hayden Garcia,hayden.garcia.1315@example.edu,student
1316,Emerson Garcia,emerson.garcia.1316@example.edu,student
1317,Finley Garcia,finley.garcia.1317@example.edu,student
1318,Logan Garcia,logan.garcia.1318@example.edu,student
1319,Micah Garcia,micah.garcia.1319@example.edu,student
1320,Alex Martinez,alex.martinez.1320@example.edu,student
1321,Jordan Martinez,jordan.martinez.1321@example.edu,student
1322,Taylor Martinez,taylor.martinez.1322@example.edu,student
1323,Morgan Martinez,morgan.martinez.1323@example.edu,student
1324,Riley Martinez,riley.martinez.1324@example.edu,student
1325,Casey Martinez,casey.martinez.1325@example.edu,student
1326,Quinn Martinez,quinn.martinez.1326@example.edu,student
1327,Jamie Martinez,jamie.martinez.1327@example.edu,student
1328,Avery Martinez,avery.martinez.1328@example.edu,student
1329,Dakota Martinez,dakota.martinez.1329@example.edu,student
1330,Rowan Martinez,rowan.martinez.1330@example.edu,student
1331,Skyler Martinez,skyler.martinez.1331@example.edu,student
1332,Parker Martinez,parker.martinez.1332@example.edu,student
1333,Reese Martinez,reese.martinez.1333@example.edu,student
1334,Kendall Martinez,kendall.martinez.1334@example.edu,student
1335,Hayden Martinez,hayden.martinez.1335@example.edu,student
1336,Emerson Martinez,emerson.martinez.1336@example.edu,student
1337,Finley Martinez,finley.martinez.1337@example.edu,student
1338,Logan Martinez,logan.martinez.1338@example.edu,student
1339,Micah Martinez,micah.martinez.1339@example.edu,student
1340,Alex Brown,alex.brown.1340@example.edu,student
1341,Jordan Brown,jordan.brown.1341@example.edu,student
1342,Taylor Brown,taylor.brown.1342@example.edu,student
1343,Morgan Brown,morgan.brown.1343@example.edu,student
1344,Riley Brown,riley.brown.1344@example.edu,student
1345,Casey Brown,casey.brown.1345@example.edu,student
1346,Quinn Brown,quinn.brown.1346@example.edu,student
1347,Jamie Brown,jamie.brown.1347@example.edu,student
1348,Avery Brown,avery.brown.1348@example.edu,instructor
1349,Dakota Brown,dakota.brown.1349@example.edu,student
1350,Rowan Brown,rowan.brown.1350@example.edu,student
1351,Skyler Brown,skyler.brown.1351@example.edu,student
1352,Parker Brown,parker.brown.1352@example.edu,student
1353,Reese Brown,reese.brown.1353@example.edu,student
1354,Kendall Brown,kendall.brown.1354@example.edu,student
1355,Hayden Brown,hayden.brown.1355@example.edu,student
1356,Emerson Brown,emerson.brown.1356@example.edu,student
1357,Finley Brown,finley.brown.1357@example.edu,student
1358,Logan Brown,logan.brown.1358@example.edu,student
1359,Micah Brown,micah.brown.1359@example.edu,student
1360,Alex Johnson,alex.johnson.1360@example.edu,student
1361,Jordan Johnson,jordan.johnson.1361@example.edu,student
1362,Taylor Johnson,taylor.johnson.1362@example.edu,student
1363,Morgan Johnson,morgan.johnson.1363@example.edu,student
1364,Riley Johnson,riley.johnson.1364@example.edu,student
1365,Casey Johnson,casey.johnson.1365@example.edu,student
1366,Quinn Johnson,quinn.johnson.1366@example.edu,student
1367,Jamie Johnson,jamie.johnson.1367@example.edu,student
1368,Avery Johnson,avery.johnson.1368@example.edu,student
1369,Dakota Johnson,dakota.johnson.1369@example.edu,student
1370,Rowan Johnson,rowan.johnson.1370@example.edu,student
1371,Skyler Johnson,skyler.johnson.1371@example.edu,student
1372,Parker Johnson,parker.johnson.1372@example.edu,student
1373,Reese Johnson,reese.johnson.1373@example.edu,student
1374,Kendall Johnson,kendall.johnson.1374@example.edu,student
1375,Hayden Johnson,hayden.johnson.1375@example.edu,student
1376,Emerson Johnson,emerson.johnson.1376@example.edu,student
1377,Finley Johnson,finley.johnson.1377@example.edu,student
1378,Logan Johnson,logan.johnson.1378@example.edu,student
1379,Micah Johnson,micah.johnson.1379@example.edu,student
1380,Alex Davis,alex.davis.1380@example.edu,student
1381,Jordan Davis,jordan.davis.1381@example.edu,student
1382,Taylor Davis,taylor.davis.1382@example.edu,student
1383,Morgan Davis,morgan.davis.1383@example.edu,student
1384,Riley Davis,riley.davis.1384@example.edu,student
1385,Casey Davis,casey.davis.1385@example.edu,student
1386,Quinn Davis,quinn.davis.1386@example.edu,student
1387,Jamie Davis,jamie.davis.1387@example.edu,student
1388,Avery Davis,avery.davis.1388@example.edu,student
1389,Dakota Davis,dakota.davis.1389@example.edu,student
1390,Rowan Davis,rowan.davis.1390@example.edu,student
1391,Skyler Davis,skyler.davis.1391@example.edu,student
1392,Parker Davis,parker.davis.1392@example.edu,student
1393,Reese Davis,reese.davis.1393@example.edu,student
1394,Kendall Davis,kendall.davis.1394@example.edu,student
1395,Hayden Davis,hayden.davis.1395@example.edu,student
1396,Emerson Davis,emerson.davis.1396@example.edu,student
1397,Finley Davis,finley.davis.1397@example.edu,student
1398,Logan Davis,logan.davis.1398@example.edu,student
1399,Micah Davis,micah.davis.1399@example.edu,student
1400,Alex Miller,alex.miller.1400@example.edu,student
1401,Jordan Miller,jordan.miller.1401@example.edu,student
1402,Taylor Miller,taylor.miller.1402@example.edu,student
1403,Morgan Miller,morgan.miller.1403@example.edu,student
1404,Riley Miller,riley.miller.1404@example.edu,student
1405,Casey Miller,casey.miller.1405@example.edu,student
1406,Quinn Miller,quinn.miller.1406@example.edu,student
1407,Jamie Miller,jamie.miller.1407@example.edu,instructor
1408,Avery Miller,avery.miller.1408@example.edu,student
1409,Dakota Miller,dakota.miller.1409@example.edu,student
1410,Rowan Miller,rowan.miller.1410@example.edu,student
1411,Skyler Miller,skyler.miller.1411@example.edu,student
1412,Parker Miller,parker.miller.1412@example.edu,student
1413,Reese Miller,reese.miller.1413@example.edu,student
1414,Kendall Miller,kendall.miller.1414@example.edu,student
1415,Hayden Miller,hayden.miller.1415@example.edu,student
1416,Emerson Miller,emerson.miller.1416@example.edu,student
1417,Finley Miller,finley.miller.1417@example.edu,student
1418,Logan Miller,logan.miller.1418@example.edu,student
1419,Micah Miller,micah.miller.1419@example.edu,student
1420,Alex Wilson,alex.wilson.1420@example.edu,student
1421,Jordan Wilson,jordan.wilson.1421@example.edu,student
1422,Taylor Wilson,taylor.wilson.1422@example.edu,student
1423,Morgan Wilson,morgan.wilson.1423@example.edu,student
1424,Riley Wilson,riley.wilson.1424@example.edu,student
1425,Casey Wilson,casey.wilson.1425@example.edu,student
1426,Quinn Wilson,quinn.wilson.1426@example.edu,student
1427,Jamie Wilson,jamie.wilson.1427@example.edu,student
1428,Avery Wilson,avery.wilson.1428@example.edu,student
1429,Dakota Wilson,dakota.wilson.1429@example.edu,student
1430,Rowan Wilson,rowan.wilson.1430@example.edu,student
1431,Skyler Wilson,skyler.wilson.1431@example.edu,student
1432,Parker Wilson,parker.wilson.1432@example.edu,student
1433,Reese Wilson,reese.wilson.1433@example.edu,student
1434,Kendall Wilson,kendall.wilson.1434@example.edu,student
1435,Hayden Wilson,hayden.wilson.1435@example.edu,student
1436,Emerson Wilson,emerson.wilson.1436@example.edu,student
1437,Finley Wilson,finley.wilson.1437@example.edu,student
1438,Logan Wilson,logan.wilson.1438@example.edu,student
1439,Micah Wilson,micah.wilson.1439@example.edu,student
1440,Alex Moore,alex.moore.1440@example.edu,instructor
1441,Jordan Moore,jordan.moore.1441@example.edu,student
1442,Taylor Moore,taylor.moore.1442@example.edu,student
1443,Morgan Moore,morgan.moore.1443@example.edu,student
1444,Riley Moore,riley.moore.1444@example.edu,student
1445,Casey Moore,casey.moore.1445@example.edu,student
1446,Quinn Moore,quinn.moore.1446@example.edu,student
1447,Jamie Moore,jamie.moore.1447@example.edu,student
1448,Avery Moore,avery.moore.1448@example.edu,student
1449,Dakota Moore,dakota.moore.1449@example.edu,student
1450,Rowan Moore,rowan.moore.1450@example.edu,student
1451,Skyler Moore,skyler.moore.1451@example.edu,student
1452,Parker Moore,parker.moore.1452@example.edu,student
1453,Reese Moore,reese.moore.1453@example.edu,student
1454,Kendall Moore,kendall.moore.1454@example.edu,student
1455,Hayden Moore,hayden.moore.1455@example.edu,student
1456,Emerson Moore,emerson.moore.1456@example.edu,student
1457,Finley Moore,finley.moore.1457@example.edu,student
1458,Logan Moore,logan.moore.1458@example.edu,student
1459,Micah Moore,micah.moore.1459@example.edu,student
1460,Alex Taylor,alex.taylor.1460@example.edu,student
1461,Jordan Taylor,jordan.taylor.1461@example.edu,student
1462,Taylor Taylor,taylor.taylor.1462@example.edu,student
1463,Morgan Taylor,morgan.taylor.1463@example.edu,student
1464,Riley Taylor,riley.taylor.1464@example.edu,student
1465,Casey Taylor,casey.taylor.1465@example.edu,student
1466,Quinn Taylor,quinn.taylor.1466@example.edu,student
1467,Jamie Taylor,jamie.taylor.1467@example.edu,student
1468,Avery Taylor,avery.taylor.1468@example.edu,student
1469,Dakota Taylor,dakota.taylor.1469@example.edu,student
1470,Rowan Taylor,rowan.taylor.1470@example.edu,student
1471,Skyler Taylor,skyler.taylor.1471@example.edu,student
1472,Parker Taylor,parker.taylor.1472@example.edu,student
1473,Reese Taylor,reese.taylor.1473@example.edu,student
1474,Kendall Taylor,kendall.taylor.1474@example.edu,student
1475,Hayden Taylor,hayden.taylor.1475@example.edu,student
1476,Emerson Taylor,emerson.taylor.1476@example.edu,student
1477,Finley Taylor,finley.taylor.1477@example.edu,student
1478,Logan Taylor,logan.taylor.1478@example.edu,student
1479,Micah Taylor,micah.taylor.1479@example.edu,student
1480,Alex Anderson,alex.anderson.1480@example.edu,student
1481,Jordan Anderson,jordan.anderson.1481@example.edu,student
1482,Taylor Anderson,taylor.anderson.1482@example.edu,student
1483,Morgan Anderson,morgan.anderson.1483@example.edu,instructor
1484,Riley Anderson,riley.anderson.1484@example.edu,student
1485,Casey Anderson,casey.anderson.1485@example.edu,student
1486,Quinn Anderson,quinn.anderson.1486@example.edu,student
1487,Jamie Anderson,jamie.anderson.1487@example.edu,student
1488,Avery Anderson,avery.anderson.1488@example.edu,student
1489,Dakota Anderson,dakota.anderson.1489@example.edu,student
1490,Rowan Anderson,rowan.anderson.1490@example.edu,student
1491,Skyler Anderson,skyler.anderson.1491@example.edu,student
1492,Parker Anderson,parker.anderson.1492@example.edu,student
1493,Reese Anderson,reese.anderson.1493@example.edu,student
1494,Kendall Anderson,kendall.anderson.1494@example.edu,student
1495,Hayden Anderson,hayden.anderson.1495@example.edu,student
1496,Emerson Anderson,emerson.anderson.1496@example.edu,student
1497,Finley Anderson,finley.anderson.1497@example.edu,student
1498,Logan Anderson,logan.anderson.1498@example.edu,student
1499,Micah Anderson,micah.anderson.1499@example.edu,student
1500,Alex Thomas,alex.thomas.1500@example.edu,student
1501,Jordan Thomas,jordan.thomas.1501@example.edu,student
1502,Taylor Thomas,taylor.thomas.1502@example.edu,student
1503,Morgan Thomas,morgan.thomas.1503@example.edu,student
1504,Riley Thomas,riley.thomas.1504@example.edu,student
1505,Casey Thomas,casey.thomas.1505@example.edu,student
1506,Quinn Thomas,quinn.thomas.1506@example.edu,student
1507,Jamie Thomas,jamie.thomas.1507@example.edu,student
1508,Avery Thomas,avery.thomas.1508@example.edu,student
1509,Dakota Thomas,dakota.thomas.1509@example.edu,student
1510,Rowan Thomas,rowan.thomas.1510@example.edu,student
1511,Skyler Thomas,skyler.thomas.1511@example.edu,student
1512,Parker Thomas,parker.thomas.1512@example.edu,student
1513,Reese Thomas,reese.thomas.1513@example.edu,student
1514,Kendall Thomas,kendall.thomas.1514@example.edu,student
1515,Hayden Thomas,hayden.thomas.1515@example.edu,student
1516,Emerson Thomas,emerson.thomas.1516@example.edu,student
1517,Finley Thomas,finley.thomas.1517@example.edu,student
1518,Logan Thomas,logan.thomas.1518@example.edu,student
1519,Micah Thomas,micah.thomas.1519@example.edu,student
1520,Alex Jackson,alex.jackson.1520@example.edu,student
1521,Jordan Jackson,jordan.jackson.1521@example.edu,student
1522,Taylor Jackson,taylor.jackson.1522@example.edu,student
1523,Morgan Jackson,morgan.jackson.1523@example.edu,student
1524,Riley Jackson,riley.jackson.1524@example.edu,student
1525,Casey Jackson,casey.jackson.1525@example.edu,student
1526,Quinn Jackson,quinn.jackson.1526@example.edu,student
1527,Jamie Jackson,jamie.jackson.1527@example.edu,student
1528,Avery Jackson,avery.jackson.1528@example.edu,student
1529,Dakota Jackson,dakota.jackson.1529@example.edu,student
1530,Rowan Jackson,rowan.jackson.1530@example.edu,student
1531,Skyler Jackson,skyler.jackson.1531@example.edu,student
1532,Parker Jackson,parker.jackson.1532@example.edu,student
1533,Reese Jackson,reese.jackson.1533@example.edu,student
1534,Kendall Jackson,kendall.jackson.1534@example.edu,student
1535,Hayden Jackson,hayden.jackson.1535@example.edu,student
1536,Emerson Jackson,emerson.jackson.1536@example.edu,student
1537,Finley Jackson,finley.jackson.1537@example.edu,student
1538,Logan Jackson,logan.jackson.1538@example.edu,student
1539,Micah Jackson,micah.jackson.1539@example.edu,student
1540,Alex White,alex.white.1540@example.edu,student
1541,Jordan White,jordan.white.1541@example.edu,student
1542,Taylor White,taylor.white.1542@example.edu,student
1543,Morgan White,morgan.white.1543@example.edu,student
1544,Riley White,riley.white.1544@example.edu,student
1545,Casey White,casey.white.1545@example.edu,student
1546,Quinn White,quinn.white.1546@example.edu,student
1547,Jamie White,jamie.white.1547@example.edu,student
1548,Avery White,avery.white.1548@example.edu,student
1549,Dakota White,dakota.white.1549@example.edu,student
1550,Rowan White,rowan.white.1550@example.edu,student
1551,Skyler White,skyler.white.1551@example.edu,student
1552,Parker White,parker.white.1552@example.edu,student
1553,Reese White,reese.white.1553@example.edu,student
1554,Kendall White,kendall.white.1554@example.edu,student
1555,Hayden White,hayden.white.1555@example.edu,student
1556,Emerson White,emerson.white.1556@example.edu,student
1557,Finley White,finley.white.1557@example.edu,student
1558,Logan White,logan.white.1558@example.edu,student
1559,Micah White,micah.white.1559@example.edu,instructor
1560,Alex Harris,alex.harris.1560@example.edu,student
1561,Jordan Harris,jordan.harris.1561@example.edu,student
1562,Taylor Harris,taylor.harris.1562@example.edu,student
1563,Morgan Harris,morgan.harris.1563@example.edu,student
1564,Riley Harris,riley.harris.1564@example.edu,student
1565,Casey Harris,casey.harris.1565@example.edu,student
1566,Quinn Harris,quinn.harris.1566@example.edu,student
1567,Jamie Harris,jamie.harris.1567@example.edu,student
1568,Avery Harris,avery.harris.1568@example.edu,student
1569,Dakota Harris,dakota.harris.1569@example.edu,student
1570,Rowan Harris,rowan.harris.1570@example.edu,student
1571,Skyler Harris,skyler.harris.1571@example.edu,student
1572,Parker Harris,parker.harris.1572@example.edu,student
1573,Reese Harris,reese.harris.1573@example.edu,student
1574,Kendall Harris,kendall.harris.1574@example.edu,student
1575,Hayden Harris,hayden.harris.1575@example.edu,student
1576,Emerson Harris,emerson.harris.1576@example.edu,student
1577,Finley Harris,finley.harris.1577@example.edu,student
1578,Logan Harris,logan.harris.1578@example.edu,student
1579,Micah Harris,micah.harris.1579@example.edu,student
1580,Alex Martin,alex.martin.1580@example.edu,student
1581,Jordan Martin,jordan.martin.1581@example.edu,student
1582,Taylor Martin,taylor.martin.1582@example.edu,student
1583,Morgan Martin,morgan.martin.1583@example.edu,student
1584,Riley Martin,riley.martin.1584@example.edu,student
1585,Casey Martin,casey.martin.1585@example.edu,student
1586,Quinn Martin,quinn.martin.1586@example.edu,student
1587,Jamie Martin,jamie.martin.1587@example.edu,student
1588,Avery Martin,avery.martin.1588@example.edu,student
1589,Dakota Martin,dakota.martin.1589@example.edu,student
1590,Rowan Martin,rowan.martin.1590@example.edu,student
1591,Skyler Martin,skyler.martin.1591@example.edu,student
1592,Parker Martin,parker.martin.1592@example.edu,student
1593,Reese Martin,reese.martin.1593@example.edu,student
1594,Kendall Martin,kendall.martin.1594@example.edu,student
1595,Hayden Martin,hayden.martin.1595@example.edu,student
1596,Emerson Martin,emerson.martin.1596@example.edu,student
1597,Finley Martin,finley.martin.1597@example.edu,student
1598,Logan Martin,logan.martin.1598@example.edu,student
1599,Micah Martin,micah.martin.1599@example.edu,student
1600,Alex Rivera,alex.rivera.1600@example.edu,student
1601,Jordan Rivera,jordan.rivera.1601@example.edu,student
1602,Taylor Rivera,taylor.rivera.1602@example.edu,student
1603,Morgan Rivera,morgan.rivera.1603@example.edu,student
1604,Riley Rivera,riley.rivera.1604@example.edu,student
1605,Casey Rivera,casey.rivera.1605@example.edu,student
1606,Quinn Rivera,quinn.rivera.1606@example.edu,student
1607,Jamie Rivera,jamie.rivera.1607@example.edu,student
1608,Avery Rivera,avery.rivera.1608@example.edu,student
1609,Dakota Rivera,dakota.rivera.1609@example.edu,student
1610,Rowan Rivera,rowan.rivera.1610@example.edu,student
1611,Skyler Rivera,skyler.rivera.1611@example.edu,student
1612,Parker Rivera,parker.rivera.1612@example.edu,student
1613,Reese Rivera,reese.rivera.1613@example.edu,student
1614,Kendall Rivera,kendall.rivera.1614@example.edu,student
1615,Hayden Rivera,hayden.rivera.1615@example.edu,student
1616,Emerson Rivera,emerson.rivera.1616@example.edu,student
1617,Finley Rivera,finley.rivera.1617@example.edu,student
1618,Logan Rivera,logan.rivera.1618@example.edu,student
1619,Micah Rivera,micah.rivera.1619@example.edu,student
1620,Alex Nguyen,alex.nguyen.1620@example.edu,student
1621,Jordan Nguyen,jordan.nguyen.1621@example.edu,student
1622,Taylor Nguyen,taylor.nguyen.1622@example.edu,student
1623,Morgan Nguyen,morgan.nguyen.1623@example.edu,student
1624,Riley Nguyen,riley.nguyen.1624@example.edu,instructor
1625,Casey Nguyen,casey.nguyen.1625@example.edu,student
1626,Quinn Nguyen,quinn.nguyen.1626@example.edu,student
1627,Jamie Nguyen,jamie.nguyen.1627@example.edu,student
1628,Avery Nguyen,avery.nguyen.1628@example.edu,student
1629,Dakota Nguyen,dakota.nguyen.1629@example.edu,student
1630,Rowan Nguyen,rowan.nguyen.1630@example.edu,student
1631,Skyler Nguyen,skyler.nguyen.1631@example.edu,student
1632,Parker Nguyen,parker.nguyen.1632@example.edu,student
1633,Reese Nguyen,reese.nguyen.1633@example.edu,student
1634,Kendall Nguyen,kendall.nguyen.1634@example.edu,student
1635,Hayden Nguyen,hayden.nguyen.1635@example.edu,student
1636,Emerson Nguyen,emerson.nguyen.1636@example.edu,student
1637,Finley Nguyen,finley.nguyen.1637@example.edu,student
1638,Logan Nguyen,logan.nguyen.1638@example.edu,student
1639,Micah Nguyen,micah.nguyen.1639@example.edu,student
1640,Alex Patel,alex.patel.1640@example.edu,student
1641,Jordan Patel,jordan.patel.1641@example.edu,student
1642,Taylor Patel,taylor.patel.1642@example.edu,student
1643,Morgan Patel,morgan.patel.1643@example.edu,student
1644,Riley Patel,riley.patel.1644@example.edu,student
1645,Casey Patel,casey.patel.1645@example.edu,student
1646,Quinn Patel,quinn.patel.1646@example.edu,student
1647,Jamie Patel,jamie.patel.1647@example.edu,student
1648,Avery Patel,avery.patel.1648@example.edu,student
1649,Dakota Patel,dakota.patel.1649@example.edu,student
1650,Rowan Patel,rowan.patel.1650@example.edu,student
1651,Skyler Patel,skyler.patel.1651@example.edu,student
1652,Parker Patel,parker.patel.1652@example.edu,student
1653,Reese Patel,reese.patel.1653@example.edu,student
1654,Kendall Patel,kendall.patel.1654@example.edu,student
1655,Hayden Patel,hayden.patel.1655@example.edu,student
1656,Emerson Patel,emerson.patel.1656@example.edu,student
1657,Finley Patel,finley.patel.1657@example.edu,student
1658,Logan Patel,logan.patel.1658@example.edu,student
1659,Micah Patel,micah.patel.1659@example.edu,student
1660,Alex Kim,alex.kim.1660@example.edu,student
1661,Jordan Kim,jordan.kim.1661@example.edu,student
1662,Taylor Kim,taylor.kim.1662@example.edu,student
1663,Morgan Kim,morgan.kim.1663@example.edu,student
1664,Riley Kim,riley.kim.1664@example.edu,student
1665,Casey Kim,casey.kim.1665@example.edu,instructor
1666,Quinn Kim,quinn.kim.1666@example.edu,student
1667,Jamie Kim,jamie.kim.1667@example.edu,student
1668,Avery Kim,avery.kim.1668@example.edu,student
1669,Dakota Kim,dakota.kim.1669@example.edu,student
1670,Rowan Kim,rowan.kim.1670@example.edu,student
1671,Skyler Kim,skyler.kim.1671@example.edu,student
1672,Parker Kim,parker.kim.1672@example.edu,student
1673,Reese Kim,reese.kim.1673@example.edu,student
1674,Kendall Kim,kendall.kim.1674@example.edu,student
1675,Hayden Kim,hayden.kim.1675@example.edu,student
1676,Emerson Kim,emerson.kim.1676@example.edu,student
1677,Finley Kim,finley.kim.1677@example.edu,student
1678,Logan Kim,logan.kim.1678@example.edu,student
1679,Micah Kim,micah.kim.1679@example.edu,student
1680,Alex Chen,alex.chen.1680@example.edu,student
1681,Jordan Chen,jordan.chen.1681@example.edu,student
1682,Taylor Chen,taylor.chen.1682@example.edu,student
1683,Morgan Chen,morgan.chen.1683@example.edu,student
1684,Riley Chen,riley.chen.1684@example.edu,student
1685,Casey Chen,casey.chen.1685@example.edu,student
1686,Quinn Chen,quinn.chen.1686@example.edu,student
1687,Jamie Chen,jamie.chen.1687@example.edu,student
1688,Avery Chen,avery.chen.1688@example.edu,student
1689,Dakota Chen,dakota.chen.1689@example.edu,student
1690,Rowan Chen,rowan.chen.1690@example.edu,student
1691,Skyler Chen,skyler.chen.1691@example.edu,student
1692,Parker Chen,parker.chen.1692@example.edu,student
1693,Reese Chen,reese.chen.1693@example.edu,student
1694,Kendall Chen,kendall.chen.1694@example.edu,student
1695,Hayden Chen,hayden.chen.1695@example.edu,student
1696,Emerson Chen,emerson.chen.1696@example.edu,student
1697,Finley Chen,finley.chen.1697@example.edu,student
1698,Logan Chen,logan.chen.1698@example.edu,student
1699,Micah Chen,micah.chen.1699@example.edu,student
1700,Alex Garcia,alex.garcia.1700@example.edu,student
1701,Jordan Garcia,jordan.garcia.1701@example.edu,student
1702,Taylor Garcia,taylor.garcia.1702@example.edu,student
1703,Morgan Garcia,morgan.garcia.1703@example.edu,student
1704,Riley Garcia,riley.garcia.1704@example.edu,student
1705,Casey Garcia,casey.garcia.1705@example.edu,student
1706,Quinn Garcia,quinn.garcia.1706@example.edu,student
1707,Jamie Garcia,jamie.garcia.1707@example.edu,student
1708,Avery Garcia,avery.garcia.1708@example.edu,student
1709,Dakota Garcia,dakota.garcia.1709@example.edu,student
1710,Rowan Garcia,rowan.garcia.1710@example.edu,student
1711,Skyler Garcia,skyler.garcia.1711@example.edu,student
1712,Parker Garcia,parker.garcia.1712@example.edu,student
1713,Reese Garcia,reese.garcia.1713@example.edu,student
1714,Kendall Garcia,kendall.garcia.1714@example.edu,student
1715,Hayden Garcia,hayden.garcia.1715@example.edu,instructor
1716,Emerson Garcia,emerson.garcia.1716@example.edu,student
1717,Finley Garcia,finley.garcia.1717@example.edu,student
1718,Logan Garcia,logan.garcia.1718@example.edu,student
1719,Micah Garcia,micah.garcia.1719@example.edu,student
1720,Alex Martinez,alex.martinez.1720@example.edu,student
1721,Jordan Martinez,jordan.martinez.1721@example.edu,student
1722,Taylor Martinez,taylor.martinez.1722@example.edu,student
1723,Morgan Martinez,morgan.martinez.1723@example.edu,student
1724,Riley Martinez,riley.martinez.1724@example.edu,student
1725,Casey Martinez,casey.martinez.1725@example.edu,student
1726,Quinn Martinez,quinn.martinez.1726@example.edu,student
1727,Jamie Martinez,jamie.martinez.1727@example.edu,student
1728,Avery Martinez,avery.martinez.1728@example.edu,student
1729,Dakota Martinez,dakota.martinez.1729@example.edu,student
1730,Rowan Martinez,rowan.martinez.1730@example.edu,student
1731,Skyler Martinez,skyler.martinez.1731@example.edu,student
1732,Parker Martinez,parker.martinez.1732@example.edu,student
1733,Reese Martinez,reese.martinez.1733@example.edu,student
1734,Kendall Martinez,kendall.martinez.1734@example.edu,student
1735,Hayden Martinez,hayden.martinez.1735@example.edu,student
1736,Emerson Martinez,emerson.martinez.1736@example.edu,student
1737,Finley Martinez,finley.martinez.1737@example.edu,student
1738,Logan Martinez,logan.martinez.1738@example.edu,student
1739,Micah Martinez,micah.martinez.1739@example.edu,student
1740,Alex Brown,alex.brown.1740@example.edu,student
1741,Jordan Brown,jordan.brown.1741@example.edu,student
1742,Taylor Brown,taylor.brown.1742@example.edu,student
1743,Morgan Brown,morgan.brown.1743@example.edu,student
1744,Riley Brown,riley.brown.1744@example.edu,student
1745,Casey Brown,casey.brown.1745@example.edu,student
1746,Quinn Brown,quinn.brown.1746@example.edu,student
1747,Jamie Brown,jamie.brown.1747@example.edu,student
1748,Avery Brown,avery.brown.1748@example.edu,student
1749,Dakota Brown,dakota.brown.1749@example.edu,student
1750,Rowan Brown,rowan.brown.1750@example.edu,student
1751,Skyler Brown,skyler.brown.1751@example.edu,student
1752,Parker Brown,parker.brown.1752@example.edu,student
1753,Reese Brown,reese.brown.1753@example.edu,student
1754,Kendall Brown,kendall.brown.1754@example.edu,student
1755,Hayden Brown,hayden.brown.1755@example.edu,student
1756,Emerson Brown,emerson.brown.1756@example.edu,student
1757,Finley Brown,finley.brown.1757@example.edu,student
1758,Logan Brown,logan.brown.1758@example.edu,student
1759,Micah Brown,micah.brown.1759@example.edu,student
1760,Alex Johnson,alex.johnson.1760@example.edu,student
1761,Jordan Johnson,jordan.johnson.1761@example.edu,student
1762,Taylor Johnson,taylor.johnson.1762@example.edu,student
1763,Morgan Johnson,morgan.johnson.1763@example.edu,student
1764,Riley Johnson,riley.johnson.1764@example.edu,student
1765,Casey Johnson,casey.johnson.1765@example.edu,student
1766,Quinn Johnson,quinn.johnson.1766@example.edu,student
1767,Jamie Johnson,jamie.johnson.1767@example.edu,student
1768,Avery Johnson,avery.johnson.1768@example.edu,student
1769,Dakota Johnson,dakota.johnson.1769@example.edu,student
1770,Rowan Johnson,rowan.johnson.1770@example.edu,student
1771,Skyler Johnson,skyler.johnson.1771@example.edu,student
1772,Parker Johnson,parker.johnson.1772@example.edu,student
1773,Reese Johnson,reese.johnson.1773@example.edu,student
1774,Kendall Johnson,kendall.johnson.1774@example.edu,student
1775,Hayden Johnson,hayden.johnson.1775@example.edu,student
1776,Emerson Johnson,emerson.johnson.1776@example.edu,student
1777,Finley Johnson,finley.johnson.1777@example.edu,instructor
1778,Logan Johnson,logan.johnson.1778@example.edu,student
1779,Micah Johnson,micah.johnson.1779@example.edu,student
1780,Alex Davis,alex.davis.1780@example.edu,student
1781,Jordan Davis,jordan.davis.1781@example.edu,student
1782,Taylor Davis,taylor.davis.1782@example.edu,student
1783,Morgan Davis,morgan.davis.1783@example.edu,student
1784,Riley Davis,riley.davis.1784@example.edu,student
1785,Casey Davis,casey.davis.1785@example.edu,student
1786,Quinn Davis,quinn.davis.1786@example.edu,student
1787,Jamie Davis,jamie.davis.1787@example.edu,student
1788,Avery Davis,avery.davis.1788@example.edu,student
1789,Dakota Davis,dakota.davis.1789@example.edu,student
1790,Rowan Davis,rowan.davis.1790@example.edu,student
1791,Skyler Davis,skyler.davis.1791@example.edu,student
1792,Parker Davis,parker.davis.1792@example.edu,student
1793,Reese Davis,reese.davis.1793@example.edu,student
1794,Kendall Davis,kendall.davis.1794@example.edu,student
1795,Hayden Davis,hayden.davis.1795@example.edu,student
1796,Emerson Davis,emerson.davis.1796@example.edu,student
1797,Finley Davis,finley.davis.1797@example.edu,student
1798,Logan Davis,logan.davis.1798@example.edu,student
1799,Micah Davis,micah.davis.1799@example.edu,student
1800,Alex Miller,alex.miller.1800@example.edu,student
1801,Jordan Miller,jordan.miller.1801@example.edu,student
1802,Taylor Miller,taylor.miller.1802@example.edu,student
1803,Morgan Miller,morgan.miller.1803@example.edu,student
1804,Riley Miller,riley.miller.1804@example.edu,student
1805,Casey Miller,casey.miller.1805@example.edu,student
1806,Quinn Miller,quinn.miller.1806@example.edu,student
1807,Jamie Miller,jamie.miller.1807@example.edu,student
1808,Avery Miller,avery.miller.1808@example.edu,student
1809,Dakota Miller,dakota.miller.1809@example.edu,student
1810,Rowan Miller,rowan.miller.1810@example.edu,student
1811,Skyler Miller,skyler.miller.1811@example.edu,student
1812,Parker Miller,parker.miller.1812@example.edu,student
1813,Reese Miller,reese.miller.1813@example.edu,student
1814,Kendall Miller,kendall.miller.1814@example.edu,student
1815,Hayden Miller,hayden.miller.1815@example.edu,student
1816,Emerson Miller,emerson.miller.1816@example.edu,student
1817,Finley Miller,finley.miller.1817@example.edu,student
1818,Logan Miller,logan.miller.1818@example.edu,student
1819,Micah Miller,micah.miller.1819@example.edu,student
1820,Alex Wilson,alex.wilson.1820@example.edu,student
1821,Jordan Wilson,jordan.wilson.1821@example.edu,student
1822,Taylor Wilson,taylor.wilson.1822@example.edu,student
1823,Morgan Wilson,morgan.wilson.1823@example.edu,student
1824,Riley Wilson,riley.wilson.1824@example.edu,student
1825,Casey Wilson,casey.wilson.1825@example.edu,student
1826,Quinn Wilson,quinn.wilson.1826@example.edu,student
1827,Jamie Wilson,jamie.wilson.1827@example.edu,student
1828,Avery Wilson,avery.wilson.1828@example.edu,student
1829,Dakota Wilson,dakota.wilson.1829@example.edu,student
1830,Rowan Wilson,rowan.wilson.1830@example.edu,student
1831,Skyler Wilson,skyler.wilson.1831@example.edu,student
1832,Parker Wilson,parker.wilson.1832@example.edu,student
1833,Reese Wilson,reese.wilson.1833@example.edu,student
1834,Kendall Wilson,kendall.wilson.1834@example.edu,student
1835,Hayden Wilson,hayden.wilson.1835@example.edu,student
1836,Emerson Wilson,emerson.wilson.1836@example.edu,student
1837,Finley Wilson,finley.wilson.1837@example.edu,student
1838,Logan Wilson,logan.wilson.1838@example.edu,student
1839,Micah Wilson,micah.wilson.1839@example.edu,student
1840,Alex Moore,alex.moore.1840@example.edu,student
1841,Jordan Moore,jordan.moore.1841@example.edu,student
1842,Taylor Moore,taylor.moore.1842@example.edu,student
1843,Morgan Moore,morgan.moore.1843@example.edu,student
1844,Riley Moore,riley.moore.1844@example.edu,student
1845,Casey Moore,casey.moore.1845@example.edu,student
1846,Quinn Moore,quinn.moore.1846@example.edu,student
1847,Jamie Moore,jamie.moore.1847@example.edu,student
1848,Avery Moore,avery.moore.1848@example.edu,student
1849,Dakota Moore,dakota.moore.1849@example.edu,student
1850,Rowan Moore,rowan.moore.1850@example.edu,instructor
1851,Skyler Moore,skyler.moore.1851@example.edu,student
1852,Parker Moore,parker.moore.1852@example.edu,student
1853,Reese Moore,reese.moore.1853@example.edu,student
1854,Kendall Moore,kendall.moore.1854@example.edu,student
1855,Hayden Moore,hayden.moore.1855@example.edu,student
1856,Emerson Moore,emerson.moore.1856@example.edu,student
1857,Finley Moore,finley.moore.1857@example.edu,student
1858,Logan Moore,logan.moore.1858@example.edu,student
1859,Micah Moore,micah.moore.1859@example.edu,student
1860,Alex Taylor,alex.taylor.1860@example.edu,student
1861,Jordan Taylor,jordan.taylor.1861@example.edu,student
1862,Taylor Taylor,taylor.taylor.1862@example.edu,student
1863,Morgan Taylor,morgan.taylor.1863@example.edu,student
1864,Riley Taylor,riley.taylor.1864@example.edu,student
1865,Casey Taylor,casey.taylor.1865@example.edu,student
1866,Quinn Taylor,quinn.taylor.1866@example.edu,student
1867,Jamie Taylor,jamie.taylor.1867@example.edu,student
1868,Avery Taylor,avery.taylor.1868@example.edu,student
1869,Dakota Taylor,dakota.taylor.1869@example.edu,student
1870,Rowan Taylor,rowan.taylor.1870@example.edu,student
1871,Skyler Taylor,skyler.taylor.1871@example.edu,student
1872,Parker Taylor,parker.taylor.1872@example.edu,student
1873,Reese Taylor,reese.taylor.1873@example.edu,student
1874,Kendall Taylor,kendall.taylor.1874@example.edu,student
1875,Hayden Taylor,hayden.taylor.1875@example.edu,student
1876,Emerson Taylor,emerson.taylor.1876@example.edu,student
1877,Finley Taylor,finley.taylor.1877@example.edu,student
1878,Logan Taylor,logan.taylor.1878@example.edu,student
1879,Micah Taylor,micah.taylor.1879@example.edu,student
1880,Alex Anderson,alex.anderson.1880@example.edu,student
1881,Jordan Anderson,jordan.anderson.1881@example.edu,student
1882,Taylor Anderson,taylor.anderson.1882@example.edu,student
1883,Morgan Anderson,morgan.anderson.1883@example.edu,student
1884,Riley Anderson,riley.anderson.1884@example.edu,student
1885,Casey Anderson,casey.anderson.1885@example.edu,student
1886,Quinn Anderson,quinn.anderson.1886@example.edu,student
1887,Jamie Anderson,jamie.anderson.1887@example.edu,student
1888,Avery Anderson,avery.anderson.1888@example.edu,student
1889,Dakota Anderson,dakota.anderson.1889@example.edu,student
1890,Rowan Anderson,rowan.anderson.1890@example.edu,student
1891,Skyler Anderson,skyler.anderson.1891@example.edu,student
1892,Parker Anderson,parker.anderson.1892@example.edu,student
1893,Reese Anderson,reese.anderson.1893@example.edu,student
1894,Kendall Anderson,kendall.anderson.1894@example.edu,student
1895,Hayden Anderson,hayden.anderson.1895@example.edu,student
1896,Emerson Anderson,emerson.anderson.1896@example.edu,student
1897,Finley Anderson,finley.anderson.1897@example.edu,student
1898,Logan Anderson,logan.anderson.1898@example.edu,student
1899,Micah Anderson,micah.anderson.1899@example.edu,student
1900,Alex Thomas,alex.thomas.1900@example.edu,student
1901,Jordan Thomas,jordan.thomas.1901@example.edu,student
1902,Taylor Thomas,taylor.thomas.1902@example.edu,student
1903,Morgan Thomas,morgan.thomas.1903@example.edu,student
1904,Riley Thomas,riley.thomas.1904@example.edu,student
1905,Casey Thomas,casey.thomas.1905@example.edu,student
1906,Quinn Thomas,quinn.thomas.1906@example.edu,student
1907,Jamie Thomas,jamie.thomas.1907@example.edu,instructor
1908,Avery Thomas,avery.thomas.1908@example.edu,student
1909,Dakota Thomas,dakota.thomas.1909@example.edu,student
1910,Rowan Thomas,rowan.thomas.1910@example.edu,student
1911,Skyler Thomas,skyler.thomas.1911@example.edu,student
1912,Parker Thomas,parker.thomas.1912@example.edu,student
1913,Reese Thomas,reese.thomas.1913@example.edu,student
1914,Kendall Thomas,kendall.thomas.1914@example.edu,student
1915,Hayden Thomas,hayden.thomas.1915@example.edu,student
1916,Emerson Thomas,emerson.thomas.1916@example.edu,student
1917,Finley Thomas,finley.thomas.1917@example.edu,student
1918,Logan Thomas,logan.thomas.1918@example.edu,student
1919,Micah Thomas,micah.thomas.1919@example.edu,student
1920,Alex Jackson,alex.jackson.1920@example.edu,student
1921,Jordan Jackson,jordan.jackson.1921@example.edu,student
1922,Taylor Jackson,taylor.jackson.1922@example.edu,student
1923,Morgan Jackson,morgan.jackson.1923@example.edu,student
1924,Riley Jackson,riley.jackson.1924@example.edu,student
1925,Casey Jackson,casey.jackson.1925@example.edu,student
1926,Quinn Jackson,quinn.jackson.1926@example.edu,student
1927,Jamie Jackson,jamie.jackson.1927@example.edu,student
1928,Avery Jackson,avery.jackson.1928@example.edu,student
1929,Dakota Jackson,dakota.jackson.1929@example.edu,student
1930,Rowan Jackson,rowan.jackson.1930@example.edu,student
1931,Skyler Jackson,skyler.jackson.1931@example.edu,student
1932,Parker Jackson,parker.jackson.1932@example.edu,student
1933,Reese Jackson,reese.jackson.1933@example.edu,student
1934,Kendall Jackson,kendall.jackson.1934@example.edu,student
1935,Hayden Jackson,hayden.jackson.1935@example.edu,student
1936,Emerson Jackson,emerson.jackson.1936@example.edu,student
1937,Finley Jackson,finley.jackson.1937@example.edu,student
1938,Logan Jackson,logan.jackson.1938@example.edu,student
1939,Micah Jackson,micah.jackson.1939@example.edu,student
1940,Alex White,alex.white.1940@example.edu,student
1941,Jordan White,jordan.white.1941@example.edu,student
1942,Taylor White,taylor.white.1942@example.edu,student
1943,Morgan White,morgan.white.1943@example.edu,student
1944,Riley White,riley.white.1944@example.edu,student
1945,Casey White,casey.white.1945@example.edu,instructor
1946,Quinn White,quinn.white.1946@example.edu,student
1947,Jamie White,jamie.white.1947@example.edu,student
1948,Avery White,avery.white.1948@example.edu,student
1949,Dakota White,dakota.white.1949@example.edu,student
1950,Rowan White,rowan.white.1950@example.edu,student
1951,Skyler White,skyler.white.1951@example.edu,student
1952,Parker White,parker.white.1952@example.edu,student
1953,Reese White,reese.white.1953@example.edu,student
1954,Kendall White,kendall.white.1954@example.edu,student
1955,Hayden White,hayden.white.1955@example.edu,student
1956,Emerson White,emerson.white.1956@example.edu,student
1957,Finley White,finley.white.1957@example.edu,student
1958,Logan White,logan.white.1958@example.edu,student
1959,Micah White,micah.white.1959@example.edu,student
1960,Alex Harris,alex.harris.1960@example.edu,student
1961,Jordan Harris,jordan.harris.1961@example.edu,student
1962,Taylor Harris,taylor.harris.1962@example.edu,student
1963,Morgan Harris,morgan.harris.1963@example.edu,student
1964,Riley Harris,riley.harris.1964@example.edu,student
1965,Casey Harris,casey.harris.1965@example.edu,student
1966,Quinn Harris,quinn.harris.1966@example.edu,student
1967,Jamie Harris,jamie.harris.1967@example.edu,student
1968,Avery Harris,avery.harris.1968@example.edu,student
1969,Dakota Harris,dakota.harris.1969@example.edu,student
1970,Rowan Harris,rowan.harris.1970@example.edu,student
1971,Skyler Harris,skyler.harris.1971@example.edu,student
1972,Parker Harris,parker.harris.1972@example.edu,student
1973,Reese Harris,reese.harris.1973@example.edu,student
1974,Kendall Harris,kendall.harris.1974@example.edu,student
1975,Hayden Harris,hayden.harris.1975@example.edu,student
1976,Emerson Harris,emerson.harris.1976@example.edu,student
1977,Finley Harris,finley.harris.1977@example.edu,student
1978,Logan Harris,logan.harris.1978@example.edu,student
1979,Micah Harris,micah.harris.1979@example.edu,student
1980,Alex Martin,alex.martin.1980@example.edu,student
1981,Jordan Martin,jordan.martin.1981@example.edu,student
1982,Taylor Martin,taylor.martin.1982@example.edu,student
1983,Morgan Martin,morgan.martin.1983@example.edu,student
1984,Riley Martin,riley.martin.1984@example.edu,student
1985,Casey Martin,casey.martin.1985@example.edu,student
1986,Quinn Martin,quinn.martin.1986@example.edu,student
1987,Jamie Martin,jamie.martin.1987@example.edu,student
1988,Avery Martin,avery.martin.1988@example.edu,student
1989,Dakota Martin,dakota.martin.1989@example.edu,student
1990,Rowan Martin,rowan.martin.1990@example.edu,student
1991,Skyler Martin,skyler.martin.1991@example.edu,student
1992,Parker Martin,parker.martin.1992@example.edu,student
1993,Reese Martin,reese.martin.1993@example.edu,student
1994,Kendall Martin,kendall.martin.1994@example.edu,student
1995,Hayden Martin,hayden.martin.1995@example.edu,student
1996,Emerson Martin,emerson.martin.1996@example.edu,student
1997,Finley Martin,finley.martin.1997@example.edu,student
1998,Logan Martin,logan.martin.1998@example.edu,student
1999,Micah Martin,micah.martin.1999@example.edu,student
2000,Alex Rivera,alex.rivera.2000@example.edu,student
2001,Jordan Rivera,jordan.rivera.2001@example.edu,student
2002,Taylor Rivera,taylor.rivera.2002@example.edu,student
2003,Morgan Rivera,morgan.rivera.2003@example.edu,student
2004,Riley Rivera,riley.rivera.2004@example.edu,student
2005,Casey Rivera,casey.rivera.2005@example.edu,student
2006,Quinn Rivera,quinn.rivera.2006@example.edu,student
2007,Jamie Rivera,jamie.rivera.2007@example.edu,student
2008,Avery Rivera,avery.rivera.2008@example.edu,student
2009,Dakota Rivera,dakota.rivera.2009@example.edu,student
2010,Rowan Rivera,rowan.rivera.2010@example.edu,student
2011,Skyler Rivera,skyler.rivera.2011@example.edu,student
2012,Parker Rivera,parker.rivera.2012@example.edu,student
2013,Reese Rivera,reese.rivera.2013@example.edu,student
2014,Kendall Rivera,kendall.rivera.2014@example.edu,student
2015,Hayden Rivera,hayden.rivera.2015@example.edu,student
2016,Emerson Rivera,emerson.rivera.2016@example.edu,student
2017,Finley Rivera,finley.rivera.2017@example.edu,student
2018,Logan Rivera,logan.rivera.2018@example.edu,student
2019,Micah Rivera,micah.rivera.2019@example.edu,student
2020,Alex Nguyen,alex.nguyen.2020@example.edu,student
2021,Jordan Nguyen,jordan.nguyen.2021@example.edu,student
2022,Taylor Nguyen,taylor.nguyen.2022@example.edu,student
2023,Morgan Nguyen,morgan.nguyen.2023@example.edu,student
2024,Riley Nguyen,riley.nguyen.2024@example.edu,student
2025,Casey Nguyen,casey.nguyen.2025@example.edu,student
2026,Quinn Nguyen,quinn.nguyen.2026@example.edu,instructor
2027,Jamie Nguyen,jamie.nguyen.2027@example.edu,student
2028,Avery Nguyen,avery.nguyen.2028@example.edu,student
2029,Dakota Nguyen,dakota.nguyen.2029@example.edu,student
2030,Rowan Nguyen,rowan.nguyen.2030@example.edu,student
2031,Skyler Nguyen,skyler.nguyen.2031@example.edu,student
2032,Parker Nguyen,parker.nguyen.2032@example.edu,student
2033,Reese Nguyen,reese.nguyen.2033@example.edu,student
2034,Kendall Nguyen,kendall.nguyen.2034@example.edu,student
2035,Hayden Nguyen,hayden.nguyen.2035@example.edu,student
2036,Emerson Nguyen,emerson.nguyen.2036@example.edu,student
2037,Finley Nguyen,finley.nguyen.2037@example.edu,student
2038,Logan Nguyen,logan.nguyen.2038@example.edu,student
2039,Micah Nguyen,micah.nguyen.2039@example.edu,student
2040,Alex Patel,alex.patel.2040@example.edu,student
2041,Jordan Patel,jordan.patel.2041@example.edu,student
2042,Taylor Patel,taylor.patel.2042@example.edu,student
2043,Morgan Patel,morgan.patel.2043@example.edu,student
2044,Riley Patel,riley.patel.2044@example.edu,student
2045,Casey Patel,casey.patel.2045@example.edu,student
2046,Quinn Patel,quinn.patel.2046@example.edu,student
2047,Jamie Patel,jamie.patel.2047@example.edu,student
2048,Avery Patel,avery.patel.2048@example.edu,student
2049,Dakota Patel,dakota.patel.2049@example.edu,student
2050,Rowan Patel,rowan.patel.2050@example.edu,student
2051,Skyler Patel,skyler.patel.2051@example.edu,student
2052,Parker Patel,parker.patel.2052@example.edu,student
2053,Reese Patel,reese.patel.2053@example.edu,student
2054,Kendall Patel,kendall.patel.2054@example.edu,student
2055,Hayden Patel,hayden.patel.2055@example.edu,student
2056,Emerson Patel,emerson.patel.2056@example.edu,student
2057,Finley Patel,finley.patel.2057@example.edu,student
2058,Logan Patel,logan.patel.2058@example.edu,student
2059,Micah Patel,micah.patel.2059@example.edu,student
2060,Alex Kim,alex.kim.2060@example.edu,student
2061,Jordan Kim,jordan.kim.2061@example.edu,student
2062,Taylor Kim,taylor.kim.2062@example.edu,student
2063,Morgan Kim,morgan.kim.2063@example.edu,student
2064,Riley Kim,riley.kim.2064@example.edu,student
2065,Casey Kim,casey.kim.2065@example.edu,student
2066,Quinn Kim,quinn.kim.2066@example.edu,student
2067,Jamie Kim,jamie.kim.2067@example.edu,student
2068,Avery Kim,avery.kim.2068@example.edu,student
2069,Dakota Kim,dakota.kim.2069@example.edu,student
2070,Rowan Kim,rowan.kim.2070@example.edu,student
2071,Skyler Kim,skyler.kim.2071@example.edu,student
2072,Parker Kim,parker.kim.2072@example.edu,student
2073,Reese Kim,reese.kim.2073@example.edu,student
2074,Kendall Kim,kendall.kim.2074@example.edu,student
2075,Hayden Kim,hayden.kim.2075@example.edu,student
2076,Emerson Kim,emerson.kim.2076@example.edu,student
2077,Finley Kim,finley.kim.2077@example.edu,student
2078,Logan Kim,logan.kim.2078@example.edu,student
2079,Micah Kim,micah.kim.2079@example.edu,student
2080,Alex Chen,alex.chen.2080@example.edu,student
2081,Jordan Chen,jordan.chen.2081@example.edu,student
2082,Taylor Chen,taylor.chen.2082@example.edu,student
2083,Morgan Chen,morgan.chen.2083@example.edu,instructor
2084,Riley Chen,riley.chen.2084@example.edu,student
2085,Casey Chen,casey.chen.2085@example.edu,student
2086,Quinn Chen,quinn.chen.2086@example.edu,student
2087,Jamie Chen,jamie.chen.2087@example.edu,student
2088,Avery Chen,avery.chen.2088@example.edu,student
2089,Dakota Chen,dakota.chen.2089@example.edu,student
2090,Rowan Chen,rowan.chen.2090@example.edu,student
2091,Skyler Chen,skyler.chen.2091@example.edu,student
2092,Parker Chen,parker.chen.2092@example.edu,student
2093,Reese Chen,reese.chen.2093@example.edu,student
2094,Kendall Chen,kendall.chen.2094@example.edu,student
2095,Hayden Chen,hayden.chen.2095@example.edu,student
2096,Emerson Chen,emerson.chen.2096@example.edu,student
2097,Finley Chen,finley.chen.2097@example.edu,student
2098,Logan Chen,logan.chen.2098@example.edu,student
2099,Micah Chen,micah.chen.2099@example.edu,student
2100,Alex Garcia,alex.garcia.2100@example.edu,student
2101,Jordan Garcia,jordan.garcia.2101@example.edu,student
2102,Taylor Garcia,taylor.garcia.2102@example.edu,student
2103,Morgan Garcia,morgan.garcia.2103@example.edu,student
2104,Riley Garcia,riley.garcia.2104@example.edu,student
2105,Casey Garcia,casey.garcia.2105@example.edu,student
2106,Quinn Garcia,quinn.garcia.2106@example.edu,student
2107,Jamie Garcia,jamie.garcia.2107@example.edu,student
2108,Avery Garcia,avery.garcia.2108@example.edu,student
2109,Dakota Garcia,dakota.garcia.2109@example.edu,student
2110,Rowan Garcia,rowan.garcia.2110@example.edu,student
2111,Skyler Garcia,skyler.garcia.2111@example.edu,student
2112,Parker Garcia,parker.garcia.2112@example.edu,student
2113,Reese Garcia,reese.garcia.2113@example.edu,student
2114,Kendall Garcia,kendall.garcia.2114@example.edu,student
2115,Hayden Garcia,hayden.garcia.2115@example.edu,student
2116,Emerson Garcia,emerson.garcia.2116@example.edu,student
2117,Finley Garcia,finley.garcia.2117@example.edu,student
2118,Logan Garcia,logan.garcia.2118@example.edu,student
2119,Micah Garcia,micah.garcia.2119@example.edu,student
2120,Alex Martinez,alex.martinez.2120@example.edu,student
2121,Jordan Martinez,jordan.martinez.2121@example.edu,student
2122,Taylor Martinez,taylor.martinez.2122@example.edu,student
2123,Morgan Martinez,morgan.martinez.2123@example.edu,student
2124,Riley Martinez,riley.martinez.2124@example.edu,student
2125,Casey Martinez,casey.martinez.2125@example.edu,student
2126,Quinn Martinez,quinn.martinez.2126@example.edu,student
2127,Jamie Martinez,jamie.martinez.2127@example.edu,student
2128,Avery Martinez,avery.martinez.2128@example.edu,student
2129,Dakota Martinez,dakota.martinez.2129@example.edu,student
2130,Rowan Martinez,rowan.martinez.2130@example.edu,student
2131,Skyler Martinez,skyler.martinez.2131@example.edu,student
2132,Parker Martinez,parker.martinez.2132@example.edu,student
2133,Reese Martinez,reese.martinez.2133@example.edu,student
2134,Kendall Martinez,kendall.martinez.2134@example.edu,student
2135,Hayden Martinez,hayden.martinez.2135@example.edu,student
2136,Emerson Martinez,emerson.martinez.2136@example.edu,student
2137,Finley Martinez,finley.martinez.2137@example.edu,student
2138,Logan Martinez,logan.martinez.2138@example.edu,student
2139,Micah Martinez,micah.martinez.2139@example.edu,student
2140,Alex Brown,alex.brown.2140@example.edu,student
2141,Jordan Brown,jordan.brown.2141@example.edu,student
2142,Taylor Brown,taylor.brown.2142@example.edu,student
2143,Morgan Brown,morgan.brown.2143@example.edu,student
2144,Riley Brown,riley.brown.2144@example.edu,student
2145,Casey Brown,casey.brown.2145@example.edu,student
2146,Quinn Brown,quinn.brown.2146@example.edu,instructor
2147,Jamie Brown,jamie.brown.2147@example.edu,student
2148,Avery Brown,avery.brown.2148@example.edu,student
2149,Dakota Brown,dakota.brown.2149@example.edu,student
2150,Rowan Brown,rowan.brown.2150@example.edu,student
2151,Skyler Brown,skyler.brown.2151@example.edu,student
2152,Parker Brown,parker.brown.2152@example.edu,student
2153,Reese Brown,reese.brown.2153@example.edu,student
2154,Kendall Brown,kendall.brown.2154@example.edu,student
2155,Hayden Brown,hayden.brown.2155@example.edu,student
2156,Emerson Brown,emerson.brown.2156@example.edu,student
2157,Finley Brown,finley.brown.2157@example.edu,student
2158,Logan Brown,logan.brown.2158@example.edu,student
2159,Micah Brown,micah.brown.2159@example.edu,student
2160,Alex Johnson,alex.johnson.2160@example.edu,student
2161,Jordan Johnson,jordan.johnson.2161@example.edu,student
2162,Taylor Johnson,taylor.johnson.2162@example.edu,student
2163,Morgan Johnson,morgan.johnson.2163@example.edu,student
2164,Riley Johnson,riley.johnson.2164@example.edu,student
2165,Casey Johnson,casey.johnson.2165@example.edu,student
2166,Quinn Johnson,quinn.johnson.2166@example.edu,student
2167,Jamie Johnson,jamie.johnson.2167@example.edu,student
2168,Avery Johnson,avery.johnson.2168@example.edu,student
2169,Dakota Johnson,dakota.johnson.2169@example.edu,student
2170,Rowan Johnson,rowan.johnson.2170@example.edu,student
2171,Skyler Johnson,skyler.johnson.2171@example.edu,student
2172,Parker Johnson,parker.johnson.2172@example.edu,student
2173,Reese Johnson,reese.johnson.2173@example.edu,student
2174,Kendall Johnson,kendall.johnson.2174@example.edu,student
2175,Hayden Johnson,hayden.johnson.2175@example.edu,student
2176,Emerson Johnson,emerson.johnson.2176@example.edu,student
2177,Finley Johnson,finley.johnson.2177@example.edu,student
2178,Logan Johnson,logan.johnson.2178@example.edu,student
2179,Micah Johnson,micah.johnson.2179@example.edu,student
2180,Alex Davis,alex.davis.2180@example.edu,student
2181,Jordan Davis,jordan.davis.2181@example.edu,student
2182,Taylor Davis,taylor.davis.2182@example.edu,student
2183,Morgan Davis,morgan.davis.2183@example.edu,student
2184,Riley Davis,riley.davis.2184@example.edu,student
2185,Casey Davis,casey.davis.2185@example.edu,student
2186,Quinn Davis,quinn.davis.2186@example.edu,student
2187,Jamie Davis,jamie.davis.2187@example.edu,student
2188,Avery Davis,avery.davis.2188@example.edu,student
2189,Dakota Davis,dakota.davis.2189@example.edu,student
2190,Rowan Davis,rowan.davis.2190@example.edu,student
2191,Skyler Davis,skyler.davis.2191@example.edu,student
2192,Parker Davis,parker.davis.2192@example.edu,student
2193,Reese Davis,reese.davis.2193@example.edu,student
2194,Kendall Davis,kendall.davis.2194@example.edu,student
2195,Hayden Davis,hayden.davis.2195@example.edu,student
2196,Emerson Davis,emerson.davis.2196@example.edu,student
2197,Finley Davis,finley.davis.2197@example.edu,student
2198,Logan Davis,logan.davis.2198@example.edu,student
2199,Micah Davis,micah.davis.2199@example.edu,student
2200,Alex Miller,alex.miller.2200@example.edu,student
2201,Jordan Miller,jordan.miller.2201@example.edu,student
2202,Taylor Miller,taylor.miller.2202@example.edu,student
2203,Morgan Miller,morgan.miller.2203@example.edu,student
2204,Riley Miller,riley.miller.2204@example.edu,student
2205,Casey Miller,casey.miller.2205@example.edu,student
2206,Quinn Miller,quinn.miller.2206@example.edu,student
2207,Jamie Miller,jamie.miller.2207@example.edu,student
2208,Avery Miller,avery.miller.2208@example.edu,student
2209,Dakota Miller,dakota.miller.2209@example.edu,student
2210,Rowan Miller,rowan.miller.2210@example.edu,student
2211,Skyler Miller,skyler.miller.2211@example.edu,student
2212,Parker Miller,parker.miller.2212@example.edu,student
2213,Reese Miller,reese.miller.2213@example.edu,instructor
2214,Kendall Miller,kendall.miller.2214@example.edu,student
2215,Hayden Miller,hayden.miller.2215@example.edu,student
2216,Emerson Miller,emerson.miller.2216@example.edu,student
2217,Finley Miller,finley.miller.2217@example.edu,student
2218,Logan Miller,logan.miller.2218@example.edu,student
2219,Micah Miller,micah.miller.2219@example.edu,student
2220,Alex Wilson,alex.wilson.2220@example.edu,student
2221,Jordan Wilson,jordan.wilson.2221@example.edu,student
2222,Taylor Wilson,taylor.wilson.2222@example.edu,student
2223,Morgan Wilson,morgan.wilson.2223@example.edu,student
2224,Riley Wilson,riley.wilson.2224@example.edu,student
2225,Casey Wilson,casey.wilson.2225@example.edu,student
2226,Quinn Wilson,quinn.wilson.2226@example.edu,student
2227,Jamie Wilson,jamie.wilson.2227@example.edu,student
2228,Avery Wilson,avery.wilson.2228@example.edu,student
2229,Dakota Wilson,dakota.wilson.2229@example.edu,student
2230,Rowan Wilson,rowan.wilson.2230@example.edu,student
2231,Skyler Wilson,skyler.wilson.2231@example.edu,student
2232,Parker Wilson,parker.wilson.2232@example.edu,student
2233,Reese Wilson,reese.wilson.2233@example.edu,student
2234,Kendall Wilson,kendall.wilson.2234@example.edu,student
2235,Hayden Wilson,hayden.wilson.2235@example.edu,student
2236,Emerson Wilson,emerson.wilson.2236@example.edu,student
2237,Finley Wilson,finley.wilson.2237@example.edu,student
2238,Logan Wilson,logan.wilson.2238@example.edu,student
2239,Micah Wilson,micah.wilson.2239@example.edu,student
2240,Alex Moore,alex.moore.2240@example.edu,student
2241,Jordan Moore,jordan.moore.2241@example.edu,student
2242,Taylor Moore,taylor.moore.2242@example.edu,student
2243,Morgan Moore,morgan.moore.2243@example.edu,student
2244,Riley Moore,riley.moore.2244@example.edu,student
2245,Casey Moore,casey.moore.2245@example.edu,instructor
2246,Quinn Moore,quinn.moore.2246@example.edu,student
2247,Jamie Moore,jamie.moore.2247@example.edu,student
2248,Avery Moore,avery.moore.2248@example.edu,student
2249,Dakota Moore,dakota.moore.2249@example.edu,student
2250,Rowan Moore,rowan.moore.2250@example.edu,student
2251,Skyler Moore,skyler.moore.2251@example.edu,student
2252,Parker Moore,parker.moore.2252@example.edu,student
2253,Reese Moore,reese.moore.2253@example.edu,student
2254,Kendall Moore,kendall.moore.2254@example.edu,student
2255,Hayden Moore,hayden.moore.2255@example.edu,student
2256,Emerson Moore,emerson.moore.2256@example.edu,student
2257,Finley Moore,finley.moore.2257@example.edu,student
2258,Logan Moore,logan.moore.2258@example.edu,student
2259,Micah Moore,micah.moore.2259@example.edu,student
2260,Alex Taylor,alex.taylor.2260@example.edu,student
2261,Jordan Taylor,jordan.taylor.2261@example.edu,student
2262,Taylor Taylor,taylor.taylor.2262@example.edu,student
2263,Morgan Taylor,morgan.taylor.2263@example.edu,student
2264,Riley Taylor,riley.taylor.2264@example.edu,student
2265,Casey Taylor,casey.taylor.2265@example.edu,student
2266,Quinn Taylor,quinn.taylor.2266@example.edu,student
2267,Jamie Taylor,jamie.taylor.2267@example.edu,student
2268,Avery Taylor,avery.taylor.2268@example.edu,student
2269,Dakota Taylor,dakota.taylor.2269@example.edu,student
2270,Rowan Taylor,rowan.taylor.2270@example.edu,student
2271,Skyler Taylor,skyler.taylor.2271@example.edu,student
2272,Parker Taylor,parker.taylor.2272@example.edu,student
2273,Reese Taylor,reese.taylor.2273@example.edu,student
2274,Kendall Taylor,kendall.taylor.2274@example.edu,student
2275,Hayden Taylor,hayden.taylor.2275@example.edu,student
2276,Emerson Taylor,emerson.taylor.2276@example.edu,student
2277,Finley Taylor,finley.taylor.2277@example.edu,student
2278,Logan Taylor,logan.taylor.2278@example.edu,student
2279,Micah Taylor,micah.taylor.2279@example.edu,student
2280,Alex Anderson,alex.anderson.2280@example.edu,student
2281,Jordan Anderson,jordan.anderson.2281@example.edu,student
2282,Taylor Anderson,taylor.anderson.2282@example.edu,student
2283,Morgan Anderson,morgan.anderson.2283@example.edu,student
2284,Riley Anderson,riley.anderson.2284@example.edu,student
2285,Casey Anderson,casey.anderson.2285@example.edu,student
2286,Quinn Anderson,quinn.anderson.2286@example.edu,student
2287,Jamie Anderson,jamie.anderson.2287@example.edu,student
2288,Avery Anderson,avery.anderson.2288@example.edu,student
2289,Dakota Anderson,dakota.anderson.2289@example.edu,student
2290,Rowan Anderson,rowan.anderson.2290@example.edu,student
2291,Skyler Anderson,skyler.anderson.2291@example.edu,student
2292,Parker Anderson,parker.anderson.2292@example.edu,student
2293,Reese Anderson,reese.anderson.2293@example.edu,student
2294,Kendall Anderson,kendall.anderson.2294@example.edu,student
2295,Hayden Anderson,hayden.anderson.2295@example.edu,student
2296,Emerson Anderson,emerson.anderson.2296@example.edu,student
2297,Finley Anderson,finley.anderson.2297@example.edu,student
2298,Logan Anderson,logan.anderson.2298@example.edu,student
2299,Micah Anderson,micah.anderson.2299@example.edu,student
2300,Alex Thomas,alex.thomas.2300@example.edu,student
2301,Jordan Thomas,jordan.thomas.2301@example.edu,student
2302,Taylor Thomas,taylor.thomas.2302@example.edu,student
2303,Morgan Thomas,morgan.thomas.2303@example.edu,student
2304,Riley Thomas,riley.thomas.2304@example.edu,student
2305,Casey Thomas,casey.thomas.2305@example.edu,student
2306,Quinn Thomas,quinn.thomas.2306@example.edu,instructor
2307,Jamie Thomas,jamie.thomas.2307@example.edu,student
2308,Avery Thomas,avery.thomas.2308@example.edu,student
2309,Dakota Thomas,dakota.thomas.2309@example.edu,student
2310,Rowan Thomas,rowan.thomas.2310@example.edu,student
2311,Skyler Thomas,skyler.thomas.2311@example.edu,student
2312,Parker Thomas,parker.thomas.2312@example.edu,student
2313,Reese Thomas,reese.thomas.2313@example.edu,student
2314,Kendall Thomas,kendall.thomas.2314@example.edu,student
2315,Hayden Thomas,hayden.thomas.2315@example.edu,student
2316,Emerson Thomas,emerson.thomas.2316@example.edu,student
2317,Finley Thomas,finley.thomas.2317@example.edu,student
2318,Logan Thomas,logan.thomas.2318@example.edu,student
2319,Micah Thomas,micah.thomas.2319@example.edu,student
2320,Alex Jackson,alex.jackson.2320@example.edu,student
2321,Jordan Jackson,jordan.jackson.2321@example.edu,student
2322,Taylor Jackson,taylor.jackson.2322@example.edu,student
2323,Morgan Jackson,morgan.jackson.2323@example.edu,student
2324,Riley Jackson,riley.jackson.2324@example.edu,student
2325,Casey Jackson,casey.jackson.2325@example.edu,student
2326,Quinn Jackson,quinn.jackson.2326@example.edu,student
2327,Jamie Jackson,jamie.jackson.2327@example.edu,student
2328,Avery Jackson,avery.jackson.2328@example.edu,student
2329,Dakota Jackson,dakota.jackson.2329@example.edu,student
2330,Rowan Jackson,rowan.jackson.2330@example.edu,student
2331,Skyler Jackson,skyler.jackson.2331@example.edu,student
2332,Parker Jackson,parker.jackson.2332@example.edu,student
2333,Reese Jackson,reese.jackson.2333@example.edu,student
2334,Kendall Jackson,kendall.jackson.2334@example.edu,student
2335,Hayden Jackson,hayden.jackson.2335@example.edu,student
2336,Emerson Jackson,emerson.jackson.2336@example.edu,student
2337,Finley Jackson,finley.jackson.2337@example.edu,student
2338,Logan Jackson,logan.jackson.2338@example.edu,student
2339,Micah Jackson,micah.jackson.2339@example.edu,student
2340,Alex White,alex.white.2340@example.edu,student
2341,Jordan White,jordan.white.2341@example.edu,student
2342,Taylor White,taylor.white.2342@example.edu,student
2343,Morgan White,morgan.white.2343@example.edu,student
2344,Riley White,riley.white.2344@example.edu,student
2345,Casey White,casey.white.2345@example.edu,student
2346,Quinn White,quinn.white.2346@example.edu,student
2347,Jamie White,jamie.white.2347@example.edu,student
2348,Avery White,avery.white.2348@example.edu,student
2349,Dakota White,dakota.white.2349@example.edu,student
2350,Rowan White,rowan.white.2350@example.edu,instructor
2351,Skyler White,skyler.white.2351@example.edu,student
2352,Parker White,parker.white.2352@example.edu,student
2353,Reese White,reese.white.2353@example.edu,student
2354,Kendall White,kendall.white.2354@example.edu,student
2355,Hayden White,hayden.white.2355@example.edu,student
2356,Emerson White,emerson.white.2356@example.edu,student
2357,Finley White,finley.white.2357@example.edu,student
2358,Logan White,logan.white.2358@example.edu,student
2359,Micah White,micah.white.2359@example.edu,student
2360,Alex Harris,alex.harris.2360@example.edu,student
2361,Jordan Harris,jordan.harris.2361@example.edu,student
2362,Taylor Harris,taylor.harris.2362@example.edu,student
2363,Morgan Harris,morgan.harris.2363@example.edu,student
2364,Riley Harris,riley.harris.2364@example.edu,student
2365,Casey Harris,casey.harris.2365@example.edu,student
2366,Quinn Harris,quinn.harris.2366@example.edu,student
2367,Jamie Harris,jamie.harris.2367@example.edu,student
2368,Avery Harris,avery.harris.2368@example.edu,student
2369,Dakota Harris,dakota.harris.2369@example.edu,student
2370,Rowan Harris,rowan.harris.2370@example.edu,student
2371,Skyler Harris,skyler.harris.2371@example.edu,student
2372,Parker Harris,parker.harris.2372@example.edu,student
2373,Reese Harris,reese.harris.2373@example.edu,student
2374,Kendall Harris,kendall.harris.2374@example.edu,student
2375,Hayden Harris,hayden.harris.2375@example.edu,student
2376,Emerson Harris,emerson.harris.2376@example.edu,student
2377,Finley Harris,finley.harris.2377@example.edu,student
2378,Logan Harris,logan.harris.2378@example.edu,student
2379,Micah Harris,micah.harris.2379@example.edu,student
2380,Alex Martin,alex.martin.2380@example.edu,student
2381,Jordan Martin,jordan.martin.2381@example.edu,student
2382,Taylor Martin,taylor.martin.2382@example.edu,student
2383,Morgan Martin,morgan.martin.2383@example.edu,student
2384,Riley Martin,riley.martin.2384@example.edu,student
2385,Casey Martin,casey.martin.2385@example.edu,student
2386,Quinn Martin,quinn.martin.2386@example.edu,student
2387,Jamie Martin,jamie.martin.2387@example.edu,student
2388,Avery Martin,avery.martin.2388@example.edu,student
2389,Dakota Martin,dakota.martin.2389@example.edu,student
2390,Rowan Martin,rowan.martin.2390@example.edu,student
2391,Skyler Martin,skyler.martin.2391@example.edu,student
2392,Parker Martin,parker.martin.2392@example.edu,student
2393,Reese Martin,reese.martin.2393@example.edu,student
2394,Kendall Martin,kendall.martin.2394@example.edu,student
2395,Hayden Martin,hayden.martin.2395@example.edu,student
2396,Emerson Martin,emerson.martin.2396@example.edu,student
2397,Finley Martin,finley.martin.2397@example.edu,student
2398,Logan Martin,logan.martin.2398@example.edu,student
2399,Micah Martin,micah.martin.2399@example.edu,student
2400,Alex Rivera,alex.rivera.2400@example.edu,student
2401,Jordan Rivera,jordan.rivera.2401@example.edu,student
2402,Taylor Rivera,taylor.rivera.2402@example.edu,student
2403,Morgan Rivera,morgan.rivera.2403@example.edu,student
2404,Riley Rivera,riley.rivera.2404@example.edu,student
2405,Casey Rivera,casey.rivera.2405@example.edu,student
2406,Quinn Rivera,quinn.rivera.2406@example.edu,student
2407,Jamie Rivera,jamie.rivera.2407@example.edu,student
2408,Avery Rivera,avery.rivera.2408@example.edu,student
2409,Dakota Rivera,dakota.rivera.2409@example.edu,student
2410,Rowan Rivera,rowan.rivera.2410@example.edu,student
2411,Skyler Rivera,skyler.rivera.2411@example.edu,student
2412,Parker Rivera,parker.rivera.2412@example.edu,student
2413,Reese Rivera,reese.rivera.2413@example.edu,student
2414,Kendall Rivera,kendall.rivera.2414@example.edu,student
2415,Hayden Rivera,hayden.rivera.2415@example.edu,student
2416,Emerson Rivera,emerson.rivera.2416@example.edu,student
2417,Finley Rivera,finley.rivera.2417@example.edu,student
2418,Logan Rivera,logan.rivera.2418@example.edu,student
2419,Micah Rivera,micah.rivera.2419@example.edu,student
2420,Alex Nguyen,alex.nguyen.2420@example.edu,student
2421,Jordan Nguyen,jordan.nguyen.2421@example.edu,student
2422,Taylor Nguyen,taylor.nguyen.2422@example.edu,student
2423,Morgan Nguyen,morgan.nguyen.2423@example.edu,student
2424,Riley Nguyen,riley.nguyen.2424@example.edu,student
2425,Casey Nguyen,casey.nguyen.2425@example.edu,instructor
2426,Quinn Nguyen,quinn.nguyen.2426@example.edu,student
2427,Jamie Nguyen,jamie.nguyen.2427@example.edu,student
2428,Avery Nguyen,avery.nguyen.2428@example.edu,student
2429,Dakota Nguyen,dakota.nguyen.2429@example.edu,student
2430,Rowan Nguyen,rowan.nguyen.2430@example.edu,student
2431,Skyler Nguyen,skyler.nguyen.2431@example.edu,student
2432,Parker Nguyen,parker.nguyen.2432@example.edu,student
2433,Reese Nguyen,reese.nguyen.2433@example.edu,student
2434,Kendall Nguyen,kendall.nguyen.2434@example.edu,student
2435,Hayden Nguyen,hayden.nguyen.2435@example.edu,student
2436,Emerson Nguyen,emerson.nguyen.2436@example.edu,student
2437,Finley Nguyen,finley.nguyen.2437@example.edu,student
2438,Logan Nguyen,logan.nguyen.2438@example.edu,student
2439,Micah Nguyen,micah.nguyen.2439@example.edu,student
2440,Alex Patel,alex.patel.2440@example.edu,student
2441,Jordan Patel,jordan.patel.2441@example.edu,student
2442,Taylor Patel,taylor.patel.2442@example.edu,student
2443,Morgan Patel,morgan.patel.2443@example.edu,student
2444,Riley Patel,riley.patel.2444@example.edu,student
2445,Casey Patel,casey.patel.2445@example.edu,student
2446,Quinn Patel,quinn.patel.2446@example.edu,student
2447,Jamie Patel,jamie.patel.2447@example.edu,student
2448,Avery Patel,avery.patel.2448@example.edu,student
2449,Dakota Patel,dakota.patel.2449@example.edu,student
2450,Rowan Patel,rowan.patel.2450@example.edu,student
2451,Skyler Patel,skyler.patel.2451@example.edu,student
2452,Parker Patel,parker.patel.2452@example.edu,student
2453,Reese Patel,reese.patel.2453@example.edu,student
2454,Kendall Patel,kendall.patel.2454@example.edu,student
2455,Hayden Patel,hayden.patel.2455@example.edu,student
2456,Emerson Patel,emerson.patel.2456@example.edu,student
2457,Finley Patel,finley.patel.2457@example.edu,student
2458,Logan Patel,logan.patel.2458@example.edu,student
2459,Micah Patel,micah.patel.2459@example.edu,student
2460,Alex Kim,alex.kim.2460@example.edu,student
2461,Jordan Kim,jordan.kim.2461@example.edu,student
2462,Taylor Kim,taylor.kim.2462@example.edu,student
2463,Morgan Kim,morgan.kim.2463@example.edu,student
2464,Riley Kim,riley.kim.2464@example.edu,instructor
2465,Casey Kim,casey.kim.2465@example.edu,student
2466,Quinn Kim,quinn.kim.2466@example.edu,student
2467,Jamie Kim,jamie.kim.2467@example.edu,student
2468,Avery Kim,avery.kim.2468@example.edu,student
2469,Dakota Kim,dakota.kim.2469@example.edu,student
2470,Rowan Kim,rowan.kim.2470@example.edu,student
2471,Skyler Kim,skyler.kim.2471@example.edu,student
2472,Parker Kim,parker.kim.2472@example.edu,student
2473,Reese Kim,reese.kim.2473@example.edu,student
2474,Kendall Kim,kendall.kim.2474@example.edu,student
2475,Hayden Kim,hayden.kim.2475@example.edu,student
2476,Emerson Kim,emerson.kim.2476@example.edu,student
2477,Finley Kim,finley.kim.2477@example.edu,student
2478,Logan Kim,logan.kim.2478@example.edu,student
2479,Micah Kim,micah.kim.2479@example.edu,student
2480,Alex Chen,alex.chen.2480@example.edu,student
2481,Jordan Chen,jordan.chen.2481@example.edu,student
2482,Taylor Chen,taylor.chen.2482@example.edu,student
2483,Morgan Chen,morgan.chen.2483@example.edu,student
2484,Riley Chen,riley.chen.2484@example.edu,student
2485,Casey Chen,casey.chen.2485@example.edu,student
2486,Quinn Chen,quinn.chen.2486@example.edu,student
2487,Jamie Chen,jamie.chen.2487@example.edu,student
2488,Avery Chen,avery.chen.2488@example.edu,student
2489,Dakota Chen,dakota.chen.2489@example.edu,student
2490,Rowan Chen,rowan.chen.2490@example.edu,student
2491,Skyler Chen,skyler.chen.2491@example.edu,student
2492,Parker Chen,parker.chen.2492@example.edu,student
2493,Reese Chen,reese.chen.2493@example.edu,student
2494,Kendall Chen,kendall.chen.2494@example.edu,student
2495,Hayden Chen,hayden.chen.2495@example.edu,student
2496,Emerson Chen,emerson.chen.2496@example.edu,student
2497,Finley Chen,finley.chen.2497@example.edu,student
2498,Logan Chen,logan.chen.2498@example.edu,student
2499,Micah Chen,micah.chen.2499@example.edu,student
2500,Alex Garcia,alex.garcia.2500@example.edu,student
2501,Jordan Garcia,jordan.garcia.2501@example.edu,student
2502,Taylor Garcia,taylor.garcia.2502@example.edu,student
2503,Morgan Garcia,morgan.garcia.2503@example.edu,student
2504,Riley Garcia,riley.garcia.2504@example.edu,student
2505,Casey Garcia,casey.garcia.2505@example.edu,student
2506,Quinn Garcia,quinn.garcia.2506@example.edu,student
2507,Jamie Garcia,jamie.garcia.2507@example.edu,student
2508,Avery Garcia,avery.garcia.2508@example.edu,student
2509,Dakota Garcia,dakota.garcia.2509@example.edu,student
2510,Rowan Garcia,rowan.garcia.2510@example.edu,student
2511,Skyler Garcia,skyler.garcia.2511@example.edu,student
2512,Parker Garcia,parker.garcia.2512@example.edu,student
2513,Reese Garcia,reese.garcia.2513@example.edu,student
2514,Kendall Garcia,kendall.garcia.2514@example.edu,student
2515,Hayden Garcia,hayden.garcia.2515@example.edu,student
2516,Emerson Garcia,emerson.garcia.2516@example.edu,student
2517,Finley Garcia,finley.garcia.2517@example.edu,student
2518,Logan Garcia,logan.garcia.2518@example.edu,student
2519,Micah Garcia,micah.garcia.2519@example.edu,student
2520,Alex Martinez,alex.martinez.2520@example.edu,student
2521,Jordan Martinez,jordan.martinez.2521@example.edu,student
2522,Taylor Martinez,taylor.martinez.2522@example.edu,student
2523,Morgan Martinez,morgan.martinez.2523@example.edu,student
2524,Riley Martinez,riley.martinez.2524@example.edu,student
2525,Casey Martinez,casey.martinez.2525@example.edu,student
2526,Quinn Martinez,quinn.martinez.2526@example.edu,student
2527,Jamie Martinez,jamie.martinez.2527@example.edu,student
2528,Avery Martinez,avery.martinez.2528@example.edu,student
2529,Dakota Martinez,dakota.martinez.2529@example.edu,student
2530,Rowan Martinez,rowan.martinez.2530@example.edu,student
2531,Skyler Martinez,skyler.martinez.2531@example.edu,instructor
2532,Parker Martinez,parker.martinez.2532@example.edu,student
2533,Reese Martinez,reese.martinez.2533@example.edu,student
2534,Kendall Martinez,kendall.martinez.2534@example.edu,student
2535,Hayden Martinez,hayden.martinez.2535@example.edu,student
2536,Emerson Martinez,emerson.martinez.2536@example.edu,student
2537,Finley Martinez,finley.martinez.2537@example.edu,student
2538,Logan Martinez,logan.martinez.2538@example.edu,student
2539,Micah Martinez,micah.martinez.2539@example.edu,student
2540,Alex Brown,alex.brown.2540@example.edu,student
2541,Jordan Brown,jordan.brown.2541@example.edu,student
2542,Taylor Brown,taylor.brown.2542@example.edu,student
2543,Morgan Brown,morgan.brown.2543@example.edu,student
2544,Riley Brown,riley.brown.2544@example.edu,student
2545,Casey Brown,casey.brown.2545@example.edu,student
2546,Quinn Brown,quinn.brown.2546@example.edu,student
2547,Jamie Brown,jamie.brown.2547@example.edu,student
2548,Avery Brown,avery.brown.2548@example.edu,student
2549,Dakota Brown,dakota.brown.2549@example.edu,student
2550,Rowan Brown,rowan.brown.2550@example.edu,student
2551,Skyler Brown,skyler.brown.2551@example.edu,student
2552,Parker Brown,parker.brown.2552@example.edu,student
2553,Reese Brown,reese.brown.2553@example.edu,student
2554,Kendall Brown,kendall.brown.2554@example.edu,student
2555,Hayden Brown,hayden.brown.2555@example.edu,student
2556,Emerson Brown,emerson.brown.2556@example.edu,student
2557,Finley Brown,finley.brown.2557@example.edu,student
2558,Logan Brown,logan.brown.2558@example.edu,student
2559,Micah Brown,micah.brown.2559@example.edu,student
2560,Alex Johnson,alex.johnson.2560@example.edu,student
2561,Jordan Johnson,jordan.johnson.2561@example.edu,student
2562,Taylor Johnson,taylor.johnson.2562@example.edu,student
2563,Morgan Johnson,morgan.johnson.2563@example.edu,student
2564,Riley Johnson,riley.johnson.2564@example.edu,student
2565,Casey Johnson,casey.johnson.2565@example.edu,student
2566,Quinn Johnson,quinn.johnson.2566@example.edu,student
2567,Jamie Johnson,jamie.johnson.2567@example.edu,student
2568,Avery Johnson,avery.johnson.2568@example.edu,student
2569,Dakota Johnson,dakota.johnson.2569@example.edu,student
2570,Rowan Johnson,rowan.johnson.2570@example.edu,student
2571,Skyler Johnson,skyler.johnson.2571@example.edu,student
2572,Parker Johnson,parker.johnson.2572@example.edu,student
2573,Reese Johnson,reese.johnson.2573@example.edu,student
2574,Kendall Johnson,kendall.johnson.2574@example.edu,student
2575,Hayden Johnson,hayden.johnson.2575@example.edu,student
2576,Emerson Johnson,emerson.johnson.2576@example.edu,student
2577,Finley Johnson,finley.johnson.2577@example.edu,student
2578,Logan Johnson,logan.johnson.2578@example.edu,student
2579,Micah Johnson,micah.johnson.2579@example.edu,student
2580,Alex Davis,alex.davis.2580@example.edu,student
2581,Jordan Davis,jordan.davis.2581@example.edu,instructor
2582,Taylor Davis,taylor.davis.2582@example.edu,student
2583,Morgan Davis,morgan.davis.2583@example.edu,student
2584,Riley Davis,riley.davis.2584@example.edu,student
2585,Casey Davis,casey.davis.2585@example.edu,student
2586,Quinn Davis,quinn.davis.2586@example.edu,student
2587,Jamie Davis,jamie.davis.2587@example.edu,student
2588,Avery Davis,avery.davis.2588@example.edu,student
2589,Dakota Davis,dakota.davis.2589@example.edu,student
2590,Rowan Davis,rowan.davis.2590@example.edu,student
2591,Skyler Davis,skyler.davis.2591@example.edu,student
2592,Parker Davis,parker.davis.2592@example.edu,student
2593,Reese Davis,reese.davis.2593@example.edu,student
2594,Kendall Davis,kendall.davis.2594@example.edu,student
2595,Hayden Davis,hayden.davis.2595@example.edu,student
2596,Emerson Davis,emerson.davis.2596@example.edu,student
2597,Finley Davis,finley.davis.2597@example.edu,student
2598,Logan Davis,logan.davis.2598@example.edu,student
2599,Micah Davis,micah.davis.2599@example.edu,student
2600,Alex Miller,alex.miller.2600@example.edu,student
2601,Jordan Miller,jordan.miller.2601@example.edu,student
2602,Taylor Miller,taylor.miller.2602@example.edu,student
2603,Morgan Miller,morgan.miller.2603@example.edu,student
2604,Riley Miller,riley.miller.2604@example.edu,student
2605,Casey Miller,casey.miller.2605@example.edu,student
2606,Quinn Miller,quinn.miller.2606@example.edu,student
2607,Jamie Miller,jamie.miller.2607@example.edu,student
2608,Avery Miller,avery.miller.2608@example.edu,student
2609,Dakota Miller,dakota.miller.2609@example.edu,student
2610,Rowan Miller,rowan.miller.2610@example.edu,student
2611,Skyler Miller,skyler.miller.2611@example.edu,student
2612,Parker Miller,parker.miller.2612@example.edu,student
2613,Reese Miller,reese.miller.2613@example.edu,student
2614,Kendall Miller,kendall.miller.2614@example.edu,student
2615,Hayden Miller,hayden.miller.2615@example.edu,student
2616,Emerson Miller,emerson.miller.2616@example.edu,student
2617,Finley Miller,finley.miller.2617@example.edu,student
2618,Logan Miller,logan.miller.2618@example.edu,student
2619,Micah Miller,micah.miller.2619@example.edu,student
2620,Alex Wilson,alex.wilson.2620@example.edu,student
2621,Jordan Wilson,jordan.wilson.2621@example.edu,student
2622,Taylor Wilson,taylor.wilson.2622@example.edu,student
2623,Morgan Wilson,morgan.wilson.2623@example.edu,student
2624,Riley Wilson,riley.wilson.2624@example.edu,student
2625,Casey Wilson,casey.wilson.2625@example.edu,student
2626,Quinn Wilson,quinn.wilson.2626@example.edu,student
2627,Jamie Wilson,jamie.wilson.2627@example.edu,student
2628,Avery Wilson,avery.wilson.2628@example.edu,student
2629,Dakota Wilson,dakota.wilson.2629@example.edu,instructor
2630,Rowan Wilson,rowan.wilson.2630@example.edu,student
2631,Skyler Wilson,skyler.wilson.2631@example.edu,student
2632,Parker Wilson,parker.wilson.2632@example.edu,student
2633,Reese Wilson,reese.wilson.2633@example.edu,student
2634,Kendall Wilson,kendall.wilson.2634@example.edu,student
2635,Hayden Wilson,hayden.wilson.2635@example.edu,student
2636,Emerson Wilson,emerson.wilson.2636@example.edu,student
2637,Finley Wilson,finley.wilson.2637@example.edu,student
2638,Logan Wilson,logan.wilson.2638@example.edu,student
2639,Micah Wilson,micah.wilson.2639@example.edu,student
2640,Alex Moore,alex.moore.2640@example.edu,student
2641,Jordan Moore,jordan.moore.2641@example.edu,student
2642,Taylor Moore,taylor.moore.2642@example.edu,student
2643,Morgan Moore,morgan.moore.2643@example.edu,student
2644,Riley Moore,riley.moore.2644@example.edu,student
2645,Casey Moore,casey.moore.2645@example.edu,student
2646,Quinn Moore,quinn.moore.2646@example.edu,student
2647,Jamie Moore,jamie.moore.2647@example.edu,student
2648,Avery Moore,avery.moore.2648@example.edu,student
2649,Dakota Moore,dakota.moore.2649@example.edu,student
2650,Rowan Moore,rowan.moore.2650@example.edu,student
2651,Skyler Moore,skyler.moore.2651@example.edu,student
2652,Parker Moore,parker.moore.2652@example.edu,student
2653,Reese Moore,reese.moore.2653@example.edu,student
2654,Kendall Moore,kendall.moore.2654@example.edu,student
2655,Hayden Moore,hayden.moore.2655@example.edu,student
2656,Emerson Moore,emerson.moore.2656@example.edu,student
2657,Finley Moore,finley.moore.2657@example.edu,student
2658,Logan Moore,logan.moore.2658@example.edu,student
2659,Micah Moore,micah.moore.2659@example.edu,student
2660,Alex Taylor,alex.taylor.2660@example.edu,student
2661,Jordan Taylor,jordan.taylor.2661@example.edu,student
2662,Taylor Taylor,taylor.taylor.2662@example.edu,student
2663,Morgan Taylor,morgan.taylor.2663@example.edu,student
2664,Riley Taylor,riley.taylor.2664@example.edu,student
2665,Casey Taylor,casey.taylor.2665@example.edu,student
2666,Quinn Taylor,quinn.taylor.2666@example.edu,student
2667,Jamie Taylor,jamie.taylor.2667@example.edu,student
2668,Avery Taylor,avery.taylor.2668@example.edu,student
2669,Dakota Taylor,dakota.taylor.2669@example.edu,student
2670,Rowan Taylor,rowan.taylor.2670@example.edu,student
2671,Skyler Taylor,skyler.taylor.2671@example.edu,student
2672,Parker Taylor,parker.taylor.2672@example.edu,student
2673,Reese Taylor,reese.taylor.2673@example.edu,student
2674,Kendall Taylor,kendall.taylor.2674@example.edu,student
2675,Hayden Taylor,hayden.taylor.2675@example.edu,student
2676,Emerson Taylor,emerson.taylor.2676@example.edu,student
2677,Finley Taylor,finley.taylor.2677@example.edu,student
2678,Logan Taylor,logan.taylor.2678@example.edu,student
2679,Micah Taylor,micah.taylor.2679@example.edu,student
2680,Alex Anderson,alex.anderson.2680@example.edu,student
2681,Jordan Anderson,jordan.anderson.2681@example.edu,student
2682,Taylor Anderson,taylor.anderson.2682@example.edu,student
2683,Morgan Anderson,morgan.anderson.2683@example.edu,student
2684,Riley Anderson,riley.anderson.2684@example.edu,student
2685,Casey Anderson,casey.anderson.2685@example.edu,student
2686,Quinn Anderson,quinn.anderson.2686@example.edu,student
2687,Jamie Anderson,jamie.anderson.2687@example.edu,student
2688,Avery Anderson,avery.anderson.2688@example.edu,student
2689,Dakota Anderson,dakota.anderson.2689@example.edu,student
2690,Rowan Anderson,rowan.anderson.2690@example.edu,student
2691,Skyler Anderson,skyler.anderson.2691@example.edu,student
2692,Parker Anderson,parker.anderson.2692@example.edu,student
2693,Reese Anderson,reese.anderson.2693@example.edu,student
2694,Kendall Anderson,kendall.anderson.2694@example.edu,student
2695,Hayden Anderson,hayden.anderson.2695@example.edu,student
2696,Emerson Anderson,emerson.anderson.2696@example.edu,student
2697,Finley Anderson,finley.anderson.2697@example.edu,student
2698,Logan Anderson,logan.anderson.2698@example.edu,student
2699,Micah Anderson,micah.anderson.2699@example.edu,student
2700,Alex Thomas,alex.thomas.2700@example.edu,student
2701,Jordan Thomas,jordan.thomas.2701@example.edu,student
2702,Taylor Thomas,taylor.thomas.2702@example.edu,instructor
2703,Morgan Thomas,morgan.thomas.2703@example.edu,student
2704,Riley Thomas,riley.thomas.2704@example.edu,student
2705,Casey Thomas,casey.thomas.2705@example.edu,student
2706,Quinn Thomas,quinn.thomas.2706@example.edu,student
2707,Jamie Thomas,jamie.thomas.2707@example.edu,student
2708,Avery Thomas,avery.thomas.2708@example.edu,student
2709,Dakota Thomas,dakota.thomas.2709@example.edu,student
2710,Rowan Thomas,rowan.thomas.2710@example.edu,student
2711,Skyler Thomas,skyler.thomas.2711@example.edu,student
2712,Parker Thomas,parker.thomas.2712@example.edu,student
2713,Reese Thomas,reese.thomas.2713@example.edu,student
2714,Kendall Thomas,kendall.thomas.2714@example.edu,student
2715,Hayden Thomas,hayden.thomas.2715@example.edu,student
2716,Emerson Thomas,emerson.thomas.2716@example.edu,student
2717,Finley Thomas,finley.thomas.2717@example.edu,student
2718,Logan Thomas,logan.thomas.2718@example.edu,student
2719,Micah Thomas,micah.thomas.2719@example.edu,student
2720,Alex Jackson,alex.jackson.2720@example.edu,student
2721,Jordan Jackson,jordan.jackson.2721@example.edu,student
2722,Taylor Jackson,taylor.jackson.2722@example.edu,student
2723,Morgan Jackson,morgan.jackson.2723@example.edu,student
2724,Riley Jackson,riley.jackson.2724@example.edu,student
2725,Casey Jackson,casey.jackson.2725@example.edu,student
2726,Quinn Jackson,quinn.jackson.2726@example.edu,student
2727,Jamie Jackson,jamie.jackson.2727@example.edu,student
2728,Avery Jackson,avery.jackson.2728@example.edu,student
2729,Dakota Jackson,dakota.jackson.2729@example.edu,student
2730,Rowan Jackson,rowan.jackson.2730@example.edu,student
2731,Skyler Jackson,skyler.jackson.2731@example.edu,student
2732,Parker Jackson,parker.jackson.2732@example.edu,student
2733,Reese Jackson,reese.jackson.2733@example.edu,student
2734,Kendall Jackson,kendall.jackson.2734@example.edu,student
2735,Hayden Jackson,hayden.jackson.2735@example.edu,student
2736,Emerson Jackson,emerson.jackson.2736@example.edu,student
2737,Finley Jackson,finley.jackson.2737@example.edu,student
2738,Logan Jackson,logan.jackson.2738@example.edu,student
2739,Micah Jackson,micah.jackson.2739@example.edu,student
2740,Alex White,alex.white.2740@example.edu,student
2741,Jordan White,jordan.white.2741@example.edu,student
2742,Taylor White,taylor.white.2742@example.edu,student
2743,Morgan White,morgan.white.2743@example.edu,student
2744,Riley White,riley.white.2744@example.edu,student
2745,Casey White,casey.white.2745@example.edu,student
2746,Quinn White,quinn.white.2746@example.edu,student
2747,Jamie White,jamie.white.2747@example.edu,student
2748,Avery White,avery.white.2748@example.edu,student
2749,Dakota White,dakota.white.2749@example.edu,student
2750,Rowan White,rowan.white.2750@example.edu,student
2751,Skyler White,skyler.white.2751@example.edu,student
2752,Parker White,parker.white.2752@example.edu,student
2753,Reese White,reese.white.2753@example.edu,student
2754,Kendall White,kendall.white.2754@example.edu,student
2755,Hayden White,hayden.white.2755@example.edu,student
2756,Emerson White,emerson.white.2756@example.edu,student
2757,Finley White,finley.white.2757@example.edu,student
2758,Logan White,logan.white.2758@example.edu,student
2759,Micah White,micah.white.2759@example.edu,student
2760,Alex Harris,alex.harris.2760@example.edu,student
2761,Jordan Harris,jordan.harris.2761@example.edu,student
2762,Taylor Harris,taylor.harris.2762@example.edu,student
2763,Morgan Harris,morgan.harris.2763@example.edu,student
2764,Riley Harris,riley.harris.2764@example.edu,student
2765,Casey Harris,casey.harris.2765@example.edu,student
2766,Quinn Harris,quinn.harris.2766@example.edu,instructor
2767,Jamie Harris,jamie.harris.2767@example.edu,student
2768,Avery Harris,avery.harris.2768@example.edu,student
2769,Dakota Harris,dakota.harris.2769@example.edu,student
2770,Rowan Harris,rowan.harris.2770@example.edu,student
2771,Skyler Harris,skyler.harris.2771@example.edu,student
2772,Parker Harris,parker.harris.2772@example.edu,student
2773,Reese Harris,reese.harris.2773@example.edu,student
2774,Kendall Harris,kendall.harris.2774@example.edu,student
2775,Hayden Harris,hayden.harris.2775@example.edu,student
2776,Emerson Harris,emerson.harris.2776@example.edu,student
2777,Finley Harris,finley.harris.2777@example.edu,student
2778,Logan Harris,logan.harris.2778@example.edu,student
2779,Micah Harris,micah.harris.2779@example.edu,student
2780,Alex Martin,alex.martin.2780@example.edu,student
2781,Jordan Martin,jordan.martin.2781@example.edu,student
2782,Taylor Martin,taylor.martin.2782@example.edu,student
2783,Morgan Martin,morgan.martin.2783@example.edu,student
2784,Riley Martin,riley.martin.2784@example.edu,student
2785,Casey Martin,casey.martin.2785@example.edu,student
2786,Quinn Martin,quinn.martin.2786@example.edu,student
2787,Jamie Martin,jamie.martin.2787@example.edu,student
2788,Avery Martin,avery.martin.2788@example.edu,student
2789,Dakota Martin,dakota.martin.2789@example.edu,student
2790,Rowan Martin,rowan.martin.2790@example.edu,student
2791,Skyler Martin,skyler.martin.2791@example.edu,student
2792,Parker Martin,parker.martin.2792@example.edu,student
2793,Reese Martin,reese.martin.2793@example.edu,student
2794,Kendall Martin,kendall.martin.2794@example.edu,student
2795,Hayden Martin,hayden.martin.2795@example.edu,student
2796,Emerson Martin,emerson.martin.2796@example.edu,student
2797,Finley Martin,finley.martin.2797@example.edu,student
2798,Logan Martin,logan.martin.2798@example.edu,student
2799,Micah Martin,micah.martin.2799@example.edu,student
2800,Alex Rivera,alex.rivera.2800@example.edu,student
2801,Jordan Rivera,jordan.rivera.2801@example.edu,student
2802,Taylor Rivera,taylor.rivera.2802@example.edu,student
2803,Morgan Rivera,morgan.rivera.2803@example.edu,student
2804,Riley Rivera,riley.rivera.2804@example.edu,student
2805,Casey Rivera,casey.rivera.2805@example.edu,student
2806,Quinn Rivera,quinn.rivera.2806@example.edu,student
2807,Jamie Rivera,jamie.rivera.2807@example.edu,student
2808,Avery Rivera,avery.rivera.2808@example.edu,student
2809,Dakota Rivera,dakota.rivera.2809@example.edu,student
2810,Rowan Rivera,rowan.rivera.2810@example.edu,student
2811,Skyler Rivera,skyler.rivera.2811@example.edu,student
2812,Parker Rivera,parker.rivera.2812@example.edu,student
2813,Reese Rivera,reese.rivera.2813@example.edu,student
2814,Kendall Rivera,kendall.rivera.2814@example.edu,student
2815,Hayden Rivera,hayden.rivera.2815@example.edu,student
2816,Emerson Rivera,emerson.rivera.2816@example.edu,student
2817,Finley Rivera,finley.rivera.2817@example.edu,instructor
2818,Logan Rivera,logan.rivera.2818@example.edu,student
2819,Micah Rivera,micah.rivera.2819@example.edu,student
2820,Alex Nguyen,alex.nguyen.2820@example.edu,student
2821,Jordan Nguyen,jordan.nguyen.2821@example.edu,student
2822,Taylor Nguyen,taylor.nguyen.2822@example.edu,student
2823,Morgan Nguyen,morgan.nguyen.2823@example.edu,student
2824,Riley Nguyen,riley.nguyen.2824@example.edu,student
2825,Casey Nguyen,casey.nguyen.2825@example.edu,student
2826,Quinn Nguyen,quinn.nguyen.2826@example.edu,student
2827,Jamie Nguyen,jamie.nguyen.2827@example.edu,student
2828,Avery Nguyen,avery.nguyen.2828@example.edu,student
2829,Dakota Nguyen,dakota.nguyen.2829@example.edu,student
2830,Rowan Nguyen,rowan.nguyen.2830@example.edu,student
2831,Skyler Nguyen,skyler.nguyen.2831@example.edu,student
2832,Parker Nguyen,parker.nguyen.2832@example.edu,student
2833,Reese Nguyen,reese.nguyen.2833@example.edu,student
2834,Kendall Nguyen,kendall.nguyen.2834@example.edu,student
2835,Hayden Nguyen,hayden.nguyen.2835@example.edu,student
2836,Emerson Nguyen,emerson.nguyen.2836@example.edu,student
2837,Finley Nguyen,finley.nguyen.2837@example.edu,student
2838,Logan Nguyen,logan.nguyen.2838@example.edu,student
2839,Micah Nguyen,micah.nguyen.2839@example.edu,student
2840,Alex Patel,alex.patel.2840@example.edu,student
2841,Jordan Patel,jordan.patel.2841@example.edu,student
2842,Taylor Patel,taylor.patel.2842@example.edu,student
2843,Morgan Patel,morgan.patel.2843@example.edu,student
2844,Riley Patel,riley.patel.2844@example.edu,student
2845,Casey Patel,casey.patel.2845@example.edu,student
2846,Quinn Patel,quinn.patel.2846@example.edu,student
2847,Jamie Patel,jamie.patel.2847@example.edu,student
2848,Avery Patel,avery.patel.2848@example.edu,student
2849,Dakota Patel,dakota.patel.2849@example.edu,student
2850,Rowan Patel,rowan.patel.2850@example.edu,student
2851,Skyler Patel,skyler.patel.2851@example.edu,student
2852,Parker Patel,parker.patel.2852@example.edu,student
2853,Reese Patel,reese.patel.2853@example.edu,student
2854,Kendall Patel,kendall.patel.2854@example.edu,student
2855,Hayden Patel,hayden.patel.2855@example.edu,student
2856,Emerson Patel,emerson.patel.2856@example.edu,student
2857,Finley Patel,finley.patel.2857@example.edu,student
2858,Logan Patel,logan.patel.2858@example.edu,student
2859,Micah Patel,micah.patel.2859@example.edu,student
2860,Alex Kim,alex.kim.2860@example.edu,student
2861,Jordan Kim,jordan.kim.2861@example.edu,student
2862,Taylor Kim,taylor.kim.2862@example.edu,student
2863,Morgan Kim,morgan.kim.2863@example.edu,student
2864,Riley Kim,riley.kim.2864@example.edu,student
2865,Casey Kim,casey.kim.2865@example.edu,student
2866,Quinn Kim,quinn.kim.2866@example.edu,instructor
2867,Jamie Kim,jamie.kim.2867@example.edu,student
2868,Avery Kim,avery.kim.2868@example.edu,student
2869,Dakota Kim,dakota.kim.2869@example.edu,student
2870,Rowan Kim,rowan.kim.2870@example.edu,student
2871,Skyler Kim,skyler.kim.2871@example.edu,student
2872,Parker Kim,parker.kim.2872@example.edu,student
2873,Reese Kim,reese.kim.2873@example.edu,student
2874,Kendall Kim,kendall.kim.2874@example.edu,student
2875,Hayden Kim,hayden.kim.2875@example.edu,student
2876,Emerson Kim,emerson.kim.2876@example.edu,student
2877,Finley Kim,finley.kim.2877@example.edu,student
2878,Logan Kim,logan.kim.2878@example.edu,student
2879,Micah Kim,micah.kim.2879@example.edu,student
2880,Alex Chen,alex.chen.2880@example.edu,student
2881,Jordan Chen,jordan.chen.2881@example.edu,student
2882,Taylor Chen,taylor.chen.2882@example.edu,student
2883,Morgan Chen,morgan.chen.2883@example.edu,student
2884,Riley Chen,riley.chen.2884@example.edu,student
2885,Casey Chen,casey.chen.2885@example.edu,student
2886,Quinn Chen,quinn.chen.2886@example.edu,student
2887,Jamie Chen,jamie.chen.2887@example.edu,student
2888,Avery Chen,avery.chen.2888@example.edu,student
2889,Dakota Chen,dakota.chen.2889@example.edu,student
2890,Rowan Chen,rowan.chen.2890@example.edu,student
2891,Skyler Chen,skyler.chen.2891@example.edu,student
2892,Parker Chen,parker.chen.2892@example.edu,student
2893,Reese Chen,reese.chen.2893@example.edu,student
2894,Kendall Chen,kendall.chen.2894@example.edu,student
2895,Hayden Chen,hayden.chen.2895@example.edu,student
2896,Emerson Chen,emerson.chen.2896@example.edu,student
2897,Finley Chen,finley.chen.2897@example.edu,student
2898,Logan Chen,logan.chen.2898@example.edu,student
2899,Micah Chen,micah.chen.2899@example.edu,student
2900,Alex Garcia,alex.garcia.2900@example.edu,student
2901,Jordan Garcia,jordan.garcia.2901@example.edu,student
2902,Taylor Garcia,taylor.garcia.2902@example.edu,student
2903,Morgan Garcia,morgan.garcia.2903@example.edu,student
2904,Riley Garcia,riley.garcia.2904@example.edu,student
2905,Casey Garcia,casey.garcia.2905@example.edu,student
2906,Quinn Garcia,quinn.garcia.2906@example.edu,student
2907,Jamie Garcia,jamie.garcia.2907@example.edu,student
2908,Avery Garcia,avery.garcia.2908@example.edu,student
2909,Dakota Garcia,dakota.garcia.2909@example.edu,student
2910,Rowan Garcia,rowan.garcia.2910@example.edu,student
2911,Skyler Garcia,skyler.garcia.2911@example.edu,student
2912,Parker Garcia,parker.garcia.2912@example.edu,student
2913,Reese Garcia,reese.garcia.2913@example.edu,student
2914,Kendall Garcia,kendall.garcia.2914@example.edu,instructor
2915,Hayden Garcia,hayden.garcia.2915@example.edu,student
2916,Emerson Garcia,emerson.garcia.2916@example.edu,student
2917,Finley Garcia,finley.garcia.2917@example.edu,student
2918,Logan Garcia,logan.garcia.2918@example.edu,student
2919,Micah Garcia,micah.garcia.2919@example.edu,student
2920,Alex Martinez,alex.martinez.2920@example.edu,student
2921,Jordan Martinez,jordan.martinez.2921@example.edu,student
2922,Taylor Martinez,taylor.martinez.2922@example.edu,student
2923,Morgan Martinez,morgan.martinez.2923@example.edu,student
2924,Riley Martinez,riley.martinez.2924@example.edu,student
2925,Casey Martinez,casey.martinez.2925@example.edu,student
2926,Quinn Martinez,quinn.martinez.2926@example.edu,student
2927,Jamie Martinez,jamie.martinez.2927@example.edu,student
2928,Avery Martinez,avery.martinez.2928@example.edu,student
2929,Dakota Martinez,dakota.martinez.2929@example.edu,student
2930,Rowan Martinez,rowan.martinez.2930@example.edu,student
2931,Skyler Martinez,skyler.martinez.2931@example.edu,student
2932,Parker Martinez,parker.martinez.2932@example.edu,student
2933,Reese Martinez,reese.martinez.2933@example.edu,student
2934,Kendall Martinez,kendall.martinez.2934@example.edu,student
2935,Hayden Martinez,hayden.martinez.2935@example.edu,student
2936,Emerson Martinez,emerson.martinez.2936@example.edu,student
2937,Finley Martinez,finley.martinez.2937@example.edu,student
2938,Logan Martinez,logan.martinez.2938@example.edu,student
2939,Micah Martinez,micah.martinez.2939@example.edu,student
2940,Alex Brown,alex.brown.2940@example.edu,student
2941,Jordan Brown,jordan.brown.2941@example.edu,student
2942,Taylor Brown,taylor.brown.2942@example.edu,student
2943,Morgan Brown,morgan.brown.2943@example.edu,student
2944,Riley Brown,riley.brown.2944@example.edu,student
2945,Casey Brown,casey.brown.2945@example.edu,student
2946,Quinn Brown,quinn.brown.2946@example.edu,student
2947,Jamie Brown,jamie.brown.2947@example.edu,student
2948,Avery Brown,avery.brown.2948@example.edu,student
2949,Dakota Brown,dakota.brown.2949@example.edu,student
2950,Rowan Brown,rowan.brown.2950@example.edu,student
2951,Skyler Brown,skyler.brown.2951@example.edu,student
2952,Parker Brown,parker.brown.2952@example.edu,student
2953,Reese Brown,reese.brown.2953@example.edu,student
2954,Kendall Brown,kendall.brown.2954@example.edu,student
2955,Hayden Brown,hayden.brown.2955@example.edu,student
2956,Emerson Brown,emerson.brown.2956@example.edu,student
2957,Finley Brown,finley.brown.2957@example.edu,student
2958,Logan Brown,logan.brown.2958@example.edu,student
2959,Micah Brown,micah.brown.2959@example.edu,student
2960,Alex Johnson,alex.johnson.2960@example.edu,student
2961,Jordan Johnson,jordan.johnson.2961@example.edu,student
2962,Taylor Johnson,taylor.johnson.2962@example.edu,student
2963,Morgan Johnson,morgan.johnson.2963@example.edu,instructor
2964,Riley Johnson,riley.johnson.2964@example.edu,student
2965,Casey Johnson,casey.johnson.2965@example.edu,student
2966,Quinn Johnson,quinn.johnson.2966@example.edu,student
2967,Jamie Johnson,jamie.johnson.2967@example.edu,student
2968,Avery Johnson,avery.johnson.2968@example.edu,student
2969,Dakota Johnson,dakota.johnson.2969@example.edu,student
2970,Rowan Johnson,rowan.johnson.2970@example.edu,student
2971,Skyler Johnson,skyler.johnson.2971@example.edu,student
2972,Parker Johnson,parker.johnson.2972@example.edu,student
2973,Reese Johnson,reese.johnson.2973@example.edu,student
2974,Kendall Johnson,kendall.johnson.2974@example.edu,student
2975,Hayden Johnson,hayden.johnson.2975@example.edu,student
2976,Emerson Johnson,emerson.johnson.2976@example.edu,student
2977,Finley Johnson,finley.johnson.2977@example.edu,student
2978,Logan Johnson,logan.johnson.2978@example.edu,student
2979,Micah Johnson,micah.johnson.2979@example.edu,student
2980,Alex Davis,alex.davis.2980@example.edu,student
2981,Jordan Davis,jordan.davis.2981@example.edu,student
2982,Taylor Davis,taylor.davis.2982@example.edu,student
2983,Morgan Davis,morgan.davis.2983@example.edu,student
2984,Riley Davis,riley.davis.2984@example.edu,student
2985,Casey Davis,casey.davis.2985@example.edu,student
2986,Quinn Davis,quinn.davis.2986@example.edu,student
2987,Jamie Davis,jamie.davis.2987@example.edu,student
2988,Avery Davis,avery.davis.2988@example.edu,student
2989,Dakota Davis,dakota.davis.2989@example.edu,student
2990,Rowan Davis,rowan.davis.2990@example.edu,student
2991,Skyler Davis,skyler.davis.2991@example.edu,student
2992,Parker Davis,parker.davis.2992@example.edu,student
2993,Reese Davis,reese.davis.2993@example.edu,student
2994,Kendall Davis,kendall.davis.2994@example.edu,student
2995,Hayden Davis,hayden.davis.2995@example.edu,student
2996,Emerson Davis,emerson.davis.2996@example.edu,student
2997,Finley Davis,finley.davis.2997@example.edu,student
2998,Logan Davis,logan.davis.2998@example.edu,student
2999,Micah Davis,micah.davis.2999@example.edu,student
3000,Alex Miller,alex.miller.3000@example.edu,student
3001,Jordan Miller,jordan.miller.3001@example.edu,student
3002,Taylor Miller,taylor.miller.3002@example.edu,student
3003,Morgan Miller,morgan.miller.3003@example.edu,student
3004,Riley Miller,riley.miller.3004@example.edu,student
3005,Casey Miller,casey.miller.3005@example.edu,student
3006,Quinn Miller,quinn.miller.3006@example.edu,student
3007,Jamie Miller,jamie.miller.3007@example.edu,student
3008,Avery Miller,avery.miller.3008@example.edu,student
3009,Dakota Miller,dakota.miller.3009@example.edu,student
3010,Rowan Miller,rowan.miller.3010@example.edu,student
3011,Skyler Miller,skyler.miller.3011@example.edu,student
3012,Parker Miller,parker.miller.3012@example.edu,student
3013,Reese Miller,reese.miller.3013@example.edu,student
3014,Kendall Miller,kendall.miller.3014@example.edu,student
3015,Hayden Miller,hayden.miller.3015@example.edu,student
3016,Emerson Miller,emerson.miller.3016@example.edu,student
3017,Finley Miller,finley.miller.3017@example.edu,student
3018,Logan Miller,logan.miller.3018@example.edu,student
3019,Micah Miller,micah.miller.3019@example.edu,student
3020,Alex Wilson,alex.wilson.3020@example.edu,student
3021,Jordan Wilson,jordan.wilson.3021@example.edu,student
3022,Taylor Wilson,taylor.wilson.3022@example.edu,student
3023,Morgan Wilson,morgan.wilson.3023@example.edu,student
3024,Riley Wilson,riley.wilson.3024@example.edu,student
3025,Casey Wilson,casey.wilson.3025@example.edu,student
3026,Quinn Wilson,quinn.wilson.3026@example.edu,student
3027,Jamie Wilson,jamie.wilson.3027@example.edu,student
3028,Avery Wilson,avery.wilson.3028@example.edu,student
3029,Dakota Wilson,dakota.wilson.3029@example.edu,instructor
3030,Rowan Wilson,rowan.wilson.3030@example.edu,student
3031,Skyler Wilson,skyler.wilson.3031@example.edu,student
3032,Parker Wilson,parker.wilson.3032@example.edu,student
3033,Reese Wilson,reese.wilson.3033@example.edu,student
3034,Kendall Wilson,kendall.wilson.3034@example.edu,student
3035,Hayden Wilson,hayden.wilson.3035@example.edu,student
3036,Emerson Wilson,emerson.wilson.3036@example.edu,student
3037,Finley Wilson,finley.wilson.3037@example.edu,student
3038,Logan Wilson,logan.wilson.3038@example.edu,student
3039,Micah Wilson,micah.wilson.3039@example.edu,student
3040,Alex Moore,alex.moore.3040@example.edu,student
3041,Jordan Moore,jordan.moore.3041@example.edu,student
3042,Taylor Moore,taylor.moore.3042@example.edu,student
3043,Morgan Moore,morgan.moore.3043@example.edu,student
3044,Riley Moore,riley.moore.3044@example.edu,student
3045,Casey Moore,casey.moore.3045@example.edu,student
3046,Quinn Moore,quinn.moore.3046@example.edu,student
3047,Jamie Moore,jamie.moore.3047@example.edu,student
3048,Avery Moore,avery.moore.3048@example.edu,student
3049,Dakota Moore,dakota.moore.3049@example.edu,student
3050,Rowan Moore,rowan.moore.3050@example.edu,student
3051,Skyler Moore,skyler.moore.3051@example.edu,student
3052,Parker Moore,parker.moore.3052@example.edu,student
3053,Reese Moore,reese.moore.3053@example.edu,student
3054,Kendall Moore,kendall.moore.3054@example.edu,student
3055,Hayden Moore,hayden.moore.3055@example.edu,student
3056,Emerson Moore,emerson.moore.3056@example.edu,student
3057,Finley Moore,finley.moore.3057@example.edu,student
3058,Logan Moore,logan.moore.3058@example.edu,student
3059,Micah Moore,micah.moore.3059@example.edu,student
3060,Alex Taylor,alex.taylor.3060@example.edu,student
3061,Jordan Taylor,jordan.taylor.3061@example.edu,student
3062,Taylor Taylor,taylor.taylor.3062@example.edu,student
3063,Morgan Taylor,morgan.taylor.3063@example.edu,student
3064,Riley Taylor,riley.taylor.3064@example.edu,student
3065,Casey Taylor,casey.taylor.3065@example.edu,student
3066,Quinn Taylor,quinn.taylor.3066@example.edu,instructor
3067,Jamie Taylor,jamie.taylor.3067@example.edu,student
3068,Avery Taylor,avery.taylor.3068@example.edu,student
3069,Dakota Taylor,dakota.taylor.3069@example.edu,student
3070,Rowan Taylor,rowan.taylor.3070@example.edu,student
3071,Skyler Taylor,skyler.taylor.3071@example.edu,student
3072,Parker Taylor,parker.taylor.3072@example.edu,student
3073,Reese Taylor,reese.taylor.3073@example.edu,student
3074,Kendall Taylor,kendall.taylor.3074@example.edu,student
3075,Hayden Taylor,hayden.taylor.3075@example.edu,student
3076,Emerson Taylor,emerson.taylor.3076@example.edu,student
3077,Finley Taylor,finley.taylor.3077@example.edu,student
3078,Logan Taylor,logan.taylor.3078@example.edu,student
3079,Micah Taylor,micah.taylor.3079@example.edu,student
3080,Alex Anderson,alex.anderson.3080@example.edu,student
3081,Jordan Anderson,jordan.anderson.3081@example.edu,student
3082,Taylor Anderson,taylor.anderson.3082@example.edu,student
3083,Morgan Anderson,morgan.anderson.3083@example.edu,student
3084,Riley Anderson,riley.anderson.3084@example.edu,student
3085,Casey Anderson,casey.anderson.3085@example.edu,student
3086,Quinn Anderson,quinn.anderson.3086@example.edu,student
3087,Jamie Anderson,jamie.anderson.3087@example.edu,student
3088,Avery Anderson,avery.anderson.3088@example.edu,student
3089,Dakota Anderson,dakota.anderson.3089@example.edu,student
3090,Rowan Anderson,rowan.anderson.3090@example.edu,student
3091,Skyler Anderson,skyler.anderson.3091@example.edu,student
3092,Parker Anderson,parker.anderson.3092@example.edu,student
3093,Reese Anderson,reese.anderson.3093@example.edu,student
3094,Kendall Anderson,kendall.anderson.3094@example.edu,student
3095,Hayden Anderson,hayden.anderson.3095@example.edu,student
3096,Emerson Anderson,emerson.anderson.3096@example.edu,student
3097,Finley Anderson,finley.anderson.3097@example.edu,student
3098,Logan Anderson,logan.anderson.3098@example.edu,student
3099,Micah Anderson,micah.anderson.3099@example.edu,student
3100,Alex Thomas,alex.thomas.3100@example.edu,student
3101,Jordan Thomas,jordan.thomas.3101@example.edu,student
3102,Taylor Thomas,taylor.thomas.3102@example.edu,student
3103,Morgan Thomas,morgan.thomas.3103@example.edu,student
3104,Riley Thomas,riley.thomas.3104@example.edu,student
3105,Casey Thomas,casey.thomas.3105@example.edu,student
3106,Quinn Thomas,quinn.thomas.3106@example.edu,student
3107,Jamie Thomas,jamie.thomas.3107@example.edu,student
3108,Avery Thomas,avery.thomas.3108@example.edu,student
3109,Dakota Thomas,dakota.thomas.3109@example.edu,student
3110,Rowan Thomas,rowan.thomas.3110@example.edu,student
3111,Skyler Thomas,skyler.thomas.3111@example.edu,student
3112,Parker Thomas,parker.thomas.3112@example.edu,student
3113,Reese Thomas,reese.thomas.3113@example.edu,student
3114,Kendall Thomas,kendall.thomas.3114@example.edu,student
3115,Hayden Thomas,hayden.thomas.3115@example.edu,student
3116,Emerson Thomas,emerson.thomas.3116@example.edu,student
3117,Finley Thomas,finley.thomas.3117@example.edu,student
3118,Logan Thomas,logan.thomas.3118@example.edu,student
3119,Micah Thomas,micah.thomas.3119@example.edu,student
3120,Alex Jackson,alex.jackson.3120@example.edu,student
3121,Jordan Jackson,jordan.jackson.3121@example.edu,student
3122,Taylor Jackson,taylor.jackson.3122@example.edu,student
3123,Morgan Jackson,morgan.jackson.3123@example.edu,student
3124,Riley Jackson,riley.jackson.3124@example.edu,student
3125,Casey Jackson,casey.jackson.3125@example.edu,instructor
3126,Quinn Jackson,quinn.jackson.3126@example.edu,student
3127,Jamie Jackson,jamie.jackson.3127@example.edu,student
3128,Avery Jackson,avery.jackson.3128@example.edu,student
3129,Dakota Jackson,dakota.jackson.3129@example.edu,student
3130,Rowan Jackson,rowan.jackson.3130@example.edu,student
3131,Skyler Jackson,skyler.jackson.3131@example.edu,student
3132,Parker Jackson,parker.jackson.3132@example.edu,student
3133,Reese Jackson,reese.jackson.3133@example.edu,student
3134,Kendall Jackson,kendall.jackson.3134@example.edu,student
3135,Hayden Jackson,hayden.jackson.3135@example.edu,student
3136,Emerson Jackson,emerson.jackson.3136@example.edu,student
3137,Finley Jackson,finley.jackson.3137@example.edu,student
3138,Logan Jackson,logan.jackson.3138@example.edu,student
3139,Micah Jackson,micah.jackson.3139@example.edu,student
3140,Alex White,alex.white.3140@example.edu,student
3141,Jordan White,jordan.white.3141@example.edu,student
3142,Taylor White,taylor.white.3142@example.edu,student
3143,Morgan White,morgan.white.3143@example.edu,student
3144,Riley White,riley.white.3144@example.edu,student
3145,Casey White,casey.white.3145@example.edu,student
3146,Quinn White,quinn.white.3146@example.edu,student
3147,Jamie White,jamie.white.3147@example.edu,student
3148,Avery White,avery.white.3148@example.edu,student
3149,Dakota White,dakota.white.3149@example.edu,student
3150,Rowan White,rowan.white.3150@example.edu,student
3151,Skyler White,skyler.white.3151@example.edu,student
3152,Parker White,parker.white.3152@example.edu,student
3153,Reese White,reese.white.3153@example.edu,student
3154,Kendall White,kendall.white.3154@example.edu,student
3155,Hayden White,hayden.white.3155@example.edu,student
3156,Emerson White,emerson.white.3156@example.edu,student
3157,Finley White,finley.white.3157@example.edu,student
3158,Logan White,logan.white.3158@example.edu,student
3159,Micah White,micah.white.3159@example.edu,student
3160,Alex Harris,alex.harris.3160@example.edu,student
3161,Jordan Harris,jordan.harris.3161@example.edu,student
3162,Taylor Harris,taylor.harris.3162@example.edu,student
3163,Morgan Harris,morgan.harris.3163@example.edu,student
3164,Riley Harris,riley.harris.3164@example.edu,student
3165,Casey Harris,casey.harris.3165@example.edu,student
3166,Quinn Harris,quinn.harris.3166@example.edu,student
3167,Jamie Harris,jamie.harris.3167@example.edu,student
3168,Avery Harris,avery.harris.3168@example.edu,student
3169,Dakota Harris,dakota.harris.3169@example.edu,student
3170,Rowan Harris,rowan.harris.3170@example.edu,student
3171,Skyler Harris,skyler.harris.3171@example.edu,student
3172,Parker Harris,parker.harris.3172@example.edu,student
3173,Reese Harris,reese.harris.3173@example.edu,student
3174,Kendall Harris,kendall.harris.3174@example.edu,student
3175,Hayden Harris,hayden.harris.3175@example.edu,student
3176,Emerson Harris,emerson.harris.3176@example.edu,student
3177,Finley Harris,finley.harris.3177@example.edu,student
3178,Logan Harris,logan.harris.3178@example.edu,student
3179,Micah Harris,micah.harris.3179@example.edu,student
3180,Alex Martin,alex.martin.3180@example.edu,student
3181,Jordan Martin,jordan.martin.3181@example.edu,student
3182,Taylor Martin,taylor.martin.3182@example.edu,student
3183,Morgan Martin,morgan.martin.3183@example.edu,student
3184,Riley Martin,riley.martin.3184@example.edu,student
3185,Casey Martin,casey.martin.3185@example.edu,instructor
3186,Quinn Martin,quinn.martin.3186@example.edu,student
3187,Jamie Martin,jamie.martin.3187@example.edu,student
3188,Avery Martin,avery.martin.3188@example.edu,student
3189,Dakota Martin,dakota.martin.3189@example.edu,student
3190,Rowan Martin,rowan.martin.3190@example.edu,student
3191,Skyler Martin,skyler.martin.3191@example.edu,student
3192,Parker Martin,parker.martin.3192@example.edu,student
3193,Reese Martin,reese.martin.3193@example.edu,student
3194,Kendall Martin,kendall.martin.3194@example.edu,student
3195,Hayden Martin,hayden.martin.3195@example.edu,student
3196,Emerson Martin,emerson.martin.3196@example.edu,student
3197,Finley Martin,finley.martin.3197@example.edu,student
3198,Logan Martin,logan.martin.3198@example.edu,student
3199,Micah Martin,micah.martin.3199@example.edu,student
3200,Alex Rivera,alex.rivera.3200@example.edu,student
3201,Jordan Rivera,jordan.rivera.3201@example.edu,student
3202,Taylor Rivera,taylor.rivera.3202@example.edu,student
3203,Morgan Rivera,morgan.rivera.3203@example.edu,student
3204,Riley Rivera,riley.rivera.3204@example.edu,student
3205,Casey Rivera,casey.rivera.3205@example.edu,student
3206,Quinn Rivera,quinn.rivera.3206@example.edu,student
3207,Jamie Rivera,jamie.rivera.3207@example.edu,student
3208,Avery Rivera,avery.rivera.3208@example.edu,student
3209,Dakota Rivera,dakota.rivera.3209@example.edu,student
3210,Rowan Rivera,rowan.rivera.3210@example.edu,student
3211,Skyler Rivera,skyler.rivera.3211@example.edu,student
3212,Parker Rivera,parker.rivera.3212@example.edu,student
3213,Reese Rivera,reese.rivera.3213@example.edu,student
3214,Kendall Rivera,kendall.rivera.3214@example.edu,student
3215,Hayden Rivera,hayden.rivera.3215@example.edu,student
3216,Emerson Rivera,emerson.rivera.3216@example.edu,student
3217,Finley Rivera,finley.rivera.3217@example.edu,student
3218,Logan Rivera,logan.rivera.3218@example.edu,student
3219,Micah Rivera,micah.rivera.3219@example.edu,student
3220,Alex Nguyen,alex.nguyen.3220@example.edu,student
3221,Jordan Nguyen,jordan.nguyen.3221@example.edu,student
3222,Taylor Nguyen,taylor.nguyen.3222@example.edu,student
3223,Morgan Nguyen,morgan.nguyen.3223@example.edu,student
3224,Riley Nguyen,riley.nguyen.3224@example.edu,student
3225,Casey Nguyen,casey.nguyen.3225@example.edu,student
3226,Quinn Nguyen,quinn.nguyen.3226@example.edu,student
3227,Jamie Nguyen,jamie.nguyen.3227@example.edu,student
3228,Avery Nguyen,avery.nguyen.3228@example.edu,student
3229,Dakota Nguyen,dakota.nguyen.3229@example.edu,student
3230,Rowan Nguyen,rowan.nguyen.3230@example.edu,student
3231,Skyler Nguyen,skyler.nguyen.3231@example.edu,student
3232,Parker Nguyen,parker.nguyen.3232@example.edu,student
3233,Reese Nguyen,reese.nguyen.3233@example.edu,student
3234,Kendall Nguyen,kendall.nguyen.3234@example.edu,student
3235,Hayden Nguyen,hayden.nguyen.3235@example.edu,student
3236,Emerson Nguyen,emerson.nguyen.3236@example.edu,student
3237,Finley Nguyen,finley.nguyen.3237@example.edu,student
3238,Logan Nguyen,logan.nguyen.3238@example.edu,student
3239,Micah Nguyen,micah.nguyen.3239@example.edu,student
3240,Alex Patel,alex.patel.3240@example.edu,student
3241,Jordan Patel,jordan.patel.3241@example.edu,instructor
3242,Taylor Patel,taylor.patel.3242@example.edu,student
3243,Morgan Patel,morgan.patel.3243@example.edu,student
3244,Riley Patel,riley.patel.3244@example.edu,student
3245,Casey Patel,casey.patel.3245@example.edu,student
3246,Quinn Patel,quinn.patel.3246@example.edu,student
3247,Jamie Patel,jamie.patel.3247@example.edu,student
3248,Avery Patel,avery.patel.3248@example.edu,student
3249,Dakota Patel,dakota.patel.3249@example.edu,student
3250,Rowan Patel,rowan.patel.3250@example.edu,student
3251,Skyler Patel,skyler.patel.3251@example.edu,student
3252,Parker Patel,parker.patel.3252@example.edu,student
3253,Reese Patel,reese.patel.3253@example.edu,student
3254,Kendall Patel,kendall.patel.3254@example.edu,student
3255,Hayden Patel,hayden.patel.3255@example.edu,student
3256,Emerson Patel,emerson.patel.3256@example.edu,student
3257,Finley Patel,finley.patel.3257@example.edu,student
3258,Logan Patel,logan.patel.3258@example.edu,student
3259,Micah Patel,micah.patel.3259@example.edu,student
3260,Alex Kim,alex.kim.3260@example.edu,student
3261,Jordan Kim,jordan.kim.3261@example.edu,student
3262,Taylor Kim,taylor.kim.3262@example.edu,student
3263,Morgan Kim,morgan.kim.3263@example.edu,student
3264,Riley Kim,riley.kim.3264@example.edu,student
3265,Casey Kim,casey.kim.3265@example.edu,student
3266,Quinn Kim,quinn.kim.3266@example.edu,student
3267,Jamie Kim,jamie.kim.3267@example.edu,student
3268,Avery Kim,avery.kim.3268@example.edu,student
3269,Dakota Kim,dakota.kim.3269@example.edu,student
3270,Rowan Kim,rowan.kim.3270@example.edu,student
3271,Skyler Kim,skyler.kim.3271@example.edu,student
3272,Parker Kim,parker.kim.3272@example.edu,student
3273,Reese Kim,reese.kim.3273@example.edu,student
3274,Kendall Kim,kendall.kim.3274@example.edu,student
3275,Hayden Kim,hayden.kim.3275@example.edu,student
3276,Emerson Kim,emerson.kim.3276@example.edu,student
3277,Finley Kim,finley.kim.3277@example.edu,student
3278,Logan Kim,logan.kim.3278@example.edu,student
3279,Micah Kim,micah.kim.3279@example.edu,student
3280,Alex Chen,alex.chen.3280@example.edu,student
3281,Jordan Chen,jordan.chen.3281@example.edu,student
3282,Taylor Chen,taylor.chen.3282@example.edu,student
3283,Morgan Chen,morgan.chen.3283@example.edu,student
3284,Riley Chen,riley.chen.3284@example.edu,student
3285,Casey Chen,casey.chen.3285@example.edu,student
3286,Quinn Chen,quinn.chen.3286@example.edu,student
3287,Jamie Chen,jamie.chen.3287@example.edu,student
3288,Avery Chen,avery.chen.3288@example.edu,student
3289,Dakota Chen,dakota.chen.3289@example.edu,student
3290,Rowan Chen,rowan.chen.3290@example.edu,instructor
3291,Skyler Chen,skyler.chen.3291@example.edu,student
3292,Parker Chen,parker.chen.3292@example.edu,student
3293,Reese Chen,reese.chen.3293@example.edu,student
3294,Kendall Chen,kendall.chen.3294@example.edu,student
3295,Hayden Chen,hayden.chen.3295@example.edu,student
3296,Emerson Chen,emerson.chen.3296@example.edu,student
3297,Finley Chen,finley.chen.3297@example.edu,student
3298,Logan Chen,logan.chen.3298@example.edu,student
3299,Micah Chen,micah.chen.3299@example.edu,student
3300,Alex Garcia,alex.garcia.3300@example.edu,student
3301,Jordan Garcia,jordan.garcia.3301@example.edu,student
3302,Taylor Garcia,taylor.garcia.3302@example.edu,student
3303,Morgan Garcia,morgan.garcia.3303@example.edu,student
3304,Riley Garcia,riley.garcia.3304@example.edu,student
3305,Casey Garcia,casey.garcia.3305@example.edu,student
3306,Quinn Garcia,quinn.garcia.3306@example.edu,student
3307,Jamie Garcia,jamie.garcia.3307@example.edu,student
3308,Avery Garcia,avery.garcia.3308@example.edu,student
3309,Dakota Garcia,dakota.garcia.3309@example.edu,student
3310,Rowan Garcia,rowan.garcia.3310@example.edu,student
3311,Skyler Garcia,skyler.garcia.3311@example.edu,student
3312,Parker Garcia,parker.garcia.3312@example.edu,student
3313,Reese Garcia,reese.garcia.3313@example.edu,student
3314,Kendall Garcia,kendall.garcia.3314@example.edu,student
3315,Hayden Garcia,hayden.garcia.3315@example.edu,student
3316,Emerson Garcia,emerson.garcia.3316@example.edu,student
3317,Finley Garcia,finley.garcia.3317@example.edu,student
3318,Logan Garcia,logan.garcia.3318@example.edu,student
3319,Micah Garcia,micah.garcia.3319@example.edu,student
3320,Alex Martinez,alex.martinez.3320@example.edu,student
3321,Jordan Martinez,jordan.martinez.3321@example.edu,student
3322,Taylor Martinez,taylor.martinez.3322@example.edu,student
3323,Morgan Martinez,morgan.martinez.3323@example.edu,student
3324,Riley Martinez,riley.martinez.3324@example.edu,student
3325,Casey Martinez,casey.martinez.3325@example.edu,student
3326,Quinn Martinez,quinn.martinez.3326@example.edu,student
3327,Jamie Martinez,jamie.martinez.3327@example.edu,student
3328,Avery Martinez,avery.martinez.3328@example.edu,student
3329,Dakota Martinez,dakota.martinez.3329@example.edu,student
3330,Rowan Martinez,rowan.martinez.3330@example.edu,student
3331,Skyler Martinez,skyler.martinez.3331@example.edu,student
3332,Parker Martinez,parker.martinez.3332@example.edu,student
3333,Reese Martinez,reese.martinez.3333@example.edu,student
3334,Kendall Martinez,kendall.martinez.3334@example.edu,student
3335,Hayden Martinez,hayden.martinez.3335@example.edu,student
3336,Emerson Martinez,emerson.martinez.3336@example.edu,student
3337,Finley Martinez,finley.martinez.3337@example.edu,student
3338,Logan Martinez,logan.martinez.3338@example.edu,student
3339,Micah Martinez,micah.martinez.3339@example.edu,student
3340,Alex Brown,alex.brown.3340@example.edu,student
3341,Jordan Brown,jordan.brown.3341@example.edu,student
3342,Taylor Brown,taylor.brown.3342@example.edu,student
3343,Morgan Brown,morgan.brown.3343@example.edu,student
3344,Riley Brown,riley.brown.3344@example.edu,student
3345,Casey Brown,casey.brown.3345@example.edu,student
3346,Quinn Brown,quinn.brown.3346@example.edu,student
3347,Jamie Brown,jamie.brown.3347@example.edu,student
3348,Avery Brown,avery.brown.3348@example.edu,student
3349,Dakota Brown,dakota.brown.3349@example.edu,student
3350,Rowan Brown,rowan.brown.3350@example.edu,student
3351,Skyler Brown,skyler.brown.3351@example.edu,student
3352,Parker Brown,parker.brown.3352@example.edu,student
3353,Reese Brown,reese.brown.3353@example.edu,student
3354,Kendall Brown,kendall.brown.3354@example.edu,student
3355,Hayden Brown,hayden.brown.3355@example.edu,student
3356,Emerson Brown,emerson.brown.3356@example.edu,instructor
3357,Finley Brown,finley.brown.3357@example.edu,student
3358,Logan Brown,logan.brown.3358@example.edu,student
3359,Micah Brown,micah.brown.3359@example.edu,student
3360,Alex Johnson,alex.johnson.3360@example.edu,student
3361,Jordan Johnson,jordan.johnson.3361@example.edu,student
3362,Taylor Johnson,taylor.johnson.3362@example.edu,student
3363,Morgan Johnson,morgan.johnson.3363@example.edu,student
3364,Riley Johnson,riley.johnson.3364@example.edu,student
3365,Casey Johnson,casey.johnson.3365@example.edu,student
3366,Quinn Johnson,quinn.johnson.3366@example.edu,student
3367,Jamie Johnson,jamie.johnson.3367@example.edu,student
3368,Avery Johnson,avery.johnson.3368@example.edu,student
3369,Dakota Johnson,dakota.johnson.3369@example.edu,student
3370,Rowan Johnson,rowan.johnson.3370@example.edu,student
3371,Skyler Johnson,skyler.johnson.3371@example.edu,student
3372,Parker Johnson,parker.johnson.3372@example.edu,student
3373,Reese Johnson,reese.johnson.3373@example.edu,student
3374,Kendall Johnson,kendall.johnson.3374@example.edu,student
3375,Hayden Johnson,hayden.johnson.3375@example.edu,student
3376,Emerson Johnson,emerson.johnson.3376@example.edu,student
3377,Finley Johnson,finley.johnson.3377@example.edu,student
3378,Logan Johnson,logan.johnson.3378@example.edu,student
3379,Micah Johnson,micah.johnson.3379@example.edu,student
3380,Alex Davis,alex.davis.3380@example.edu,student
3381,Jordan Davis,jordan.davis.3381@example.edu,student
3382,Taylor Davis,taylor.davis.3382@example.edu,student
3383,Morgan Davis,morgan.davis.3383@example.edu,student
3384,Riley Davis,riley.davis.3384@example.edu,student
3385,Casey Davis,casey.davis.3385@example.edu,student
3386,Quinn Davis,quinn.davis.3386@example.edu,student
3387,Jamie Davis,jamie.davis.3387@example.edu,student
3388,Avery Davis,avery.davis.3388@example.edu,student
3389,Dakota Davis,dakota.davis.3389@example.edu,student
3390,Rowan Davis,rowan.davis.3390@example.edu,student
3391,Skyler Davis,skyler.davis.3391@example.edu,student
3392,Parker Davis,parker.davis.3392@example.edu,student
3393,Reese Davis,reese.davis.3393@example.edu,student
3394,Kendall Davis,kendall.davis.3394@example.edu,student
3395,Hayden Davis,hayden.davis.3395@example.edu,student
3396,Emerson Davis,emerson.davis.3396@example.edu,student
3397,Finley Davis,finley.davis.3397@example.edu,student
3398,Logan Davis,logan.davis.3398@example.edu,student
3399,Micah Davis,micah.davis.3399@example.edu,student
3400,Alex Miller,alex.miller.3400@example.edu,student
3401,Jordan Miller,jordan.miller.3401@example.edu,student
3402,Taylor Miller,taylor.miller.3402@example.edu,student
3403,Morgan Miller,morgan.miller.3403@example.edu,student
3404,Riley Miller,riley.miller.3404@example.edu,student
3405,Casey Miller,casey.miller.3405@example.edu,student
3406,Quinn Miller,quinn.miller.3406@example.edu,student
3407,Jamie Miller,jamie.miller.3407@example.edu,student
3408,Avery Miller,avery.miller.3408@example.edu,student
3409,Dakota Miller,dakota.miller.3409@example.edu,student
3410,Rowan Miller,rowan.miller.3410@example.edu,student
3411,Skyler Miller,skyler.miller.3411@example.edu,student
3412,Parker Miller,parker.miller.3412@example.edu,student
3413,Reese Miller,reese.miller.3413@example.edu,student
3414,Kendall Miller,kendall.miller.3414@example.edu,student
3415,Hayden Miller,hayden.miller.3415@example.edu,student
3416,Emerson Miller,emerson.miller.3416@example.edu,student
3417,Finley Miller,finley.miller.3417@example.edu,student
3418,Logan Miller,logan.miller.3418@example.edu,student
3419,Micah Miller,micah.miller.3419@example.edu,student
3420,Alex Wilson,alex.wilson.3420@example.edu,student
3421,Jordan Wilson,jordan.wilson.3421@example.edu,student
3422,Taylor Wilson,taylor.wilson.3422@example.edu,student
3423,Morgan Wilson,morgan.wilson.3423@example.edu,student
3424,Riley Wilson,riley.wilson.3424@example.edu,student
3425,Casey Wilson,casey.wilson.3425@example.edu,student
3426,Quinn Wilson,quinn.wilson.3426@example.edu,student
3427,Jamie Wilson,jamie.wilson.3427@example.edu,student
3428,Avery Wilson,avery.wilson.3428@example.edu,student
3429,Dakota Wilson,dakota.wilson.3429@example.edu,instructor
3430,Rowan Wilson,rowan.wilson.3430@example.edu,student
3431,Skyler Wilson,skyler.wilson.3431@example.edu,student
3432,Parker Wilson,parker.wilson.3432@example.edu,student
3433,Reese Wilson,reese.wilson.3433@example.edu,student
3434,Kendall Wilson,kendall.wilson.3434@example.edu,student
3435,Hayden Wilson,hayden.wilson.3435@example.edu,student
3436,Emerson Wilson,emerson.wilson.3436@example.edu,student
3437,Finley Wilson,finley.wilson.3437@example.edu,student
3438,Logan Wilson,logan.wilson.3438@example.edu,student
3439,Micah Wilson,micah.wilson.3439@example.edu,student
3440,Alex Moore,alex.moore.3440@example.edu,student
3441,Jordan Moore,jordan.moore.3441@example.edu,student
3442,Taylor Moore,taylor.moore.3442@example.edu,student
3443,Morgan Moore,morgan.moore.3443@example.edu,student
3444,Riley Moore,riley.moore.3444@example.edu,student
3445,Casey Moore,casey.moore.3445@example.edu,student
3446,Quinn Moore,quinn.moore.3446@example.edu,student
3447,Jamie Moore,jamie.moore.3447@example.edu,student
3448,Avery Moore,avery.moore.3448@example.edu,student
3449,Dakota Moore,dakota.moore.3449@example.edu,student
3450,Rowan Moore,rowan.moore.3450@example.edu,student
3451,Skyler Moore,skyler.moore.3451@example.edu,student
3452,Parker Moore,parker.moore.3452@example.edu,student
3453,Reese Moore,reese.moore.3453@example.edu,student
3454,Kendall Moore,kendall.moore.3454@example.edu,student
3455,Hayden Moore,hayden.moore.3455@example.edu,student
3456,Emerson Moore,emerson.moore.3456@example.edu,student
3457,Finley Moore,finley.moore.3457@example.edu,student
3458,Logan Moore,logan.moore.3458@example.edu,student
3459,Micah Moore,micah.moore.3459@example.edu,student
3460,Alex Taylor,alex.taylor.3460@example.edu,student
3461,Jordan Taylor,jordan.taylor.3461@example.edu,student
3462,Taylor Taylor,taylor.taylor.3462@example.edu,student
3463,Morgan Taylor,morgan.taylor.3463@example.edu,student
3464,Riley Taylor,riley.taylor.3464@example.edu,student
3465,Casey Taylor,casey.taylor.3465@example.edu,student
3466,Quinn Taylor,quinn.taylor.3466@example.edu,student
3467,Jamie Taylor,jamie.taylor.3467@example.edu,student
3468,Avery Taylor,avery.taylor.3468@example.edu,student
3469,Dakota Taylor,dakota.taylor.3469@example.edu,student
3470,Rowan Taylor,rowan.taylor.3470@example.edu,student
3471,Skyler Taylor,skyler.taylor.3471@example.edu,student
3472,Parker Taylor,parker.taylor.3472@example.edu,student
3473,Reese Taylor,reese.taylor.3473@example.edu,student
3474,Kendall Taylor,kendall.taylor.3474@example.edu,student
3475,Hayden Taylor,hayden.taylor.3475@example.edu,student
3476,Emerson Taylor,emerson.taylor.3476@example.edu,student
3477,Finley Taylor,finley.taylor.3477@example.edu,student
3478,Logan Taylor,logan.taylor.3478@example.edu,student
3479,Micah Taylor,micah.taylor.3479@example.edu,student
3480,Alex Anderson,alex.anderson.3480@example.edu,student
3481,Jordan Anderson,jordan.anderson.3481@example.edu,student
3482,Taylor Anderson,taylor.anderson.3482@example.edu,student
3483,Morgan Anderson,morgan.anderson.3483@example.edu,student
3484,Riley Anderson,riley.anderson.3484@example.edu,student
3485,Casey Anderson,casey.anderson.3485@example.edu,student
3486,Quinn Anderson,quinn.anderson.3486@example.edu,student
3487,Jamie Anderson,jamie.anderson.3487@example.edu,student
3488,Avery Anderson,avery.anderson.3488@example.edu,student
3489,Dakota Anderson,dakota.anderson.3489@example.edu,student
3490,Rowan Anderson,rowan.anderson.3490@example.edu,student
3491,Skyler Anderson,skyler.anderson.3491@example.edu,student
3492,Parker Anderson,parker.anderson.3492@example.edu,student
3493,Reese Anderson,reese.anderson.3493@example.edu,student
3494,Kendall Anderson,kendall.anderson.3494@example.edu,student
3495,Hayden Anderson,hayden.anderson.3495@example.edu,student
3496,Emerson Anderson,emerson.anderson.3496@example.edu,student
3497,Finley Anderson,finley.anderson.3497@example.edu,student
3498,Logan Anderson,logan.anderson.3498@example.edu,student
3499,Micah Anderson,micah.anderson.3499@example.edu,student
3500,Alex Thomas,alex.thomas.3500@example.edu,student
3501,Jordan Thomas,jordan.thomas.3501@example.edu,student
3502,Taylor Thomas,taylor.thomas.3502@example.edu,student
3503,Morgan Thomas,morgan.thomas.3503@example.edu,student
3504,Riley Thomas,riley.thomas.3504@example.edu,student
3505,Casey Thomas,casey.thomas.3505@example.edu,student
3506,Quinn Thomas,quinn.thomas.3506@example.edu,student
3507,Jamie Thomas,jamie.thomas.3507@example.edu,instructor
3508,Avery Thomas,avery.thomas.3508@example.edu,student
3509,Dakota Thomas,dakota.thomas.3509@example.edu,student
3510,Rowan Thomas,rowan.thomas.3510@example.edu,student
3511,Skyler Thomas,skyler.thomas.3511@example.edu,student
3512,Parker Thomas,parker.thomas.3512@example.edu,student
3513,Reese Thomas,reese.thomas.3513@example.edu,student
3514,Kendall Thomas,kendall.thomas.3514@example.edu,student
3515,Hayden Thomas,hayden.thomas.3515@example.edu,student
3516,Emerson Thomas,emerson.thomas.3516@example.edu,student
3517,Finley Thomas,finley.thomas.3517@example.edu,student
3518,Logan Thomas,logan.thomas.3518@example.edu,student
3519,Micah Thomas,micah.thomas.3519@example.edu,student
3520,Alex Jackson,alex.jackson.3520@example.edu,student
3521,Jordan Jackson,jordan.jackson.3521@example.edu,student
3522,Taylor Jackson,taylor.jackson.3522@example.edu,student
3523,Morgan Jackson,morgan.jackson.3523@example.edu,student
3524,Riley Jackson,riley.jackson.3524@example.edu,student
3525,Casey Jackson,casey.jackson.3525@example.edu,student
3526,Quinn Jackson,quinn.jackson.3526@example.edu,student
3527,Jamie Jackson,jamie.jackson.3527@example.edu,student
3528,Avery Jackson,avery.jackson.3528@example.edu,student
3529,Dakota Jackson,dakota.jackson.3529@example.edu,student
3530,Rowan Jackson,rowan.jackson.3530@example.edu,student
3531,Skyler Jackson,skyler.jackson.3531@example.edu,student
3532,Parker Jackson,parker.jackson.3532@example.edu,student
3533,Reese Jackson,reese.jackson.3533@example.edu,student
3534,Kendall Jackson,kendall.jackson.3534@example.edu,student
3535,Hayden Jackson,hayden.jackson.3535@example.edu,student
3536,Emerson Jackson,emerson.jackson.3536@example.edu,student
3537,Finley Jackson,finley.jackson.3537@example.edu,student
3538,Logan Jackson,logan.jackson.3538@example.edu,student
3539,Micah Jackson,micah.jackson.3539@example.edu,student
3540,Alex White,alex.white.3540@example.edu,student
3541,Jordan White,jordan.white.3541@example.edu,student
3542,Taylor White,taylor.white.3542@example.edu,student
3543,Morgan White,morgan.white.3543@example.edu,student
3544,Riley White,riley.white.3544@example.edu,student
3545,Casey White,casey.white.3545@example.edu,student
3546,Quinn White,quinn.white.3546@example.edu,student
3547,Jamie White,jamie.white.3547@example.edu,student
3548,Avery White,avery.white.3548@example.edu,student
3549,Dakota White,dakota.white.3549@example.edu,student
3550,Rowan White,rowan.white.3550@example.edu,student
3551,Skyler White,skyler.white.3551@example.edu,student
3552,Parker White,parker.white.3552@example.edu,student
3553,Reese White,reese.white.3553@example.edu,student
3554,Kendall White,kendall.white.3554@example.edu,student
3555,Hayden White,hayden.white.3555@example.edu,student
3556,Emerson White,emerson.white.3556@example.edu,student
3557,Finley White,finley.white.3557@example.edu,student
3558,Logan White,logan.white.3558@example.edu,student
3559,Micah White,micah.white.3559@example.edu,student
3560,Alex Harris,alex.harris.3560@example.edu,student
3561,Jordan Harris,jordan.harris.3561@example.edu,student
3562,Taylor Harris,taylor.harris.3562@example.edu,student
3563,Morgan Harris,morgan.harris.3563@example.edu,student
3564,Riley Harris,riley.harris.3564@example.edu,student
3565,Casey Harris,casey.harris.3565@example.edu,student
3566,Quinn Harris,quinn.harris.3566@example.edu,student
3567,Jamie Harris,jamie.harris.3567@example.edu,instructor
3568,Avery Harris,avery.harris.3568@example.edu,student
3569,Dakota Harris,dakota.harris.3569@example.edu,student
3570,Rowan Harris,rowan.harris.3570@example.edu,student
3571,Skyler Harris,skyler.harris.3571@example.edu,student
3572,Parker Harris,parker.harris.3572@example.edu,student
3573,Reese Harris,reese.harris.3573@example.edu,student
3574,Kendall Harris,kendall.harris.3574@example.edu,student
3575,Hayden Harris,hayden.harris.3575@example.edu,student
3576,Emerson Harris,emerson.harris.3576@example.edu,student
3577,Finley Harris,finley.harris.3577@example.edu,student
3578,Logan Harris,logan.harris.3578@example.edu,student
3579,Micah Harris,micah.harris.3579@example.edu,student
3580,Alex Martin,alex.martin.3580@example.edu,student
3581,Jordan Martin,jordan.martin.3581@example.edu,student
3582,Taylor Martin,taylor.martin.3582@example.edu,student
3583,Morgan Martin,morgan.martin.3583@example.edu,student
3584,Riley Martin,riley.martin.3584@example.edu,student
3585,Casey Martin,casey.martin.3585@example.edu,student
3586,Quinn Martin,quinn.martin.3586@example.edu,student
3587,Jamie Martin,jamie.martin.3587@example.edu,student
3588,Avery Martin,avery.martin.3588@example.edu,student
3589,Dakota Martin,dakota.martin.3589@example.edu,student
3590,Rowan Martin,rowan.martin.3590@example.edu,student
3591,Skyler Martin,skyler.martin.3591@example.edu,student
3592,Parker Martin,parker.martin.3592@example.edu,student
3593,Reese Martin,reese.martin.3593@example.edu,student
3594,Kendall Martin,kendall.martin.3594@example.edu,student
3595,Hayden Martin,hayden.martin.3595@example.edu,student
3596,Emerson Martin,emerson.martin.3596@example.edu,student
3597,Finley Martin,finley.martin.3597@example.edu,student
3598,Logan Martin,logan.martin.3598@example.edu,student
3599,Micah Martin,micah.martin.3599@example.edu,student
3600,Alex Rivera,alex.rivera.3600@example.edu,student
3601,Jordan Rivera,jordan.rivera.3601@example.edu,student
3602,Taylor Rivera,taylor.rivera.3602@example.edu,student
3603,Morgan Rivera,morgan.rivera.3603@example.edu,student
3604,Riley Rivera,riley.rivera.3604@example.edu,student
3605,Casey Rivera,casey.rivera.3605@example.edu,student
3606,Quinn Rivera,quinn.rivera.3606@example.edu,student
3607,Jamie Rivera,jamie.rivera.3607@example.edu,student
3608,Avery Rivera,avery.rivera.3608@example.edu,student
3609,Dakota Rivera,dakota.rivera.3609@example.edu,student
3610,Rowan Rivera,rowan.rivera.3610@example.edu,student
3611,Skyler Rivera,skyler.rivera.3611@example.edu,student
3612,Parker Rivera,parker.rivera.3612@example.edu,student
3613,Reese Rivera,reese.rivera.3613@example.edu,student
3614,Kendall Rivera,kendall.rivera.3614@example.edu,student
3615,Hayden Rivera,hayden.rivera.3615@example.edu,student
3616,Emerson Rivera,emerson.rivera.3616@example.edu,student
3617,Finley Rivera,finley.rivera.3617@example.edu,student
3618,Logan Rivera,logan.rivera.3618@example.edu,student
3619,Micah Rivera,micah.rivera.3619@example.edu,student
3620,Alex Nguyen,alex.nguyen.3620@example.edu,student
3621,Jordan Nguyen,jordan.nguyen.3621@example.edu,student
3622,Taylor Nguyen,taylor.nguyen.3622@example.edu,student
3623,Morgan Nguyen,morgan.nguyen.3623@example.edu,student
3624,Riley Nguyen,riley.nguyen.3624@example.edu,student
3625,Casey Nguyen,casey.nguyen.3625@example.edu,student
3626,Quinn Nguyen,quinn.nguyen.3626@example.edu,student
3627,Jamie Nguyen,jamie.nguyen.3627@example.edu,student
3628,Avery Nguyen,avery.nguyen.3628@example.edu,student
3629,Dakota Nguyen,dakota.nguyen.3629@example.edu,student
3630,Rowan Nguyen,rowan.nguyen.3630@example.edu,student
3631,Skyler Nguyen,skyler.nguyen.3631@example.edu,student
3632,Parker Nguyen,parker.nguyen.3632@example.edu,student
3633,Reese Nguyen,reese.nguyen.3633@example.edu,student
3634,Kendall Nguyen,kendall.nguyen.3634@example.edu,student
3635,Hayden Nguyen,hayden.nguyen.3635@example.edu,student
3636,Emerson Nguyen,emerson.nguyen.3636@example.edu,instructor
3637,Finley Nguyen,finley.nguyen.3637@example.edu,student
3638,Logan Nguyen,logan.nguyen.3638@example.edu,student
3639,Micah Nguyen,micah.nguyen.3639@example.edu,student
3640,Alex Patel,alex.patel.3640@example.edu,student
3641,Jordan Patel,jordan.patel.3641@example.edu,student
3642,Taylor Patel,taylor.patel.3642@example.edu,student
3643,Morgan Patel,morgan.patel.3643@example.edu,student
3644,Riley Patel,riley.patel.3644@example.edu,student
3645,Casey Patel,casey.patel.3645@example.edu,student
3646,Quinn Patel,quinn.patel.3646@example.edu,student
3647,Jamie Patel,jamie.patel.3647@example.edu,student
3648,Avery Patel,avery.patel.3648@example.edu,student
3649,Dakota Patel,dakota.patel.3649@example.edu,student
3650,Rowan Patel,rowan.patel.3650@example.edu,student
3651,Skyler Patel,skyler.patel.3651@example.edu,student
3652,Parker Patel,parker.patel.3652@example.edu,student
3653,Reese Patel,reese.patel.3653@example.edu,student
3654,Kendall Patel,kendall.patel.3654@example.edu,student
3655,Hayden Patel,hayden.patel.3655@example.edu,student
3656,Emerson Patel,emerson.patel.3656@example.edu,student
3657,Finley Patel,finley.patel.3657@example.edu,student
3658,Logan Patel,logan.patel.3658@example.edu,student
3659,Micah Patel,micah.patel.3659@example.edu,student
3660,Alex Kim,alex.kim.3660@example.edu,student
3661,Jordan Kim,jordan.kim.3661@example.edu,student
3662,Taylor Kim,taylor.kim.3662@example.edu,student
3663,Morgan Kim,morgan.kim.3663@example.edu,student
3664,Riley Kim,riley.kim.3664@example.edu,student
3665,Casey Kim,casey.kim.3665@example.edu,student
3666,Quinn Kim,quinn.kim.3666@example.edu,student
3667,Jamie Kim,jamie.kim.3667@example.edu,student
3668,Avery Kim,avery.kim.3668@example.edu,student
3669,Dakota Kim,dakota.kim.3669@example.edu,student
3670,Rowan Kim,rowan.kim.3670@example.edu,student
3671,Skyler Kim,skyler.kim.3671@example.edu,student
3672,Parker Kim,parker.kim.3672@example.edu,student
3673,Reese Kim,reese.kim.3673@example.edu,student
3674,Kendall Kim,kendall.kim.3674@example.edu,student
3675,Hayden Kim,hayden.kim.3675@example.edu,student
3676,Emerson Kim,emerson.kim.3676@example.edu,student
3677,Finley Kim,finley.kim.3677@example.edu,student
3678,Logan Kim,logan.kim.3678@example.edu,student
3679,Micah Kim,micah.kim.3679@example.edu,student
3680,Alex Chen,alex.chen.3680@example.edu,student
3681,Jordan Chen,jordan.chen.3681@example.edu,student
3682,Taylor Chen,taylor.chen.3682@example.edu,student
3683,Morgan Chen,morgan.chen.3683@example.edu,student
3684,Riley Chen,riley.chen.3684@example.edu,student
3685,Casey Chen,casey.chen.3685@example.edu,student
3686,Quinn Chen,quinn.chen.3686@example.edu,student
3687,Jamie Chen,jamie.chen.3687@example.edu,student
3688,Avery Chen,avery.chen.3688@example.edu,instructor
3689,Dakota Chen,dakota.chen.3689@example.edu,student
3690,Rowan Chen,rowan.chen.3690@example.edu,student
3691,Skyler Chen,skyler.chen.3691@example.edu,student
3692,Parker Chen,parker.chen.3692@example.edu,student
3693,Reese Chen,reese.chen.3693@example.edu,student
3694,Kendall Chen,kendall.chen.3694@example.edu,student
3695,Hayden Chen,hayden.chen.3695@example.edu,student
3696,Emerson Chen,emerson.chen.3696@example.edu,student
3697,Finley Chen,finley.chen.3697@example.edu,student
3698,Logan Chen,logan.chen.3698@example.edu,student
3699,Micah Chen,micah.chen.3699@example.edu,student
3700,Alex Garcia,alex.garcia.3700@example.edu,student
3701,Jordan Garcia,jordan.garcia.3701@example.edu,student
3702,Taylor Garcia,taylor.garcia.3702@example.edu,student
3703,Morgan Garcia,morgan.garcia.3703@example.edu,student
3704,Riley Garcia,riley.garcia.3704@example.edu,student
3705,Casey Garcia,casey.garcia.3705@example.edu,student
3706,Quinn Garcia,quinn.garcia.3706@example.edu,student
3707,Jamie Garcia,jamie.garcia.3707@example.edu,student
3708,Avery Garcia,avery.garcia.3708@example.edu,student
3709,Dakota Garcia,dakota.garcia.3709@example.edu,student
3710,Rowan Garcia,rowan.garcia.3710@example.edu,student
3711,Skyler Garcia,skyler.garcia.3711@example.edu,student
3712,Parker Garcia,parker.garcia.3712@example.edu,student
3713,Reese Garcia,reese.garcia.3713@example.edu,student
3714,Kendall Garcia,kendall.garcia.3714@example.edu,student
3715,Hayden Garcia,hayden.garcia.3715@example.edu,student
3716,Emerson Garcia,emerson.garcia.3716@example.edu,student
3717,Finley Garcia,finley.garcia.3717@example.edu,student
3718,Logan Garcia,logan.garcia.3718@example.edu,student
3719,Micah Garcia,micah.garcia.3719@example.edu,student
3720,Alex Martinez,alex.martinez.3720@example.edu,student
3721,Jordan Martinez,jordan.martinez.3721@example.edu,student
3722,Taylor Martinez,taylor.martinez.3722@example.edu,student
3723,Morgan Martinez,morgan.martinez.3723@example.edu,student
3724,Riley Martinez,riley.martinez.3724@example.edu,student
3725,Casey Martinez,casey.martinez.3725@example.edu,student
3726,Quinn Martinez,quinn.martinez.3726@example.edu,student
3727,Jamie Martinez,jamie.martinez.3727@example.edu,student
3728,Avery Martinez,avery.martinez.3728@example.edu,student
3729,Dakota Martinez,dakota.martinez.3729@example.edu,student
3730,Rowan Martinez,rowan.martinez.3730@example.edu,student
3731,Skyler Martinez,skyler.martinez.3731@example.edu,student
3732,Parker Martinez,parker.martinez.3732@example.edu,student
3733,Reese Martinez,reese.martinez.3733@example.edu,student
3734,Kendall Martinez,kendall.martinez.3734@example.edu,student
3735,Hayden Martinez,hayden.martinez.3735@example.edu,student
3736,Emerson Martinez,emerson.martinez.3736@example.edu,student
3737,Finley Martinez,finley.martinez.3737@example.edu,student
3738,Logan Martinez,logan.martinez.3738@example.edu,student
3739,Micah Martinez,micah.martinez.3739@example.edu,student
3740,Alex Brown,alex.brown.3740@example.edu,student
3741,Jordan Brown,jordan.brown.3741@example.edu,student
3742,Taylor Brown,taylor.brown.3742@example.edu,student
3743,Morgan Brown,morgan.brown.3743@example.edu,student
3744,Riley Brown,riley.brown.3744@example.edu,student
3745,Casey Brown,casey.brown.3745@example.edu,student
3746,Quinn Brown,quinn.brown.3746@example.edu,student
3747,Jamie Brown,jamie.brown.3747@example.edu,student
3748,Avery Brown,avery.brown.3748@example.edu,student
3749,Dakota Brown,dakota.brown.3749@example.edu,student
3750,Rowan Brown,rowan.brown.3750@example.edu,student
3751,Skyler Brown,skyler.brown.3751@example.edu,student
3752,Parker Brown,parker.brown.3752@example.edu,student
3753,Reese Brown,reese.brown.3753@example.edu,student
3754,Kendall Brown,kendall.brown.3754@example.edu,student
3755,Hayden Brown,hayden.brown.3755@example.edu,student
3756,Emerson Brown,emerson.brown.3756@example.edu,student
3757,Finley Brown,finley.brown.3757@example.edu,student
3758,Logan Brown,logan.brown.3758@example.edu,student
3759,Micah Brown,micah.brown.3759@example.edu,student
3760,Alex Johnson,alex.johnson.3760@example.edu,instructor
3761,Jordan Johnson,jordan.johnson.3761@example.edu,student
3762,Taylor Johnson,taylor.johnson.3762@example.edu,student
3763,Morgan Johnson,morgan.johnson.3763@example.edu,student
3764,Riley Johnson,riley.johnson.3764@example.edu,student
3765,Casey Johnson,casey.johnson.3765@example.edu,student
3766,Quinn Johnson,quinn.johnson.3766@example.edu,student
3767,Jamie Johnson,jamie.johnson.3767@example.edu,student
3768,Avery Johnson,avery.johnson.3768@example.edu,student
3769,Dakota Johnson,dakota.johnson.3769@example.edu,student
3770,Rowan Johnson,rowan.johnson.3770@example.edu,student
3771,Skyler Johnson,skyler.johnson.3771@example.edu,student
3772,Parker Johnson,parker.johnson.3772@example.edu,student
3773,Reese Johnson,reese.johnson.3773@example.edu,student
3774,Kendall Johnson,kendall.johnson.3774@example.edu,student
3775,Hayden Johnson,hayden.johnson.3775@example.edu,student
3776,Emerson Johnson,emerson.johnson.3776@example.edu,student
3777,Finley Johnson,finley.johnson.3777@example.edu,student
3778,Logan Johnson,logan.johnson.3778@example.edu,student
3779,Micah Johnson,micah.johnson.3779@example.edu,student
3780,Alex Davis,alex.davis.3780@example.edu,student
3781,Jordan Davis,jordan.davis.3781@example.edu,student
3782,Taylor Davis,taylor.davis.3782@example.edu,student
3783,Morgan Davis,morgan.davis.3783@example.edu,student
3784,Riley Davis,riley.davis.3784@example.edu,student
3785,Casey Davis,casey.davis.3785@example.edu,student
3786,Quinn Davis,quinn.davis.3786@example.edu,student
3787,Jamie Davis,jamie.davis.3787@example.edu,student
3788,Avery Davis,avery.davis.3788@example.edu,student
3789,Dakota Davis,dakota.davis.3789@example.edu,student
3790,Rowan Davis,rowan.davis.3790@example.edu,student
3791,Skyler Davis,skyler.davis.3791@example.edu,student
3792,Parker Davis,parker.davis.3792@example.edu,student
3793,Reese Davis,reese.davis.3793@example.edu,student
3794,Kendall Davis,kendall.davis.3794@example.edu,student
3795,Hayden Davis,hayden.davis.3795@example.edu,student
3796,Emerson Davis,emerson.davis.3796@example.edu,student
3797,Finley Davis,finley.davis.3797@example.edu,instructor
3798,Logan Davis,logan.davis.3798@example.edu,student
3799,Micah Davis,micah.davis.3799@example.edu,student
3800,Alex Miller,alex.miller.3800@example.edu,student
3801,Jordan Miller,jordan.miller.3801@example.edu,student
3802,Taylor Miller,taylor.miller.3802@example.edu,student
3803,Morgan Miller,morgan.miller.3803@example.edu,student
3804,Riley Miller,riley.miller.3804@example.edu,student
3805,Casey Miller,casey.miller.3805@example.edu,student
3806,Quinn Miller,quinn.miller.3806@example.edu,student
3807,Jamie Miller,jamie.miller.3807@example.edu,student
3808,Avery Miller,avery.miller.3808@example.edu,student
3809,Dakota Miller,dakota.miller.3809@example.edu,student
3810,Rowan Miller,rowan.miller.3810@example.edu,student
3811,Skyler Miller,skyler.miller.3811@example.edu,student
3812,Parker Miller,parker.miller.3812@example.edu,student
3813,Reese Miller,reese.miller.3813@example.edu,student
3814,Kendall Miller,kendall.miller.3814@example.edu,student
3815,Hayden Miller,hayden.miller.3815@example.edu,student
3816,Emerson Miller,emerson.miller.3816@example.edu,student
3817,Finley Miller,finley.miller.3817@example.edu,student
3818,Logan Miller,logan.miller.3818@example.edu,student
3819,Micah Miller,micah.miller.3819@example.edu,student
3820,Alex Wilson,alex.wilson.3820@example.edu,student
3821,Jordan Wilson,jordan.wilson.3821@example.edu,student
3822,Taylor Wilson,taylor.wilson.3822@example.edu,student
3823,Morgan Wilson,morgan.wilson.3823@example.edu,student
3824,Riley Wilson,riley.wilson.3824@example.edu,student
3825,Casey Wilson,casey.wilson.3825@example.edu,student
3826,Quinn Wilson,quinn.wilson.3826@example.edu,student
3827,Jamie Wilson,jamie.wilson.3827@example.edu,student
3828,Avery Wilson,avery.wilson.3828@example.edu,student
3829,Dakota Wilson,dakota.wilson.3829@example.edu,student
3830,Rowan Wilson,rowan.wilson.3830@example.edu,student
3831,Skyler Wilson,skyler.wilson.3831@example.edu,student
3832,Parker Wilson,parker.wilson.3832@example.edu,student
3833,Reese Wilson,reese.wilson.3833@example.edu,student
3834,Kendall Wilson,kendall.wilson.3834@example.edu,student
3835,Hayden Wilson,hayden.wilson.3835@example.edu,student
3836,Emerson Wilson,emerson.wilson.3836@example.edu,student
3837,Finley Wilson,finley.wilson.3837@example.edu,student
3838,Logan Wilson,logan.wilson.3838@example.edu,student
3839,Micah Wilson,micah.wilson.3839@example.edu,student
3840,Alex Moore,alex.moore.3840@example.edu,student
3841,Jordan Moore,jordan.moore.3841@example.edu,student
3842,Taylor Moore,taylor.moore.3842@example.edu,instructor
3843,Morgan Moore,morgan.moore.3843@example.edu,student
3844,Riley Moore,riley.moore.3844@example.edu,student
3845,Casey Moore,casey.moore.3845@example.edu,student
3846,Quinn Moore,quinn.moore.3846@example.edu,student
3847,Jamie Moore,jamie.moore.3847@example.edu,student
3848,Avery Moore,avery.moore.3848@example.edu,student
3849,Dakota Moore,dakota.moore.3849@example.edu,student
3850,Rowan Moore,rowan.moore.3850@example.edu,student
3851,Skyler Moore,skyler.moore.3851@example.edu,student
3852,Parker Moore,parker.moore.3852@example.edu,student
3853,Reese Moore,reese.moore.3853@example.edu,student
3854,Kendall Moore,kendall.moore.3854@example.edu,student
3855,Hayden Moore,hayden.moore.3855@example.edu,student
3856,Emerson Moore,emerson.moore.3856@example.edu,student
3857,Finley Moore,finley.moore.3857@example.edu,student
3858,Logan Moore,logan.moore.3858@example.edu,student
3859,Micah Moore,micah.moore.3859@example.edu,student
3860,Alex Taylor,alex.taylor.3860@example.edu,student
3861,Jordan Taylor,jordan.taylor.3861@example.edu,student
3862,Taylor Taylor,taylor.taylor.3862@example.edu,student
3863,Morgan Taylor,morgan.taylor.3863@example.edu,student
3864,Riley Taylor,riley.taylor.3864@example.edu,student
3865,Casey Taylor,casey.taylor.3865@example.edu,student
3866,Quinn Taylor,quinn.taylor.3866@example.edu,student
3867,Jamie Taylor,jamie.taylor.3867@example.edu,student
3868,Avery Taylor,avery.taylor.3868@example.edu,student
3869,Dakota Taylor,dakota.taylor.3869@example.edu,student
3870,Rowan Taylor,rowan.taylor.3870@example.edu,student
3871,Skyler Taylor,skyler.taylor.3871@example.edu,student
3872,Parker Taylor,parker.taylor.3872@example.edu,student
3873,Reese Taylor,reese.taylor.3873@example.edu,student
3874,Kendall Taylor,kendall.taylor.3874@example.edu,student
3875,Hayden Taylor,hayden.taylor.3875@example.edu,student
3876,Emerson Taylor,emerson.taylor.3876@example.edu,student
3877,Finley Taylor,finley.taylor.3877@example.edu,instructor
3878,Logan Taylor,logan.taylor.3878@example.edu,student
3879,Micah Taylor,micah.taylor.3879@example.edu,student
3880,Alex Anderson,alex.anderson.3880@example.edu,student
3881,Jordan Anderson,jordan.anderson.3881@example.edu,student
3882,Taylor Anderson,taylor.anderson.3882@example.edu,student
3883,Morgan Anderson,morgan.anderson.3883@example.edu,student
3884,Riley Anderson,riley.anderson.3884@example.edu,student
3885,Casey Anderson,casey.anderson.3885@example.edu,student
3886,Quinn Anderson,quinn.anderson.3886@example.edu,student
3887,Jamie Anderson,jamie.anderson.3887@example.edu,student
3888,Avery Anderson,avery.anderson.3888@example.edu,student
3889,Dakota Anderson,dakota.anderson.3889@example.edu,student
3890,Rowan Anderson,rowan.anderson.3890@example.edu,student
3891,Skyler Anderson,skyler.anderson.3891@example.edu,student
3892,Parker Anderson,parker.anderson.3892@example.edu,student
3893,Reese Anderson,reese.anderson.3893@example.edu,student
3894,Kendall Anderson,kendall.anderson.3894@example.edu,student
3895,Hayden Anderson,hayden.anderson.3895@example.edu,student
3896,Emerson Anderson,emerson.anderson.3896@example.edu,student
3897,Finley Anderson,finley.anderson.3897@example.edu,student
3898,Logan Anderson,logan.anderson.3898@example.edu,student
3899,Micah Anderson,micah.anderson.3899@example.edu,student
3900,Alex Thomas,alex.thomas.3900@example.edu,student
3901,Jordan Thomas,jordan.thomas.3901@example.edu,student
3902,Taylor Thomas,taylor.thomas.3902@example.edu,student
3903,Morgan Thomas,morgan.thomas.3903@example.edu,student
3904,Riley Thomas,riley.thomas.3904@example.edu,student
3905,Casey Thomas,casey.thomas.3905@example.edu,student
3906,Quinn Thomas,quinn.thomas.3906@example.edu,student
3907,Jamie Thomas,jamie.thomas.3907@example.edu,student
3908,Avery Thomas,avery.thomas.3908@example.edu,student
3909,Dakota Thomas,dakota.thomas.3909@example.edu,student
3910,Rowan Thomas,rowan.thomas.3910@example.edu,student
3911,Skyler Thomas,skyler.thomas.3911@example.edu,student
3912,Parker Thomas,parker.thomas.3912@example.edu,student
3913,Reese Thomas,reese.thomas.3913@example.edu,student
3914,Kendall Thomas,kendall.thomas.3914@example.edu,student
3915,Hayden Thomas,hayden.thomas.3915@example.edu,student
3916,Emerson Thomas,emerson.thomas.3916@example.edu,student
3917,Finley Thomas,finley.thomas.3917@example.edu,student
3918,Logan Thomas,logan.thomas.3918@example.edu,student
3919,Micah Thomas,micah.thomas.3919@example.edu,student
3920,Alex Jackson,alex.jackson.3920@example.edu,student
3921,Jordan Jackson,jordan.jackson.3921@example.edu,student
3922,Taylor Jackson,taylor.jackson.3922@example.edu,student
3923,Morgan Jackson,morgan.jackson.3923@example.edu,student
3924,Riley Jackson,riley.jackson.3924@example.edu,student
3925,Casey Jackson,casey.jackson.3925@example.edu,student
3926,Quinn Jackson,quinn.jackson.3926@example.edu,student
3927,Jamie Jackson,jamie.jackson.3927@example.edu,student
3928,Avery Jackson,avery.jackson.3928@example.edu,student
3929,Dakota Jackson,dakota.jackson.3929@example.edu,student
3930,Rowan Jackson,rowan.jackson.3930@example.edu,student
3931,Skyler Jackson,skyler.jackson.3931@example.edu,student
3932,Parker Jackson,parker.jackson.3932@example.edu,student
3933,Reese Jackson,reese.jackson.3933@example.edu,instructor
3934,Kendall Jackson,kendall.jackson.3934@example.edu,student
3935,Hayden Jackson,hayden.jackson.3935@example.edu,student
3936,Emerson Jackson,emerson.jackson.3936@example.edu,student
3937,Finley Jackson,finley.jackson.3937@example.edu,student
3938,Logan Jackson,logan.jackson.3938@example.edu,student
3939,Micah Jackson,micah.jackson.3939@example.edu,student
3940,Alex White,alex.white.3940@example.edu,student
3941,Jordan White,jordan.white.3941@example.edu,student
3942,Taylor White,taylor.white.3942@example.edu,student
3943,Morgan White,morgan.white.3943@example.edu,student
3944,Riley White,riley.white.3944@example.edu,student
3945,Casey White,casey.white.3945@example.edu,student
3946,Quinn White,quinn.white.3946@example.edu,student
3947,Jamie White,jamie.white.3947@example.edu,student
3948,Avery White,avery.white.3948@example.edu,student
3949,Dakota White,dakota.white.3949@example.edu,student
3950,Rowan White,rowan.white.3950@example.edu,student
3951,Skyler White,skyler.white.3951@example.edu,student
3952,Parker White,parker.white.3952@example.edu,student
3953,Reese White,reese.white.3953@example.edu,student
3954,Kendall White,kendall.white.3954@example.edu,student
3955,Hayden White,hayden.white.3955@example.edu,student
3956,Emerson White,emerson.white.3956@example.edu,student
3957,Finley White,finley.white.3957@example.edu,student
3958,Logan White,logan.white.3958@example.edu,student
3959,Micah White,micah.white.3959@example.edu,student
3960,Alex Harris,alex.harris.3960@example.edu,student
3961,Jordan Harris,jordan.harris.3961@example.edu,student
3962,Taylor Harris,taylor.harris.3962@example.edu,student
3963,Morgan Harris,morgan.harris.3963@example.edu,student
3964,Riley Harris,riley.harris.3964@example.edu,student
3965,Casey Harris,casey.harris.3965@example.edu,student
3966,Quinn Harris,quinn.harris.3966@example.edu,student
3967,Jamie Harris,jamie.harris.3967@example.edu,student
3968,Avery Harris,avery.harris.3968@example.edu,student
3969,Dakota Harris,dakota.harris.3969@example.edu,student
3970,Rowan Harris,rowan.harris.3970@example.edu,student
3971,Skyler Harris,skyler.harris.3971@example.edu,student
3972,Parker Harris,parker.harris.3972@example.edu,student
3973,Reese Harris,reese.harris.3973@example.edu,student
3974,Kendall Harris,kendall.harris.3974@example.edu,student
3975,Hayden Harris,hayden.harris.3975@example.edu,student
3976,Emerson Harris,emerson.harris.3976@example.edu,student
3977,Finley Harris,finley.harris.3977@example.edu,student
3978,Logan Harris,logan.harris.3978@example.edu,student
3979,Micah Harris,micah.harris.3979@example.edu,student
3980,Alex Martin,alex.martin.3980@example.edu,student
3981,Jordan Martin,jordan.martin.3981@example.edu,student
3982,Taylor Martin,taylor.martin.3982@example.edu,instructor
3983,Morgan Martin,morgan.martin.3983@example.edu,student
3984,Riley Martin,riley.martin.3984@example.edu,student
3985,Casey Martin,casey.martin.3985@example.edu,student
3986,Quinn Martin,quinn.martin.3986@example.edu,student
3987,Jamie Martin,jamie.martin.3987@example.edu,student
3988,Avery Martin,avery.martin.3988@example.edu,student
3989,Dakota Martin,dakota.martin.3989@example.edu,student
3990,Rowan Martin,rowan.martin.3990@example.edu,student
3991,Skyler Martin,skyler.martin.3991@example.edu,student
3992,Parker Martin,parker.martin.3992@example.edu,student
3993,Reese Martin,reese.martin.3993@example.edu,student
3994,Kendall Martin,kendall.martin.3994@example.edu,student
3995,Hayden Martin,hayden.martin.3995@example.edu,student
3996,Emerson Martin,emerson.martin.3996@example.edu,student
3997,Finley Martin,finley.martin.3997@example.edu,student
3998,Logan Martin,logan.martin.3998@example.edu,student
3999,Micah Martin,micah.martin.3999@example.edu,student
4000,Alex Rivera,alex.rivera.4000@example.edu,student
4001,Jordan Rivera,jordan.rivera.4001@example.edu,student
4002,Taylor Rivera,taylor.rivera.4002@example.edu,student
4003,Morgan Rivera,morgan.rivera.4003@example.edu,student
4004,Riley Rivera,riley.rivera.4004@example.edu,student
4005,Casey Rivera,casey.rivera.4005@example.edu,student
4006,Quinn Rivera,quinn.rivera.4006@example.edu,student
4007,Jamie Rivera,jamie.rivera.4007@example.edu,student
4008,Avery Rivera,avery.rivera.4008@example.edu,student
4009,Dakota Rivera,dakota.rivera.4009@example.edu,student
4010,Rowan Rivera,rowan.rivera.4010@example.edu,student
4011,Skyler Rivera,skyler.rivera.4011@example.edu,student
4012,Parker Rivera,parker.rivera.4012@example.edu,student
4013,Reese Rivera,reese.rivera.4013@example.edu,student
4014,Kendall Rivera,kendall.rivera.4014@example.edu,student
4015,Hayden Rivera,hayden.rivera.4015@example.edu,student
4016,Emerson Rivera,emerson.rivera.4016@example.edu,student
4017,Finley Rivera,finley.rivera.4017@example.edu,student
4018,Logan Rivera,logan.rivera.4018@example.edu,student
4019,Micah Rivera,micah.rivera.4019@example.edu,student
4020,Alex Nguyen,alex.nguyen.4020@example.edu,student
4021,Jordan Nguyen,jordan.nguyen.4021@example.edu,student
4022,Taylor Nguyen,taylor.nguyen.4022@example.edu,student
4023,Morgan Nguyen,morgan.nguyen.4023@example.edu,student
4024,Riley Nguyen,riley.nguyen.4024@example.edu,student
4025,Casey Nguyen,casey.nguyen.4025@example.edu,student
4026,Quinn Nguyen,quinn.nguyen.4026@example.edu,student
4027,Jamie Nguyen,jamie.nguyen.4027@example.edu,student
4028,Avery Nguyen,avery.nguyen.4028@example.edu,student
4029,Dakota Nguyen,dakota.nguyen.4029@example.edu,student
4030,Rowan Nguyen,rowan.nguyen.4030@example.edu,student
4031,Skyler Nguyen,skyler.nguyen.4031@example.edu,student
4032,Parker Nguyen,parker.nguyen.4032@example.edu,student
4033,Reese Nguyen,reese.nguyen.4033@example.edu,instructor
4034,Kendall Nguyen,kendall.nguyen.4034@example.edu,student
4035,Hayden Nguyen,hayden.nguyen.4035@example.edu,student
4036,Emerson Nguyen,emerson.nguyen.4036@example.edu,student
4037,Finley Nguyen,finley.nguyen.4037@example.edu,student
4038,Logan Nguyen,logan.nguyen.4038@example.edu,student
4039,Micah Nguyen,micah.nguyen.4039@example.edu,student
4040,Alex Patel,alex.patel.4040@example.edu,student
4041,Jordan Patel,jordan.patel.4041@example.edu,student
4042,Taylor Patel,taylor.patel.4042@example.edu,student
4043,Morgan Patel,morgan.patel.4043@example.edu,student
4044,Riley Patel,riley.patel.4044@example.edu,student
4045,Casey Patel,casey.patel.4045@example.edu,student
4046,Quinn Patel,quinn.patel.4046@example.edu,student
4047,Jamie Patel,jamie.patel.4047@example.edu,student
4048,Avery Patel,avery.patel.4048@example.edu,student
4049,Dakota Patel,dakota.patel.4049@example.edu,student
4050,Rowan Patel,rowan.patel.4050@example.edu,student
4051,Skyler Patel,skyler.patel.4051@example.edu,student
4052,Parker Patel,parker.patel.4052@example.edu,student
4053,Reese Patel,reese.patel.4053@example.edu,student
4054,Kendall Patel,kendall.patel.4054@example.edu,student
4055,Hayden Patel,hayden.patel.4055@example.edu,student
4056,Emerson Patel,emerson.patel.4056@example.edu,student
4057,Finley Patel,finley.patel.4057@example.edu,student
4058,Logan Patel,logan.patel.4058@example.edu,student
4059,Micah Patel,micah.patel.4059@example.edu,student
4060,Alex Kim,alex.kim.4060@example.edu,student
4061,Jordan Kim,jordan.kim.4061@example.edu,student
4062,Taylor Kim,taylor.kim.4062@example.edu,student
4063,Morgan Kim,morgan.kim.4063@example.edu,student
4064,Riley Kim,riley.kim.4064@example.edu,student
4065,Casey Kim,casey.kim.4065@example.edu,student
4066,Quinn Kim,quinn.kim.4066@example.edu,student
4067,Jamie Kim,jamie.kim.4067@example.edu,student
4068,Avery Kim,avery.kim.4068@example.edu,student
4069,Dakota Kim,dakota.kim.4069@example.edu,student
4070,Rowan Kim,rowan.kim.4070@example.edu,student
4071,Skyler Kim,skyler.kim.4071@example.edu,student
4072,Parker Kim,parker.kim.4072@example.edu,student
4073,Reese Kim,reese.kim.4073@example.edu,student
4074,Kendall Kim,kendall.kim.4074@example.edu,student
4075,Hayden Kim,hayden.kim.4075@example.edu,student
4076,Emerson Kim,emerson.kim.4076@example.edu,student
4077,Finley Kim,finley.kim.4077@example.edu,student
4078,Logan Kim,logan.kim.4078@example.edu,student
4079,Micah Kim,micah.kim.4079@example.edu,student
4080,Alex Chen,alex.chen.4080@example.edu,student
4081,Jordan Chen,jordan.chen.4081@example.edu,student
4082,Taylor Chen,taylor.chen.4082@example.edu,student
4083,Morgan Chen,morgan.chen.4083@example.edu,student
4084,Riley Chen,riley.chen.4084@example.edu,student
4085,Casey Chen,casey.chen.4085@example.edu,student
4086,Quinn Chen,quinn.chen.4086@example.edu,student
4087,Jamie Chen,jamie.chen.4087@example.edu,student
4088,Avery Chen,avery.chen.4088@example.edu,student
4089,Dakota Chen,dakota.chen.4089@example.edu,student
4090,Rowan Chen,rowan.chen.4090@example.edu,student
4091,Skyler Chen,skyler.chen.4091@example.edu,student
4092,Parker Chen,parker.chen.4092@example.edu,instructor
4093,Reese Chen,reese.chen.4093@example.edu,student
4094,Kendall Chen,kendall.chen.4094@example.edu,student
4095,Hayden Chen,hayden.chen.4095@example.edu,student
4096,Emerson Chen,emerson.chen.4096@example.edu,student
4097,Finley Chen,finley.chen.4097@example.edu,student
4098,Logan Chen,logan.chen.4098@example.edu,student
4099,Micah Chen,micah.chen.4099@example.edu,student
4100,Alex Garcia,alex.garcia.4100@example.edu,student
4101,Jordan Garcia,jordan.garcia.4101@example.edu,student
4102,Taylor Garcia,taylor.garcia.4102@example.edu,student
4103,Morgan Garcia,morgan.garcia.4103@example.edu,student
4104,Riley Garcia,riley.garcia.4104@example.edu,student
4105,Casey Garcia,casey.garcia.4105@example.edu,student
4106,Quinn Garcia,quinn.garcia.4106@example.edu,student
4107,Jamie Garcia,jamie.garcia.4107@example.edu,student
4108,Avery Garcia,avery.garcia.4108@example.edu,student
4109,Dakota Garcia,dakota.garcia.4109@example.edu,student
4110,Rowan Garcia,rowan.garcia.4110@example.edu,student
4111,Skyler Garcia,skyler.garcia.4111@example.edu,student
4112,Parker Garcia,parker.garcia.4112@example.edu,student
4113,Reese Garcia,reese.garcia.4113@example.edu,student
4114,Kendall Garcia,kendall.garcia.4114@example.edu,student
4115,Hayden Garcia,hayden.garcia.4115@example.edu,student
4116,Emerson Garcia,emerson.garcia.4116@example.edu,student
4117,Finley Garcia,finley.garcia.4117@example.edu,student
4118,Logan Garcia,logan.garcia.4118@example.edu,student
4119,Micah Garcia,micah.garcia.4119@example.edu,student
4120,Alex Martinez,alex.martinez.4120@example.edu,student
4121,Jordan Martinez,jordan.martinez.4121@example.edu,student
4122,Taylor Martinez,taylor.martinez.4122@example.edu,student
4123,Morgan Martinez,morgan.martinez.4123@example.edu,student
4124,Riley Martinez,riley.martinez.4124@example.edu,student
4125,Casey Martinez,casey.martinez.4125@example.edu,student
4126,Quinn Martinez,quinn.martinez.4126@example.edu,student
4127,Jamie Martinez,jamie.martinez.4127@example.edu,student
4128,Avery Martinez,avery.martinez.4128@example.edu,student
4129,Dakota Martinez,dakota.martinez.4129@example.edu,student
4130,Rowan Martinez,rowan.martinez.4130@example.edu,student
4131,Skyler Martinez,skyler.martinez.4131@example.edu,student
4132,Parker Martinez,parker.martinez.4132@example.edu,student
4133,Reese Martinez,reese.martinez.4133@example.edu,student
4134,Kendall Martinez,kendall.martinez.4134@example.edu,student
4135,Hayden Martinez,hayden.martinez.4135@example.edu,student
4136,Emerson Martinez,emerson.martinez.4136@example.edu,student
4137,Finley Martinez,finley.martinez.4137@example.edu,student
4138,Logan Martinez,logan.martinez.4138@example.edu,student
4139,Micah Martinez,micah.martinez.4139@example.edu,student
4140,Alex Brown,alex.brown.4140@example.edu,student
4141,Jordan Brown,jordan.brown.4141@example.edu,student
4142,Taylor Brown,taylor.brown.4142@example.edu,student
4143,Morgan Brown,morgan.brown.4143@example.edu,student
4144,Riley Brown,riley.brown.4144@example.edu,student
4145,Casey Brown,casey.brown.4145@example.edu,student
4146,Quinn Brown,quinn.brown.4146@example.edu,student
4147,Jamie Brown,jamie.brown.4147@example.edu,student
4148,Avery Brown,avery.brown.4148@example.edu,student
4149,Dakota Brown,dakota.brown.4149@example.edu,student
4150,Rowan Brown,rowan.brown.4150@example.edu,student
4151,Skyler Brown,skyler.brown.4151@example.edu,student
4152,Parker Brown,parker.brown.4152@example.edu,student
4153,Reese Brown,reese.brown.4153@example.edu,student
4154,Kendall Brown,kendall.brown.4154@example.edu,student
4155,Hayden Brown,hayden.brown.4155@example.edu,student
4156,Emerson Brown,emerson.brown.4156@example.edu,student
4157,Finley Brown,finley.brown.4157@example.edu,student
4158,Logan Brown,logan.brown.4158@example.edu,student
4159,Micah Brown,micah.brown.4159@example.edu,student
4160,Alex Johnson,alex.johnson.4160@example.edu,student
4161,Jordan Johnson,jordan.johnson.4161@example.edu,student
4162,Taylor Johnson,taylor.johnson.4162@example.edu,student
4163,Morgan Johnson,morgan.johnson.4163@example.edu,student
4164,Riley Johnson,riley.johnson.4164@example.edu,student
4165,Casey Johnson,casey.johnson.4165@example.edu,student
4166,Quinn Johnson,quinn.johnson.4166@example.edu,student
4167,Jamie Johnson,jamie.johnson.4167@example.edu,instructor
4168,Avery Johnson,avery.johnson.4168@example.edu,student
4169,Dakota Johnson,dakota.johnson.4169@example.edu,student
4170,Rowan Johnson,rowan.johnson.4170@example.edu,student
4171,Skyler Johnson,skyler.johnson.4171@example.edu,student
4172,Parker Johnson,parker.johnson.4172@example.edu,student
4173,Reese Johnson,reese.johnson.4173@example.edu,student
4174,Kendall Johnson,kendall.johnson.4174@example.edu,student
4175,Hayden Johnson,hayden.johnson.4175@example.edu,student
4176,Emerson Johnson,emerson.johnson.4176@example.edu,student
4177,Finley Johnson,finley.johnson.4177@example.edu,student
4178,Logan Johnson,logan.johnson.4178@example.edu,student
4179,Micah Johnson,micah.johnson.4179@example.edu,student
4180,Alex Davis,alex.davis.4180@example.edu,student
4181,Jordan Davis,jordan.davis.4181@example.edu,student
4182,Taylor Davis,taylor.davis.4182@example.edu,student
4183,Morgan Davis,morgan.davis.4183@example.edu,student
4184,Riley Davis,riley.davis.4184@example.edu,student
4185,Casey Davis,casey.davis.4185@example.edu,student
4186,Quinn Davis,quinn.davis.4186@example.edu,student
4187,Jamie Davis,jamie.davis.4187@example.edu,student
4188,Avery Davis,avery.davis.4188@example.edu,student
4189,Dakota Davis,dakota.davis.4189@example.edu,student
4190,Rowan Davis,rowan.davis.4190@example.edu,student
4191,Skyler Davis,skyler.davis.4191@example.edu,student
4192,Parker Davis,parker.davis.4192@example.edu,student
4193,Reese Davis,reese.davis.4193@example.edu,student
4194,Kendall Davis,kendall.davis.4194@example.edu,student
4195,Hayden Davis,hayden.davis.4195@example.edu,student
4196,Emerson Davis,emerson.davis.4196@example.edu,student
4197,Finley Davis,finley.davis.4197@example.edu,student
4198,Logan Davis,logan.davis.4198@example.edu,student
4199,Micah Davis,micah.davis.4199@example.edu,student
4200,Alex Miller,alex.miller.4200@example.edu,student
4201,Jordan Miller,jordan.miller.4201@example.edu,student
4202,Taylor Miller,taylor.miller.4202@example.edu,student
4203,Morgan Miller,morgan.miller.4203@example.edu,student
4204,Riley Miller,riley.miller.4204@example.edu,student
4205,Casey Miller,casey.miller.4205@example.edu,student
4206,Quinn Miller,quinn.miller.4206@example.edu,student
4207,Jamie Miller,jamie.miller.4207@example.edu,student
4208,Avery Miller,avery.miller.4208@example.edu,student
4209,Dakota Miller,dakota.miller.4209@example.edu,student
4210,Rowan Miller,rowan.miller.4210@example.edu,student
4211,Skyler Miller,skyler.miller.4211@example.edu,student
4212,Parker Miller,parker.miller.4212@example.edu,student
4213,Reese Miller,reese.miller.4213@example.edu,student
4214,Kendall Miller,kendall.miller.4214@example.edu,student
4215,Hayden Miller,hayden.miller.4215@example.edu,student
4216,Emerson Miller,emerson.miller.4216@example.edu,student
4217,Finley Miller,finley.miller.4217@example.edu,student
4218,Logan Miller,logan.miller.4218@example.edu,student
4219,Micah Miller,micah.miller.4219@example.edu,student
4220,Alex Wilson,alex.wilson.4220@example.edu,student
4221,Jordan Wilson,jordan.wilson.4221@example.edu,student
4222,Taylor Wilson,taylor.wilson.4222@example.edu,student
4223,Morgan Wilson,morgan.wilson.4223@example.edu,student
4224,Riley Wilson,riley.wilson.4224@example.edu,student
4225,Casey Wilson,casey.wilson.4225@example.edu,student
4226,Quinn Wilson,quinn.wilson.4226@example.edu,student
4227,Jamie Wilson,jamie.wilson.4227@example.edu,student
4228,Avery Wilson,avery.wilson.4228@example.edu,student
4229,Dakota Wilson,dakota.wilson.4229@example.edu,student
4230,Rowan Wilson,rowan.wilson.4230@example.edu,student
4231,Skyler Wilson,skyler.wilson.4231@example.edu,student
4232,Parker Wilson,parker.wilson.4232@example.edu,student
4233,Reese Wilson,reese.wilson.4233@example.edu,student
4234,Kendall Wilson,kendall.wilson.4234@example.edu,student
4235,Hayden Wilson,hayden.wilson.4235@example.edu,student
4236,Emerson Wilson,emerson.wilson.4236@example.edu,student
4237,Finley Wilson,finley.wilson.4237@example.edu,student
4238,Logan Wilson,logan.wilson.4238@example.edu,student
4239,Micah Wilson,micah.wilson.4239@example.edu,student
4240,Alex Moore,alex.moore.4240@example.edu,student
4241,Jordan Moore,jordan.moore.4241@example.edu,student
4242,Taylor Moore,taylor.moore.4242@example.edu,student
4243,Morgan Moore,morgan.moore.4243@example.edu,student
4244,Riley Moore,riley.moore.4244@example.edu,student
4245,Casey Moore,casey.moore.4245@example.edu,student
4246,Quinn Moore,quinn.moore.4246@example.edu,student
4247,Jamie Moore,jamie.moore.4247@example.edu,instructor
4248,Avery Moore,avery.moore.4248@example.edu,student
4249,Dakota Moore,dakota.moore.4249@example.edu,student
4250,Rowan Moore,rowan.moore.4250@example.edu,student
4251,Skyler Moore,skyler.moore.4251@example.edu,student
4252,Parker Moore,parker.moore.4252@example.edu,student
4253,Reese Moore,reese.moore.4253@example.edu,student
4254,Kendall Moore,kendall.moore.4254@example.edu,student
4255,Hayden Moore,hayden.moore.4255@example.edu,student
4256,Emerson Moore,emerson.moore.4256@example.edu,student
4257,Finley Moore,finley.moore.4257@example.edu,student
4258,Logan Moore,logan.moore.4258@example.edu,student
4259,Micah Moore,micah.moore.4259@example.edu,student
4260,Alex Taylor,alex.taylor.4260@example.edu,student
4261,Jordan Taylor,jordan.taylor.4261@example.edu,student
4262,Taylor Taylor,taylor.taylor.4262@example.edu,student
4263,Morgan Taylor,morgan.taylor.4263@example.edu,student
4264,Riley Taylor,riley.taylor.4264@example.edu,student
4265,Casey Taylor,casey.taylor.4265@example.edu,student
4266,Quinn Taylor,quinn.taylor.4266@example.edu,student
4267,Jamie Taylor,jamie.taylor.4267@example.edu,student
4268,Avery Taylor,avery.taylor.4268@example.edu,student
4269,Dakota Taylor,dakota.taylor.4269@example.edu,student
4270,Rowan Taylor,rowan.taylor.4270@example.edu,student
4271,Skyler Taylor,skyler.taylor.4271@example.edu,student
4272,Parker Taylor,parker.taylor.4272@example.edu,student
4273,Reese Taylor,reese.taylor.4273@example.edu,student
4274,Kendall Taylor,kendall.taylor.4274@example.edu,student
4275,Hayden Taylor,hayden.taylor.4275@example.edu,student
4276,Emerson Taylor,emerson.taylor.4276@example.edu,student
4277,Finley Taylor,finley.taylor.4277@example.edu,student
4278,Logan Taylor,logan.taylor.4278@example.edu,student
4279,Micah Taylor,micah.taylor.4279@example.edu,student
4280,Alex Anderson,alex.anderson.4280@example.edu,student
4281,Jordan Anderson,jordan.anderson.4281@example.edu,student
4282,Taylor Anderson,taylor.anderson.4282@example.edu,student
4283,Morgan Anderson,morgan.anderson.4283@example.edu,student
4284,Riley Anderson,riley.anderson.4284@example.edu,student
4285,Casey Anderson,casey.anderson.4285@example.edu,student
4286,Quinn Anderson,quinn.anderson.4286@example.edu,student
4287,Jamie Anderson,jamie.anderson.4287@example.edu,student
4288,Avery Anderson,avery.anderson.4288@example.edu,student
4289,Dakota Anderson,dakota.anderson.4289@example.edu,student
4290,Rowan Anderson,rowan.anderson.4290@example.edu,student
4291,Skyler Anderson,skyler.anderson.4291@example.edu,student
4292,Parker Anderson,parker.anderson.4292@example.edu,student
4293,Reese Anderson,reese.anderson.4293@example.edu,student
4294,Kendall Anderson,kendall.anderson.4294@example.edu,instructor
4295,Hayden Anderson,hayden.anderson.4295@example.edu,student
4296,Emerson Anderson,emerson.anderson.4296@example.edu,student
4297,Finley Anderson,finley.anderson.4297@example.edu,student
4298,Logan Anderson,logan.anderson.4298@example.edu,student
4299,Micah Anderson,micah.anderson.4299@example.edu,student
4300,Alex Thomas,alex.thomas.4300@example.edu,student
4301,Jordan Thomas,jordan.thomas.4301@example.edu,student
4302,Taylor Thomas,taylor.thomas.4302@example.edu,student
4303,Morgan Thomas,morgan.thomas.4303@example.edu,student
4304,Riley Thomas,riley.thomas.4304@example.edu,student
4305,Casey Thomas,casey.thomas.4305@example.edu,student
4306,Quinn Thomas,quinn.thomas.4306@example.edu,student
4307,Jamie Thomas,jamie.thomas.4307@example.edu,student
4308,Avery Thomas,avery.thomas.4308@example.edu,student
4309,Dakota Thomas,dakota.thomas.4309@example.edu,student
4310,Rowan Thomas,rowan.thomas.4310@example.edu,student
4311,Skyler Thomas,skyler.thomas.4311@example.edu,student
4312,Parker Thomas,parker.thomas.4312@example.edu,student
4313,Reese Thomas,reese.thomas.4313@example.edu,student
4314,Kendall Thomas,kendall.thomas.4314@example.edu,student
4315,Hayden Thomas,hayden.thomas.4315@example.edu,student
4316,Emerson Thomas,emerson.thomas.4316@example.edu,student
4317,Finley Thomas,finley.thomas.4317@example.edu,student
4318,Logan Thomas,logan.thomas.4318@example.edu,student
4319,Micah Thomas,micah.thomas.4319@example.edu,student
4320,Alex Jackson,alex.jackson.4320@example.edu,student
4321,Jordan Jackson,jordan.jackson.4321@example.edu,student
4322,Taylor Jackson,taylor.jackson.4322@example.edu,student
4323,Morgan Jackson,morgan.jackson.4323@example.edu,student
4324,Riley Jackson,riley.jackson.4324@example.edu,student
4325,Casey Jackson,casey.jackson.4325@example.edu,student
4326,Quinn Jackson,quinn.jackson.4326@example.edu,instructor
4327,Jamie Jackson,jamie.jackson.4327@example.edu,student
4328,Avery Jackson,avery.jackson.4328@example.edu,student
4329,Dakota Jackson,dakota.jackson.4329@example.edu,student
4330,Rowan Jackson,rowan.jackson.4330@example.edu,student
4331,Skyler Jackson,skyler.jackson.4331@example.edu,student
4332,Parker Jackson,parker.jackson.4332@example.edu,student
4333,Reese Jackson,reese.jackson.4333@example.edu,student
4334,Kendall Jackson,kendall.jackson.4334@example.edu,student
4335,Hayden Jackson,hayden.jackson.4335@example.edu,student
4336,Emerson Jackson,emerson.jackson.4336@example.edu,student
4337,Finley Jackson,finley.jackson.4337@example.edu,student
4338,Logan Jackson,logan.jackson.4338@example.edu,student
4339,Micah Jackson,micah.jackson.4339@example.edu,student
4340,Alex White,alex.white.4340@example.edu,student
4341,Jordan White,jordan.white.4341@example.edu,student
4342,Taylor White,taylor.white.4342@example.edu,student
4343,Morgan White,morgan.white.4343@example.edu,student
4344,Riley White,riley.white.4344@example.edu,student
4345,Casey White,casey.white.4345@example.edu,student
4346,Quinn White,quinn.white.4346@example.edu,student
4347,Jamie White,jamie.white.4347@example.edu,student
4348,Avery White,avery.white.4348@example.edu,student
4349,Dakota White,dakota.white.4349@example.edu,student
4350,Rowan White,rowan.white.4350@example.edu,student
4351,Skyler White,skyler.white.4351@example.edu,student
4352,Parker White,parker.white.4352@example.edu,student
4353,Reese White,reese.white.4353@example.edu,student
4354,Kendall White,kendall.white.4354@example.edu,student
4355,Hayden White,hayden.white.4355@example.edu,student
4356,Emerson White,emerson.white.4356@example.edu,student
4357,Finley White,finley.white.4357@example.edu,student
4358,Logan White,logan.white.4358@example.edu,student
4359,Micah White,micah.white.4359@example.edu,student
4360,Alex Harris,alex.harris.4360@example.edu,student
4361,Jordan Harris,jordan.harris.4361@example.edu,student
4362,Taylor Harris,taylor.harris.4362@example.edu,student
4363,Morgan Harris,morgan.harris.4363@example.edu,student
4364,Riley Harris,riley.harris.4364@example.edu,student
4365,Casey Harris,casey.harris.4365@example.edu,student
4366,Quinn Harris,quinn.harris.4366@example.edu,student
4367,Jamie Harris,jamie.harris.4367@example.edu,student
4368,Avery Harris,avery.harris.4368@example.edu,student
4369,Dakota Harris,dakota.harris.4369@example.edu,student
4370,Rowan Harris,rowan.harris.4370@example.edu,student
4371,Skyler Harris,skyler.harris.4371@example.edu,student
4372,Parker Harris,parker.harris.4372@example.edu,student
4373,Reese Harris,reese.harris.4373@example.edu,student
4374,Kendall Harris,kendall.harris.4374@example.edu,student
4375,Hayden Harris,hayden.harris.4375@example.edu,student
4376,Emerson Harris,emerson.harris.4376@example.edu,student
4377,Finley Harris,finley.harris.4377@example.edu,student
4378,Logan Harris,logan.harris.4378@example.edu,student
4379,Micah Harris,micah.harris.4379@example.edu,student
4380,Alex Martin,alex.martin.4380@example.edu,student
4381,Jordan Martin,jordan.martin.4381@example.edu,student
4382,Taylor Martin,taylor.martin.4382@example.edu,student
4383,Morgan Martin,morgan.martin.4383@example.edu,student
4384,Riley Martin,riley.martin.4384@example.edu,student
4385,Casey Martin,casey.martin.4385@example.edu,student
4386,Quinn Martin,quinn.martin.4386@example.edu,student
4387,Jamie Martin,jamie.martin.4387@example.edu,student
4388,Avery Martin,avery.martin.4388@example.edu,student
4389,Dakota Martin,dakota.martin.4389@example.edu,student
4390,Rowan Martin,rowan.martin.4390@example.edu,student
4391,Skyler Martin,skyler.martin.4391@example.edu,student
4392,Parker Martin,parker.martin.4392@example.edu,student
4393,Reese Martin,reese.martin.4393@example.edu,student
4394,Kendall Martin,kendall.martin.4394@example.edu,student
4395,Hayden Martin,hayden.martin.4395@example.edu,student
4396,Emerson Martin,emerson.martin.4396@example.edu,instructor
4397,Finley Martin,finley.martin.4397@example.edu,student
4398,Logan Martin,logan.martin.4398@example.edu,student
4399,Micah Martin,micah.martin.4399@example.edu,student
4400,Alex Rivera,alex.rivera.4400@example.edu,student
4401,Jordan Rivera,jordan.rivera.4401@example.edu,student
4402,Taylor Rivera,taylor.rivera.4402@example.edu,student
4403,Morgan Rivera,morgan.rivera.4403@example.edu,student
4404,Riley Rivera,riley.rivera.4404@example.edu,student
4405,Casey Rivera,casey.rivera.4405@example.edu,student
4406,Quinn Rivera,quinn.rivera.4406@example.edu,student
4407,Jamie Rivera,jamie.rivera.4407@example.edu,student
4408,Avery Rivera,avery.rivera.4408@example.edu,student
4409,Dakota Rivera,dakota.rivera.4409@example.edu,student
4410,Rowan Rivera,rowan.rivera.4410@example.edu,student
4411,Skyler Rivera,skyler.rivera.4411@example.edu,student
4412,Parker Rivera,parker.rivera.4412@example.edu,student
4413,Reese Rivera,reese.rivera.4413@example.edu,student
4414,Kendall Rivera,kendall.rivera.4414@example.edu,student
4415,Hayden Rivera,hayden.rivera.4415@example.edu,student
4416,Emerson Rivera,emerson.rivera.4416@example.edu,student
4417,Finley Rivera,finley.rivera.4417@example.edu,student
4418,Logan Rivera,logan.rivera.4418@example.edu,student
4419,Micah Rivera,micah.rivera.4419@example.edu,student
4420,Alex Nguyen,alex.nguyen.4420@example.edu,student
4421,Jordan Nguyen,jordan.nguyen.4421@example.edu,student
4422,Taylor Nguyen,taylor.nguyen.4422@example.edu,student
4423,Morgan Nguyen,morgan.nguyen.4423@example.edu,student
4424,Riley Nguyen,riley.nguyen.4424@example.edu,student
4425,Casey Nguyen,casey.nguyen.4425@example.edu,student
4426,Quinn Nguyen,quinn.nguyen.4426@example.edu,student
4427,Jamie Nguyen,jamie.nguyen.4427@example.edu,student
4428,Avery Nguyen,avery.nguyen.4428@example.edu,student
4429,Dakota Nguyen,dakota.nguyen.4429@example.edu,student
4430,Rowan Nguyen,rowan.nguyen.4430@example.edu,student
4431,Skyler Nguyen,skyler.nguyen.4431@example.edu,student
4432,Parker Nguyen,parker.nguyen.4432@example.edu,student
4433,Reese Nguyen,reese.nguyen.4433@example.edu,student
4434,Kendall Nguyen,kendall.nguyen.4434@example.edu,student
4435,Hayden Nguyen,hayden.nguyen.4435@example.edu,student
4436,Emerson Nguyen,emerson.nguyen.4436@example.edu,student
4437,Finley Nguyen,finley.nguyen.4437@example.edu,student
4438,Logan Nguyen,logan.nguyen.4438@example.edu,student
4439,Micah Nguyen,micah.nguyen.4439@example.edu,student
4440,Alex Patel,alex.patel.4440@example.edu,student
4441,Jordan Patel,jordan.patel.4441@example.edu,student
4442,Taylor Patel,taylor.patel.4442@example.edu,student
4443,Morgan Patel,morgan.patel.4443@example.edu,student
4444,Riley Patel,riley.patel.4444@example.edu,student
4445,Casey Patel,casey.patel.4445@example.edu,student
4446,Quinn Patel,quinn.patel.4446@example.edu,student
4447,Jamie Patel,jamie.patel.4447@example.edu,student
4448,Avery Patel,avery.patel.4448@example.edu,student
4449,Dakota Patel,dakota.patel.4449@example.edu,student
4450,Rowan Patel,rowan.patel.4450@example.edu,student
4451,Skyler Patel,skyler.patel.4451@example.edu,student
4452,Parker Patel,parker.patel.4452@example.edu,student
4453,Reese Patel,reese.patel.4453@example.edu,student
4454,Kendall Patel,kendall.patel.4454@example.edu,student
4455,Hayden Patel,hayden.patel.4455@example.edu,student
4456,Emerson Patel,emerson.patel.4456@example.edu,student
4457,Finley Patel,finley.patel.4457@example.edu,student
4458,Logan Patel,logan.patel.4458@example.edu,student
4459,Micah Patel,micah.patel.4459@example.edu,student
4460,Alex Kim,alex.kim.4460@example.edu,student
4461,Jordan Kim,jordan.kim.4461@example.edu,student
4462,Taylor Kim,taylor.kim.4462@example.edu,student
4463,Morgan Kim,morgan.kim.4463@example.edu,student
4464,Riley Kim,riley.kim.4464@example.edu,student
4465,Casey Kim,casey.kim.4465@example.edu,student
4466,Quinn Kim,quinn.kim.4466@example.edu,instructor
4467,Jamie Kim,jamie.kim.4467@example.edu,student
4468,Avery Kim,avery.kim.4468@example.edu,student
4469,Dakota Kim,dakota.kim.4469@example.edu,student
4470,Rowan Kim,rowan.kim.4470@example.edu,student
4471,Skyler Kim,skyler.kim.4471@example.edu,student
4472,Parker Kim,parker.kim.4472@example.edu,student
4473,Reese Kim,reese.kim.4473@example.edu,student
4474,Kendall Kim,kendall.kim.4474@example.edu,student
4475,Hayden Kim,hayden.kim.4475@example.edu,student
4476,Emerson Kim,emerson.kim.4476@example.edu,student
4477,Finley Kim,finley.kim.4477@example.edu,student
4478,Logan Kim,logan.kim.4478@example.edu,student
4479,Micah Kim,micah.kim.4479@example.edu,student
4480,Alex Chen,alex.chen.4480@example.edu,student
4481,Jordan Chen,jordan.chen.4481@example.edu,student
4482,Taylor Chen,taylor.chen.4482@example.edu,student
4483,Morgan Chen,morgan.chen.4483@example.edu,student
4484,Riley Chen,riley.chen.4484@example.edu,student
4485,Casey Chen,casey.chen.4485@example.edu,student
4486,Quinn Chen,quinn.chen.4486@example.edu,student
4487,Jamie Chen,jamie.chen.4487@example.edu,student
4488,Avery Chen,avery.chen.4488@example.edu,student
4489,Dakota Chen,dakota.chen.4489@example.edu,student
4490,Rowan Chen,rowan.chen.4490@example.edu,student
4491,Skyler Chen,skyler.chen.4491@example.edu,student
4492,Parker Chen,parker.chen.4492@example.edu,student
4493,Reese Chen,reese.chen.4493@example.edu,student
4494,Kendall Chen,kendall.chen.4494@example.edu,student
4495,Hayden Chen,hayden.chen.4495@example.edu,student
4496,Emerson Chen,emerson.chen.4496@example.edu,student
4497,Finley Chen,finley.chen.4497@example.edu,student
4498,Logan Chen,logan.chen.4498@example.edu,student
4499,Micah Chen,micah.chen.4499@example.edu,student
4500,Alex Garcia,alex.garcia.4500@example.edu,student
4501,Jordan Garcia,jordan.garcia.4501@example.edu,student
4502,Taylor Garcia,taylor.garcia.4502@example.edu,student
4503,Morgan Garcia,morgan.garcia.4503@example.edu,student
4504,Riley Garcia,riley.garcia.4504@example.edu,student
4505,Casey Garcia,casey.garcia.4505@example.edu,student
4506,Quinn Garcia,quinn.garcia.4506@example.edu,student
4507,Jamie Garcia,jamie.garcia.4507@example.edu,student
4508,Avery Garcia,avery.garcia.4508@example.edu,student
4509,Dakota Garcia,dakota.garcia.4509@example.edu,student
4510,Rowan Garcia,rowan.garcia.4510@example.edu,student
4511,Skyler Garcia,skyler.garcia.4511@example.edu,student
4512,Parker Garcia,parker.garcia.4512@example.edu,student
4513,Reese Garcia,reese.garcia.4513@example.edu,student
4514,Kendall Garcia,kendall.garcia.4514@example.edu,student
4515,Hayden Garcia,hayden.garcia.4515@example.edu,student
4516,Emerson Garcia,emerson.garcia.4516@example.edu,student
4517,Finley Garcia,finley.garcia.4517@example.edu,student
4518,Logan Garcia,logan.garcia.4518@example.edu,student
4519,Micah Garcia,micah.garcia.4519@example.edu,student
4520,Alex Martinez,alex.martinez.4520@example.edu,student
4521,Jordan Martinez,jordan.martinez.4521@example.edu,student
4522,Taylor Martinez,taylor.martinez.4522@example.edu,student
4523,Morgan Martinez,morgan.martinez.4523@example.edu,student
4524,Riley Martinez,riley.martinez.4524@example.edu,instructor
4525,Casey Martinez,casey.martinez.4525@example.edu,student
4526,Quinn Martinez,quinn.martinez.4526@example.edu,student
4527,Jamie Martinez,jamie.martinez.4527@example.edu,student
4528,Avery Martinez,avery.martinez.4528@example.edu,student
4529,Dakota Martinez,dakota.martinez.4529@example.edu,student
4530,Rowan Martinez,rowan.martinez.4530@example.edu,student
4531,Skyler Martinez,skyler.martinez.4531@example.edu,student
4532,Parker Martinez,parker.martinez.4532@example.edu,student
4533,Reese Martinez,reese.martinez.4533@example.edu,student
4534,Kendall Martinez,kendall.martinez.4534@example.edu,student
4535,Hayden Martinez,hayden.martinez.4535@example.edu,student
4536,Emerson Martinez,emerson.martinez.4536@example.edu,student
4537,Finley Martinez,finley.martinez.4537@example.edu,student
4538,Logan Martinez,logan.martinez.4538@example.edu,student
4539,Micah Martinez,micah.martinez.4539@example.edu,student
4540,Alex Brown,alex.brown.4540@example.edu,student
4541,Jordan Brown,jordan.brown.4541@example.edu,student
4542,Taylor Brown,taylor.brown.4542@example.edu,student
4543,Morgan Brown,morgan.brown.4543@example.edu,student
4544,Riley Brown,riley.brown.4544@example.edu,student
4545,Casey Brown,casey.brown.4545@example.edu,student
4546,Quinn Brown,quinn.brown.4546@example.edu,student
4547,Jamie Brown,jamie.brown.4547@example.edu,student
4548,Avery Brown,avery.brown.4548@example.edu,student
4549,Dakota Brown,dakota.brown.4549@example.edu,student
4550,Rowan Brown,rowan.brown.4550@example.edu,student
4551,Skyler Brown,skyler.brown.4551@example.edu,student
4552,Parker Brown,parker.brown.4552@example.edu,student
4553,Reese Brown,reese.brown.4553@example.edu,student
4554,Kendall Brown,kendall.brown.4554@example.edu,student
4555,Hayden Brown,hayden.brown.4555@example.edu,student
4556,Emerson Brown,emerson.brown.4556@example.edu,student
4557,Finley Brown,finley.brown.4557@example.edu,student
4558,Logan Brown,logan.brown.4558@example.edu,student
4559,Micah Brown,micah.brown.4559@example.edu,student
4560,Alex Johnson,alex.johnson.4560@example.edu,student
4561,Jordan Johnson,jordan.johnson.4561@example.edu,student
4562,Taylor Johnson,taylor.johnson.4562@example.edu,student
4563,Morgan Johnson,morgan.johnson.4563@example.edu,student
4564,Riley Johnson,riley.johnson.4564@example.edu,student
4565,Casey Johnson,casey.johnson.4565@example.edu,student
4566,Quinn Johnson,quinn.johnson.4566@example.edu,student
4567,Jamie Johnson,jamie.johnson.4567@example.edu,student
4568,Avery Johnson,avery.johnson.4568@example.edu,instructor
4569,Dakota Johnson,dakota.johnson.4569@example.edu,student
4570,Rowan Johnson,rowan.johnson.4570@example.edu,student
4571,Skyler Johnson,skyler.johnson.4571@example.edu,student
4572,Parker Johnson,parker.johnson.4572@example.edu,student
4573,Reese Johnson,reese.johnson.4573@example.edu,student
4574,Kendall Johnson,kendall.johnson.4574@example.edu,student
4575,Hayden Johnson,hayden.johnson.4575@example.edu,student
4576,Emerson Johnson,emerson.johnson.4576@example.edu,student
4577,Finley Johnson,finley.johnson.4577@example.edu,student
4578,Logan Johnson,logan.johnson.4578@example.edu,student
4579,Micah Johnson,micah.johnson.4579@example.edu,student
4580,Alex Davis,alex.davis.4580@example.edu,student
4581,Jordan Davis,jordan.davis.4581@example.edu,student
4582,Taylor Davis,taylor.davis.4582@example.edu,student
4583,Morgan Davis,morgan.davis.4583@example.edu,student
4584,Riley Davis,riley.davis.4584@example.edu,student
4585,Casey Davis,casey.davis.4585@example.edu,student
4586,Quinn Davis,quinn.davis.4586@example.edu,student
4587,Jamie Davis,jamie.davis.4587@example.edu,student
4588,Avery Davis,avery.davis.4588@example.edu,student
4589,Dakota Davis,dakota.davis.4589@example.edu,student
4590,Rowan Davis,rowan.davis.4590@example.edu,student
4591,Skyler Davis,skyler.davis.4591@example.edu,student
4592,Parker Davis,parker.davis.4592@example.edu,student
4593,Reese Davis,reese.davis.4593@example.edu,student
4594,Kendall Davis,kendall.davis.4594@example.edu,student
4595,Hayden Davis,hayden.davis.4595@example.edu,student
4596,Emerson Davis,emerson.davis.4596@example.edu,student
4597,Finley Davis,finley.davis.4597@example.edu,student
4598,Logan Davis,logan.davis.4598@example.edu,student
4599,Micah Davis,micah.davis.4599@example.edu,student
4600,Alex Miller,alex.miller.4600@example.edu,student
4601,Jordan Miller,jordan.miller.4601@example.edu,student
4602,Taylor Miller,taylor.miller.4602@example.edu,student
4603,Morgan Miller,morgan.miller.4603@example.edu,student
4604,Riley Miller,riley.miller.4604@example.edu,student
4605,Casey Miller,casey.miller.4605@example.edu,student
4606,Quinn Miller,quinn.miller.4606@example.edu,student
4607,Jamie Miller,jamie.miller.4607@example.edu,student
4608,Avery Miller,avery.miller.4608@example.edu,student
4609,Dakota Miller,dakota.miller.4609@example.edu,student
4610,Rowan Miller,rowan.miller.4610@example.edu,student
4611,Skyler Miller,skyler.miller.4611@example.edu,student
4612,Parker Miller,parker.miller.4612@example.edu,student
4613,Reese Miller,reese.miller.4613@example.edu,student
4614,Kendall Miller,kendall.miller.4614@example.edu,student
4615,Hayden Miller,hayden.miller.4615@example.edu,student
4616,Emerson Miller,emerson.miller.4616@example.edu,student
4617,Finley Miller,finley.miller.4617@example.edu,student
4618,Logan Miller,logan.miller.4618@example.edu,student
4619,Micah Miller,micah.miller.4619@example.edu,student
4620,Alex Wilson,alex.wilson.4620@example.edu,student
4621,Jordan Wilson,jordan.wilson.4621@example.edu,student
4622,Taylor Wilson,taylor.wilson.4622@example.edu,student
4623,Morgan Wilson,morgan.wilson.4623@example.edu,student
4624,Riley Wilson,riley.wilson.4624@example.edu,student
4625,Casey Wilson,casey.wilson.4625@example.edu,student
4626,Quinn Wilson,quinn.wilson.4626@example.edu,student
4627,Jamie Wilson,jamie.wilson.4627@example.edu,student
4628,Avery Wilson,avery.wilson.4628@example.edu,student
4629,Dakota Wilson,dakota.wilson.4629@example.edu,student
4630,Rowan Wilson,rowan.wilson.4630@example.edu,student
4631,Skyler Wilson,skyler.wilson.4631@example.edu,student
4632,Parker Wilson,parker.wilson.4632@example.edu,student
4633,Reese Wilson,reese.wilson.4633@example.edu,student
4634,Kendall Wilson,kendall.wilson.4634@example.edu,student
4635,Hayden Wilson,hayden.wilson.4635@example.edu,student
4636,Emerson Wilson,emerson.wilson.4636@example.edu,student
4637,Finley Wilson,finley.wilson.4637@example.edu,student
4638,Logan Wilson,logan.wilson.4638@example.edu,student
4639,Micah Wilson,micah.wilson.4639@example.edu,student
4640,Alex Moore,alex.moore.4640@example.edu,student
4641,Jordan Moore,jordan.moore.4641@example.edu,student
4642,Taylor Moore,taylor.moore.4642@example.edu,student
4643,Morgan Moore,morgan.moore.4643@example.edu,student
4644,Riley Moore,riley.moore.4644@example.edu,student
4645,Casey Moore,casey.moore.4645@example.edu,student
4646,Quinn Moore,quinn.moore.4646@example.edu,student
4647,Jamie Moore,jamie.moore.4647@example.edu,student
4648,Avery Moore,avery.moore.4648@example.edu,instructor
4649,Dakota Moore,dakota.moore.4649@example.edu,student
4650,Rowan Moore,rowan.moore.4650@example.edu,student
4651,Skyler Moore,skyler.moore.4651@example.edu,student
4652,Parker Moore,parker.moore.4652@example.edu,student
4653,Reese Moore,reese.moore.4653@example.edu,student
4654,Kendall Moore,kendall.moore.4654@example.edu,student
4655,Hayden Moore,hayden.moore.4655@example.edu,student
4656,Emerson Moore,emerson.moore.4656@example.edu,student
4657,Finley Moore,finley.moore.4657@example.edu,student
4658,Logan Moore,logan.moore.4658@example.edu,student
4659,Micah Moore,micah.moore.4659@example.edu,student
4660,Alex Taylor,alex.taylor.4660@example.edu,student
4661,Jordan Taylor,jordan.taylor.4661@example.edu,student
4662,Taylor Taylor,taylor.taylor.4662@example.edu,student
4663,Morgan Taylor,morgan.taylor.4663@example.edu,student
4664,Riley Taylor,riley.taylor.4664@example.edu,student
4665,Casey Taylor,casey.taylor.4665@example.edu,student
4666,Quinn Taylor,quinn.taylor.4666@example.edu,student
4667,Jamie Taylor,jamie.taylor.4667@example.edu,student
4668,Avery Taylor,avery.taylor.4668@example.edu,student
4669,Dakota Taylor,dakota.taylor.4669@example.edu,student
4670,Rowan Taylor,rowan.taylor.4670@example.edu,student
4671,Skyler Taylor,skyler.taylor.4671@example.edu,student
4672,Parker Taylor,parker.taylor.4672@example.edu,student
4673,Reese Taylor,reese.taylor.4673@example.edu,student
4674,Kendall Taylor,kendall.taylor.4674@example.edu,student
4675,Hayden Taylor,hayden.taylor.4675@example.edu,student
4676,Emerson Taylor,emerson.taylor.4676@example.edu,student
4677,Finley Taylor,finley.taylor.4677@example.edu,student
4678,Logan Taylor,logan.taylor.4678@example.edu,student
4679,Micah Taylor,micah.taylor.4679@example.edu,student
4680,Alex Anderson,alex.anderson.4680@example.edu,student
4681,Jordan Anderson,jordan.anderson.4681@example.edu,student
4682,Taylor Anderson,taylor.anderson.4682@example.edu,instructor
4683,Morgan Anderson,morgan.anderson.4683@example.edu,student
4684,Riley Anderson,riley.anderson.4684@example.edu,student
4685,Casey Anderson,casey.anderson.4685@example.edu,student
4686,Quinn Anderson,quinn.anderson.4686@example.edu,student
4687,Jamie Anderson,jamie.anderson.4687@example.edu,student
4688,Avery Anderson,avery.anderson.4688@example.edu,student
4689,Dakota Anderson,dakota.anderson.4689@example.edu,student
4690,Rowan Anderson,rowan.anderson.4690@example.edu,student
4691,Skyler Anderson,skyler.anderson.4691@example.edu,student
4692,Parker Anderson,parker.anderson.4692@example.edu,student
4693,Reese Anderson,reese.anderson.4693@example.edu,student
4694,Kendall Anderson,kendall.anderson.4694@example.edu,student
4695,Hayden Anderson,hayden.anderson.4695@example.edu,student
4696,Emerson Anderson,emerson.anderson.4696@example.edu,student
4697,Finley Anderson,finley.anderson.4697@example.edu,student
4698,Logan Anderson,logan.anderson.4698@example.edu,student
4699,Micah Anderson,micah.anderson.4699@example.edu,student
4700,Alex Thomas,alex.thomas.4700@example.edu,student
4701,Jordan Thomas,jordan.thomas.4701@example.edu,student
4702,Taylor Thomas,taylor.thomas.4702@example.edu,student
4703,Morgan Thomas,morgan.thomas.4703@example.edu,student
4704,Riley Thomas,riley.thomas.4704@example.edu,student
4705,Casey Thomas,casey.thomas.4705@example.edu,student
4706,Quinn Thomas,quinn.thomas.4706@example.edu,student
4707,Jamie Thomas,jamie.thomas.4707@example.edu,student
4708,Avery Thomas,avery.thomas.4708@example.edu,student
4709,Dakota Thomas,dakota.thomas.4709@example.edu,student
4710,Rowan Thomas,rowan.thomas.4710@example.edu,student
4711,Skyler Thomas,skyler.thomas.4711@example.edu,student
4712,Parker Thomas,parker.thomas.4712@example.edu,student
4713,Reese Thomas,reese.thomas.4713@example.edu,student
4714,Kendall Thomas,kendall.thomas.4714@example.edu,student
4715,Hayden Thomas,hayden.thomas.4715@example.edu,student
4716,Emerson Thomas,emerson.thomas.4716@example.edu,student
4717,Finley Thomas,finley.thomas.4717@example.edu,student
4718,Logan Thomas,logan.thomas.4718@example.edu,student
4719,Micah Thomas,micah.thomas.4719@example.edu,student
4720,Alex Jackson,alex.jackson.4720@example.edu,student
4721,Jordan Jackson,jordan.jackson.4721@example.edu,student
4722,Taylor Jackson,taylor.jackson.4722@example.edu,student
4723,Morgan Jackson,morgan.jackson.4723@example.edu,student
4724,Riley Jackson,riley.jackson.4724@example.edu,student
4725,Casey Jackson,casey.jackson.4725@example.edu,student
4726,Quinn Jackson,quinn.jackson.4726@example.edu,student
4727,Jamie Jackson,jamie.jackson.4727@example.edu,student
4728,Avery Jackson,avery.jackson.4728@example.edu,student
4729,Dakota Jackson,dakota.jackson.4729@example.edu,student
4730,Rowan Jackson,rowan.jackson.4730@example.edu,student
4731,Skyler Jackson,skyler.jackson.4731@example.edu,student
4732,Parker Jackson,parker.jackson.4732@example.edu,student
4733,Reese Jackson,reese.jackson.4733@example.edu,student
4734,Kendall Jackson,kendall.jackson.4734@example.edu,student
4735,Hayden Jackson,hayden.jackson.4735@example.edu,student
4736,Emerson Jackson,emerson.jackson.4736@example.edu,student
4737,Finley Jackson,finley.jackson.4737@example.edu,student
4738,Logan Jackson,logan.jackson.4738@example.edu,student
4739,Micah Jackson,micah.jackson.4739@example.edu,student
4740,Alex White,alex.white.4740@example.edu,student
4741,Jordan White,jordan.white.4741@example.edu,student
4742,Taylor White,taylor.white.4742@example.edu,student
4743,Morgan White,morgan.white.4743@example.edu,student
4744,Riley White,riley.white.4744@example.edu,student
4745,Casey White,casey.white.4745@example.edu,student
4746,Quinn White,quinn.white.4746@example.edu,student
4747,Jamie White,jamie.white.4747@example.edu,student
4748,Avery White,avery.white.4748@example.edu,student
4749,Dakota White,dakota.white.4749@example.edu,student
4750,Rowan White,rowan.white.4750@example.edu,student
4751,Skyler White,skyler.white.4751@example.edu,student
4752,Parker White,parker.white.4752@example.edu,instructor
4753,Reese White,reese.white.4753@example.edu,student
4754,Kendall White,kendall.white.4754@example.edu,student
4755,Hayden White,hayden.white.4755@example.edu,student
4756,Emerson White,emerson.white.4756@example.edu,student
4757,Finley White,finley.white.4757@example.edu,student
4758,Logan White,logan.white.4758@example.edu,student
4759,Micah White,micah.white.4759@example.edu,student
4760,Alex Harris,alex.harris.4760@example.edu,student
4761,Jordan Harris,jordan.harris.4761@example.edu,student
4762,Taylor Harris,taylor.harris.4762@example.edu,student
4763,Morgan Harris,morgan.harris.4763@example.edu,student
4764,Riley Harris,riley.harris.4764@example.edu,student
4765,Casey Harris,casey.harris.4765@example.edu,student
4766,Quinn Harris,quinn.harris.4766@example.edu,student
4767,Jamie Harris,jamie.harris.4767@example.edu,student
4768,Avery Harris,avery.harris.4768@example.edu,student
4769,Dakota Harris,dakota.harris.4769@example.edu,student
4770,Rowan Harris,rowan.harris.4770@example.edu,student
4771,Skyler Harris,skyler.harris.4771@example.edu,student
4772,Parker Harris,parker.harris.4772@example.edu,student
4773,Reese Harris,reese.harris.4773@example.edu,student
4774,Kendall Harris,kendall.harris.4774@example.edu,student
4775,Hayden Harris,hayden.harris.4775@example.edu,student
4776,Emerson Harris,emerson.harris.4776@example.edu,student
4777,Finley Harris,finley.harris.4777@example.edu,student
4778,Logan Harris,logan.harris.4778@example.edu,student
4779,Micah Harris,micah.harris.4779@example.edu,student
4780,Alex Martin,alex.martin.4780@example.edu,student
4781,Jordan Martin,jordan.martin.4781@example.edu,student
4782,Taylor Martin,taylor.martin.4782@example.edu,student
4783,Morgan Martin,morgan.martin.4783@example.edu,student
4784,Riley Martin,riley.martin.4784@example.edu,student
4785,Casey Martin,casey.martin.4785@example.edu,student
4786,Quinn Martin,quinn.martin.4786@example.edu,student
4787,Jamie Martin,jamie.martin.4787@example.edu,student
4788,Avery Martin,avery.martin.4788@example.edu,student
4789,Dakota Martin,dakota.martin.4789@example.edu,student
4790,Rowan Martin,rowan.martin.4790@example.edu,instructor
4791,Skyler Martin,skyler.martin.4791@example.edu,student
4792,Parker Martin,parker.martin.4792@example.edu,student
4793,Reese Martin,reese.martin.4793@example.edu,student
4794,Kendall Martin,kendall.martin.4794@example.edu,student
4795,Hayden Martin,hayden.martin.4795@example.edu,student
4796,Emerson Martin,emerson.martin.4796@example.edu,student
4797,Finley Martin,finley.martin.4797@example.edu,student
4798,Logan Martin,logan.martin.4798@example.edu,student
4799,Micah Martin,micah.martin.4799@example.edu,student
4800,Alex Rivera,alex.rivera.4800@example.edu,student
4801,Jordan Rivera,jordan.rivera.4801@example.edu,student
4802,Taylor Rivera,taylor.rivera.4802@example.edu,student
4803,Morgan Rivera,morgan.rivera.4803@example.edu,student
4804,Riley Rivera,riley.rivera.4804@example.edu,student
4805,Casey Rivera,casey.rivera.4805@example.edu,student
4806,Quinn Rivera,quinn.rivera.4806@example.edu,student
4807,Jamie Rivera,jamie.rivera.4807@example.edu,student
4808,Avery Rivera,avery.rivera.4808@example.edu,student
4809,Dakota Rivera,dakota.rivera.4809@example.edu,student
4810,Rowan Rivera,rowan.rivera.4810@example.edu,student
4811,Skyler Rivera,skyler.rivera.4811@example.edu,student
4812,Parker Rivera,parker.rivera.4812@example.edu,student
4813,Reese Rivera,reese.rivera.4813@example.edu,student
4814,Kendall Rivera,kendall.rivera.4814@example.edu,student
4815,Hayden Rivera,hayden.rivera.4815@example.edu,student
4816,Emerson Rivera,emerson.rivera.4816@example.edu,student
4817,Finley Rivera,finley.rivera.4817@example.edu,student
4818,Logan Rivera,logan.rivera.4818@example.edu,student
4819,Micah Rivera,micah.rivera.4819@example.edu,student
4820,Alex Nguyen,alex.nguyen.4820@example.edu,student
4821,Jordan Nguyen,jordan.nguyen.4821@example.edu,student
4822,Taylor Nguyen,taylor.nguyen.4822@example.edu,student
4823,Morgan Nguyen,morgan.nguyen.4823@example.edu,student
4824,Riley Nguyen,riley.nguyen.4824@example.edu,student
4825,Casey Nguyen,casey.nguyen.4825@example.edu,student
4826,Quinn Nguyen,quinn.nguyen.4826@example.edu,student
4827,Jamie Nguyen,jamie.nguyen.4827@example.edu,student
4828,Avery Nguyen,avery.nguyen.4828@example.edu,student
4829,Dakota Nguyen,dakota.nguyen.4829@example.edu,student
4830,Rowan Nguyen,rowan.nguyen.4830@example.edu,student
4831,Skyler Nguyen,skyler.nguyen.4831@example.edu,student
4832,Parker Nguyen,parker.nguyen.4832@example.edu,student
4833,Reese Nguyen,reese.nguyen.4833@example.edu,student
4834,Kendall Nguyen,kendall.nguyen.4834@example.edu,student
4835,Hayden Nguyen,hayden.nguyen.4835@example.edu,student
4836,Emerson Nguyen,emerson.nguyen.4836@example.edu,student
4837,Finley Nguyen,finley.nguyen.4837@example.edu,student
4838,Logan Nguyen,logan.nguyen.4838@example.edu,student
4839,Micah Nguyen,micah.nguyen.4839@example.edu,student
4840,Alex Patel,alex.patel.4840@example.edu,student
4841,Jordan Patel,jordan.patel.4841@example.edu,student
4842,Taylor Patel,taylor.patel.4842@example.edu,student
4843,Morgan Patel,morgan.patel.4843@example.edu,student
4844,Riley Patel,riley.patel.4844@example.edu,student
4845,Casey Patel,casey.patel.4845@example.edu,student
4846,Quinn Patel,quinn.patel.4846@example.edu,student
4847,Jamie Patel,jamie.patel.4847@example.edu,student
4848,Avery Patel,avery.patel.4848@example.edu,student
4849,Dakota Patel,dakota.patel.4849@example.edu,student
4850,Rowan Patel,rowan.patel.4850@example.edu,student
4851,Skyler Patel,skyler.patel.4851@example.edu,instructor
4852,Parker Patel,parker.patel.4852@example.edu,student
4853,Reese Patel,reese.patel.4853@example.edu,student
4854,Kendall Patel,kendall.patel.4854@example.edu,student
4855,Hayden Patel,hayden.patel.4855@example.edu,student
4856,Emerson Patel,emerson.patel.4856@example.edu,student
4857,Finley Patel,finley.patel.4857@example.edu,student
4858,Logan Patel,logan.patel.4858@example.edu,student
4859,Micah Patel,micah.patel.4859@example.edu,student
4860,Alex Kim,alex.kim.4860@example.edu,student
4861,Jordan Kim,jordan.kim.4861@example.edu,student
4862,Taylor Kim,taylor.kim.4862@example.edu,student
4863,Morgan Kim,morgan.kim.4863@example.edu,student
4864,Riley Kim,riley.kim.4864@example.edu,student
4865,Casey Kim,casey.kim.4865@example.edu,student
4866,Quinn Kim,quinn.kim.4866@example.edu,student
4867,Jamie Kim,jamie.kim.4867@example.edu,student
4868,Avery Kim,avery.kim.4868@example.edu,student
4869,Dakota Kim,dakota.kim.4869@example.edu,student
4870,Rowan Kim,rowan.kim.4870@example.edu,student
4871,Skyler Kim,skyler.kim.4871@example.edu,student
4872,Parker Kim,parker.kim.4872@example.edu,student
4873,Reese Kim,reese.kim.4873@example.edu,student
4874,Kendall Kim,kendall.kim.4874@example.edu,student
4875,Hayden Kim,hayden.kim.4875@example.edu,student
4876,Emerson Kim,emerson.kim.4876@example.edu,student
4877,Finley Kim,finley.kim.4877@example.edu,student
4878,Logan Kim,logan.kim.4878@example.edu,student
4879,Micah Kim,micah.kim.4879@example.edu,student
4880,Alex Chen,alex.chen.4880@example.edu,student
4881,Jordan Chen,jordan.chen.4881@example.edu,student
4882,Taylor Chen,taylor.chen.4882@example.edu,student
4883,Morgan Chen,morgan.chen.4883@example.edu,student
4884,Riley Chen,riley.chen.4884@example.edu,student
4885,Casey Chen,casey.chen.4885@example.edu,student
4886,Quinn Chen,quinn.chen.4886@example.edu,student
4887,Jamie Chen,jamie.chen.4887@example.edu,student
4888,Avery Chen,avery.chen.4888@example.edu,student
4889,Dakota Chen,dakota.chen.4889@example.edu,student
4890,Rowan Chen,rowan.chen.4890@example.edu,student
4891,Skyler Chen,skyler.chen.4891@example.edu,student
4892,Parker Chen,parker.chen.4892@example.edu,student
4893,Reese Chen,reese.chen.4893@example.edu,student
4894,Kendall Chen,kendall.chen.4894@example.edu,instructor
4895,Hayden Chen,hayden.chen.4895@example.edu,student
4896,Emerson Chen,emerson.chen.4896@example.edu,student
4897,Finley Chen,finley.chen.4897@example.edu,student
4898,Logan Chen,logan.chen.4898@example.edu,student
4899,Micah Chen,micah.chen.4899@example.edu,student
4900,Alex Garcia,alex.garcia.4900@example.edu,student
4901,Jordan Garcia,jordan.garcia.4901@example.edu,student
4902,Taylor Garcia,taylor.garcia.4902@example.edu,student
4903,Morgan Garcia,morgan.garcia.4903@example.edu,student
4904,Riley Garcia,riley.garcia.4904@example.edu,student
4905,Casey Garcia,casey.garcia.4905@example.edu,student
4906,Quinn Garcia,quinn.garcia.4906@example.edu,student
4907,Jamie Garcia,jamie.garcia.4907@example.edu,student
4908,Avery Garcia,avery.garcia.4908@example.edu,student
4909,Dakota Garcia,dakota.garcia.4909@example.edu,student
4910,Rowan Garcia,rowan.garcia.4910@example.edu,student
4911,Skyler Garcia,skyler.garcia.4911@example.edu,student
4912,Parker Garcia,parker.garcia.4912@example.edu,student
4913,Reese Garcia,reese.garcia.4913@example.edu,student
4914,Kendall Garcia,kendall.garcia.4914@example.edu,student
4915,Hayden Garcia,hayden.garcia.4915@example.edu,student
4916,Emerson Garcia,emerson.garcia.4916@example.edu,student
4917,Finley Garcia,finley.garcia.4917@example.edu,student
4918,Logan Garcia,logan.garcia.4918@example.edu,student
4919,Micah Garcia,micah.garcia.4919@example.edu,student
4920,Alex Martinez,alex.martinez.4920@example.edu,student
4921,Jordan Martinez,jordan.martinez.4921@example.edu,student
4922,Taylor Martinez,taylor.martinez.4922@example.edu,student
4923,Morgan Martinez,morgan.martinez.4923@example.edu,student
4924,Riley Martinez,riley.martinez.4924@example.edu,student
4925,Casey Martinez,casey.martinez.4925@example.edu,student
4926,Quinn Martinez,quinn.martinez.4926@example.edu,student
4927,Jamie Martinez,jamie.martinez.4927@example.edu,student
4928,Avery Martinez,avery.martinez.4928@example.edu,student
4929,Dakota Martinez,dakota.martinez.4929@example.edu,student
4930,Rowan Martinez,rowan.martinez.4930@example.edu,student
4931,Skyler Martinez,skyler.martinez.4931@example.edu,student
4932,Parker Martinez,parker.martinez.4932@example.edu,student
4933,Reese Martinez,reese.martinez.4933@example.edu,student
4934,Kendall Martinez,kendall.martinez.4934@example.edu,student
4935,Hayden Martinez,hayden.martinez.4935@example.edu,student
4936,Emerson Martinez,emerson.martinez.4936@example.edu,student
4937,Finley Martinez,finley.martinez.4937@example.edu,student
4938,Logan Martinez,logan.martinez.4938@example.edu,student
4939,Micah Martinez,micah.martinez.4939@example.edu,student
4940,Alex Brown,alex.brown.4940@example.edu,student
4941,Jordan Brown,jordan.brown.4941@example.edu,student
4942,Taylor Brown,taylor.brown.4942@example.edu,student
4943,Morgan Brown,morgan.brown.4943@example.edu,student
4944,Riley Brown,riley.brown.4944@example.edu,student
4945,Casey Brown,casey.brown.4945@example.edu,student
4946,Quinn Brown,quinn.brown.4946@example.edu,student
4947,Jamie Brown,jamie.brown.4947@example.edu,student
4948,Avery Brown,avery.brown.4948@example.edu,student
4949,Dakota Brown,dakota.brown.4949@example.edu,student
4950,Rowan Brown,rowan.brown.4950@example.edu,student
4951,Skyler Brown,skyler.brown.4951@example.edu,student
4952,Parker Brown,parker.brown.4952@example.edu,student
4953,Reese Brown,reese.brown.4953@example.edu,student
4954,Kendall Brown,kendall.brown.4954@example.edu,student
4955,Hayden Brown,hayden.brown.4955@example.edu,student
4956,Emerson Brown,emerson.brown.4956@example.edu,student
4957,Finley Brown,finley.brown.4957@example.edu,student
4958,Logan Brown,logan.brown.4958@example.edu,student
4959,Micah Brown,micah.brown.4959@example.edu,student
4960,Alex Johnson,alex.johnson.4960@example.edu,student
4961,Jordan Johnson,jordan.johnson.4961@example.edu,student
4962,Taylor Johnson,taylor.johnson.4962@example.edu,student
4963,Morgan Johnson,morgan.johnson.4963@example.edu,student
4964,Riley Johnson,riley.johnson.4964@example.edu,student
4965,Casey Johnson,casey.johnson.4965@example.edu,student
4966,Quinn Johnson,quinn.johnson.4966@example.edu,student
4967,Jamie Johnson,jamie.johnson.4967@example.edu,student
4968,Avery Johnson,avery.johnson.4968@example.edu,student
4969,Dakota Johnson,dakota.johnson.4969@example.edu,student
4970,Rowan Johnson,rowan.johnson.4970@example.edu,instructor
4971,Skyler Johnson,skyler.johnson.4971@example.edu,student
4972,Parker Johnson,parker.johnson.4972@example.edu,student
4973,Reese Johnson,reese.johnson.4973@example.edu,student
4974,Kendall Johnson,kendall.johnson.4974@example.edu,student
4975,Hayden Johnson,hayden.johnson.4975@example.edu,student
4976,Emerson Johnson,emerson.johnson.4976@example.edu,student
4977,Finley Johnson,finley.johnson.4977@example.edu,student
4978,Logan Johnson,logan.johnson.4978@example.edu,student
4979,Micah Johnson,micah.johnson.4979@example.edu,student
4980,Alex Davis,alex.davis.4980@example.edu,student
4981,Jordan Davis,jordan.davis.4981@example.edu,student
4982,Taylor Davis,taylor.davis.4982@example.edu,student
4983,Morgan Davis,morgan.davis.4983@example.edu,student
4984,Riley Davis,riley.davis.4984@example.edu,student
4985,Casey Davis,casey.davis.4985@example.edu,student
4986,Quinn Davis,quinn.davis.4986@example.edu,student
4987,Jamie Davis,jamie.davis.4987@example.edu,student
4988,Avery Davis,avery.davis.4988@example.edu,student
4989,Dakota Davis,dakota.davis.4989@example.edu,student
4990,Rowan Davis,rowan.davis.4990@example.edu,student
4991,Skyler Davis,skyler.davis.4991@example.edu,student
4992,Parker Davis,parker.davis.4992@example.edu,student
4993,Reese Davis,reese.davis.4993@example.edu,student
4994,Kendall Davis,kendall.davis.4994@example.edu,student
4995,Hayden Davis,hayden.davis.4995@example.edu,student
4996,Emerson Davis,emerson.davis.4996@example.edu,student
4997,Finley Davis,finley.davis.4997@example.edu,student
4998,Logan Davis,logan.davis.4998@example.edu,student
4999,Micah Davis,micah.davis.4999@example.edu,student
5000,Alex Miller,alex.miller.5000@example.edu,student
5001,Jordan Miller,jordan.miller.5001@example.edu,student
5002,Taylor Miller,taylor.miller.5002@example.edu,student
5003,Morgan Miller,morgan.miller.5003@example.edu,student
5004,Riley Miller,riley.miller.5004@example.edu,student
5005,Casey Miller,casey.miller.5005@example.edu,student
5006,Quinn Miller,quinn.miller.5006@example.edu,student
5007,Jamie Miller,jamie.miller.5007@example.edu,student
5008,Avery Miller,avery.miller.5008@example.edu,student
5009,Dakota Miller,dakota.miller.5009@example.edu,student
5010,Rowan Miller,rowan.miller.5010@example.edu,student
5011,Skyler Miller,skyler.miller.5011@example.edu,student
5012,Parker Miller,parker.miller.5012@example.edu,instructor
5013,Reese Miller,reese.miller.5013@example.edu,student
5014,Kendall Miller,kendall.miller.5014@example.edu,student
5015,Hayden Miller,hayden.miller.5015@example.edu,student
5016,Emerson Miller,emerson.miller.5016@example.edu,student
5017,Finley Miller,finley.miller.5017@example.edu,student
5018,Logan Miller,logan.miller.5018@example.edu,student
5019,Micah Miller,micah.miller.5019@example.edu,student
5020,Alex Wilson,alex.wilson.5020@example.edu,student
5021,Jordan Wilson,jordan.wilson.5021@example.edu,student
5022,Taylor Wilson,taylor.wilson.5022@example.edu,student
5023,Morgan Wilson,morgan.wilson.5023@example.edu,student
5024,Riley Wilson,riley.wilson.5024@example.edu,student
5025,Casey Wilson,casey.wilson.5025@example.edu,student
5026,Quinn Wilson,quinn.wilson.5026@example.edu,student
5027,Jamie Wilson,jamie.wilson.5027@example.edu,student
5028,Avery Wilson,avery.wilson.5028@example.edu,student
5029,Dakota Wilson,dakota.wilson.5029@example.edu,student
5030,Rowan Wilson,rowan.wilson.5030@example.edu,student
5031,Skyler Wilson,skyler.wilson.5031@example.edu,student
5032,Parker Wilson,parker.wilson.5032@example.edu,student
5033,Reese Wilson,reese.wilson.5033@example.edu,student
5034,Kendall Wilson,kendall.wilson.5034@example.edu,student
5035,Hayden Wilson,hayden.wilson.5035@example.edu,student
5036,Emerson Wilson,emerson.wilson.5036@example.edu,student
5037,Finley Wilson,finley.wilson.5037@example.edu,student
5038,Logan Wilson,logan.wilson.5038@example.edu,student
5039,Micah Wilson,micah.wilson.5039@example.edu,student
5040,Alex Moore,alex.moore.5040@example.edu,student
5041,Jordan Moore,jordan.moore.5041@example.edu,student
5042,Taylor Moore,taylor.moore.5042@example.edu,student
5043,Morgan Moore,morgan.moore.5043@example.edu,student
5044,Riley Moore,riley.moore.5044@example.edu,student
5045,Casey Moore,casey.moore.5045@example.edu,student
5046,Quinn Moore,quinn.moore.5046@example.edu,student
5047,Jamie Moore,jamie.moore.5047@example.edu,student
5048,Avery Moore,avery.moore.5048@example.edu,student
5049,Dakota Moore,dakota.moore.5049@example.edu,student
5050,Rowan Moore,rowan.moore.5050@example.edu,student
5051,Skyler Moore,skyler.moore.5051@example.edu,student
5052,Parker Moore,parker.moore.5052@example.edu,student
5053,Reese Moore,reese.moore.5053@example.edu,student
5054,Kendall Moore,kendall.moore.5054@example.edu,student
5055,Hayden Moore,hayden.moore.5055@example.edu,student
5056,Emerson Moore,emerson.moore.5056@example.edu,student
5057,Finley Moore,finley.moore.5057@example.edu,student
5058,Logan Moore,logan.moore.5058@example.edu,student
5059,Micah Moore,micah.moore.5059@example.edu,student
5060,Alex Taylor,alex.taylor.5060@example.edu,student
5061,Jordan Taylor,jordan.taylor.5061@example.edu,student
5062,Taylor Taylor,taylor.taylor.5062@example.edu,student
5063,Morgan Taylor,morgan.taylor.5063@example.edu,student
5064,Riley Taylor,riley.taylor.5064@example.edu,student
5065,Casey Taylor,casey.taylor.5065@example.edu,student
5066,Quinn Taylor,quinn.taylor.5066@example.edu,student
5067,Jamie Taylor,jamie.taylor.5067@example.edu,instructor
5068,Avery Taylor,avery.taylor.5068@example.edu,student
5069,Dakota Taylor,dakota.taylor.5069@example.edu,student
5070,Rowan Taylor,rowan.taylor.5070@example.edu,student
5071,Skyler Taylor,skyler.taylor.5071@example.edu,student
5072,Parker Taylor,parker.taylor.5072@example.edu,student
5073,Reese Taylor,reese.taylor.5073@example.edu,student
5074,Kendall Taylor,kendall.taylor.5074@example.edu,student
5075,Hayden Taylor,hayden.taylor.5075@example.edu,student
5076,Emerson Taylor,emerson.taylor.5076@example.edu,student
5077,Finley Taylor,finley.taylor.5077@example.edu,student
5078,Logan Taylor,logan.taylor.5078@example.edu,student
5079,Micah Taylor,micah.taylor.5079@example.edu,student
5080,Alex Anderson,alex.anderson.5080@example.edu,student
5081,Jordan Anderson,jordan.anderson.5081@example.edu,student
5082,Taylor Anderson,taylor.anderson.5082@example.edu,student
5083,Morgan Anderson,morgan.anderson.5083@example.edu,student
5084,Riley Anderson,riley.anderson.5084@example.edu,student
5085,Casey Anderson,casey.anderson.5085@example.edu,student
5086,Quinn Anderson,quinn.anderson.5086@example.edu,student
5087,Jamie Anderson,jamie.anderson.5087@example.edu,student
5088,Avery Anderson,avery.anderson.5088@example.edu,student
5089,Dakota Anderson,dakota.anderson.5089@example.edu,student
5090,Rowan Anderson,rowan.anderson.5090@example.edu,student
5091,Skyler Anderson,skyler.anderson.5091@example.edu,student
5092,Parker Anderson,parker.anderson.5092@example.edu,student
5093,Reese Anderson,reese.anderson.5093@example.edu,student
5094,Kendall Anderson,kendall.anderson.5094@example.edu,student
5095,Hayden Anderson,hayden.anderson.5095@example.edu,student
5096,Emerson Anderson,emerson.anderson.5096@example.edu,student
5097,Finley Anderson,finley.anderson.5097@example.edu,student
5098,Logan Anderson,logan.anderson.5098@example.edu,student
5099,Micah Anderson,micah.anderson.5099@example.edu,student
5100,Alex Thomas,alex.thomas.5100@example.edu,student
5101,Jordan Thomas,jordan.thomas.5101@example.edu,student
5102,Taylor Thomas,taylor.thomas.5102@example.edu,student
5103,Morgan Thomas,morgan.thomas.5103@example.edu,student
5104,Riley Thomas,riley.thomas.5104@example.edu,student
5105,Casey Thomas,casey.thomas.5105@example.edu,student
5106,Quinn Thomas,quinn.thomas.5106@example.edu,student
5107,Jamie Thomas,jamie.thomas.5107@example.edu,student
5108,Avery Thomas,avery.thomas.5108@example.edu,student
5109,Dakota Thomas,dakota.thomas.5109@example.edu,student
5110,Rowan Thomas,rowan.thomas.5110@example.edu,student
5111,Skyler Thomas,skyler.thomas.5111@example.edu,student
5112,Parker Thomas,parker.thomas.5112@example.edu,student
5113,Reese Thomas,reese.thomas.5113@example.edu,student
5114,Kendall Thomas,kendall.thomas.5114@example.edu,student
5115,Hayden Thomas,hayden.thomas.5115@example.edu,student
5116,Emerson Thomas,emerson.thomas.5116@example.edu,student
5117,Finley Thomas,finley.thomas.5117@example.edu,student
5118,Logan Thomas,logan.thomas.5118@example.edu,student
5119,Micah Thomas,micah.thomas.5119@example.edu,student
5120,Alex Jackson,alex.jackson.5120@example.edu,student
5121,Jordan Jackson,jordan.jackson.5121@example.edu,student
5122,Taylor Jackson,taylor.jackson.5122@example.edu,student
5123,Morgan Jackson,morgan.jackson.5123@example.edu,student
5124,Riley Jackson,riley.jackson.5124@example.edu,student
5125,Casey Jackson,casey.jackson.5125@example.edu,student
5126,Quinn Jackson,quinn.jackson.5126@example.edu,student
5127,Jamie Jackson,jamie.jackson.5127@example.edu,student
5128,Avery Jackson,avery.jackson.5128@example.edu,student
5129,Dakota Jackson,dakota.jackson.5129@example.edu,student
5130,Rowan Jackson,rowan.jackson.5130@example.edu,student
5131,Skyler Jackson,skyler.jackson.5131@example.edu,student
5132,Parker Jackson,parker.jackson.5132@example.edu,student
5133,Reese Jackson,reese.jackson.5133@example.edu,student
5134,Kendall Jackson,kendall.jackson.5134@example.edu,student
5135,Hayden Jackson,hayden.jackson.5135@example.edu,student
5136,Emerson Jackson,emerson.jackson.5136@example.edu,instructor
5137,Finley Jackson,finley.jackson.5137@example.edu,student
5138,Logan Jackson,logan.jackson.5138@example.edu,student
5139,Micah Jackson,micah.jackson.5139@example.edu,student
5140,Alex White,alex.white.5140@example.edu,student
5141,Jordan White,jordan.white.5141@example.edu,student
5142,Taylor White,taylor.white.5142@example.edu,student
5143,Morgan White,morgan.white.5143@example.edu,student
5144,Riley White,riley.white.5144@example.edu,student
5145,Casey White,casey.white.5145@example.edu,student
5146,Quinn White,quinn.white.5146@example.edu,student
5147,Jamie White,jamie.white.5147@example.edu,student
5148,Avery White,avery.white.5148@example.edu,student
5149,Dakota White,dakota.white.5149@example.edu,student
5150,Rowan White,rowan.white.5150@example.edu,student
5151,Skyler White,skyler.white.5151@example.edu,student
5152,Parker White,parker.white.5152@example.edu,student
5153,Reese White,reese.white.5153@example.edu,student
5154,Kendall White,kendall.white.5154@example.edu,student
5155,Hayden White,hayden.white.5155@example.edu,student
5156,Emerson White,emerson.white.5156@example.edu,student
5157,Finley White,finley.white.5157@example.edu,student
5158,Logan White,logan.white.5158@example.edu,student
5159,Micah White,micah.white.5159@example.edu,student
5160,Alex Harris,alex.harris.5160@example.edu,student
5161,Jordan Harris,jordan.harris.5161@example.edu,student
5162,Taylor Harris,taylor.harris.5162@example.edu,student
5163,Morgan Harris,morgan.harris.5163@example.edu,student
5164,Riley Harris,riley.harris.5164@example.edu,student
5165,Casey Harris,casey.harris.5165@example.edu,student
5166,Quinn Harris,quinn.harris.5166@example.edu,student
5167,Jamie Harris,jamie.harris.5167@example.edu,student
5168,Avery Harris,avery.harris.5168@example.edu,student
5169,Dakota Harris,dakota.harris.5169@example.edu,student
5170,Rowan Harris,rowan.harris.5170@example.edu,student
5171,Skyler Harris,skyler.harris.5171@example.edu,student
5172,Parker Harris,parker.harris.5172@example.edu,student
5173,Reese Harris,reese.harris.5173@example.edu,student
5174,Kendall Harris,kendall.harris.5174@example.edu,student
5175,Hayden Harris,hayden.harris.5175@example.edu,student
5176,Emerson Harris,emerson.harris.5176@example.edu,student
5177,Finley Harris,finley.harris.5177@example.edu,student
5178,Logan Harris,logan.harris.5178@example.edu,student
5179,Micah Harris,micah.harris.5179@example.edu,student
5180,Alex Martin,alex.martin.5180@example.edu,student
5181,Jordan Martin,jordan.martin.5181@example.edu,student
5182,Taylor Martin,taylor.martin.5182@example.edu,student
5183,Morgan Martin,morgan.martin.5183@example.edu,student
5184,Riley Martin,riley.martin.5184@example.edu,student
5185,Casey Martin,casey.martin.5185@example.edu,student
5186,Quinn Martin,quinn.martin.5186@example.edu,student
5187,Jamie Martin,jamie.martin.5187@example.edu,student
5188,Avery Martin,avery.martin.5188@example.edu,student
5189,Dakota Martin,dakota.martin.5189@example.edu,student
5190,Rowan Martin,rowan.martin.5190@example.edu,student
5191,Skyler Martin,skyler.martin.5191@example.edu,student
5192,Parker Martin,parker.martin.5192@example.edu,student
5193,Reese Martin,reese.martin.5193@example.edu,student
5194,Kendall Martin,kendall.martin.5194@example.edu,student
5195,Hayden Martin,hayden.martin.5195@example.edu,student
5196,Emerson Martin,emerson.martin.5196@example.edu,student
5197,Finley Martin,finley.martin.5197@example.edu,student
5198,Logan Martin,logan.martin.5198@example.edu,student
5199,Micah Martin,micah.martin.5199@example.edu,student
5200,Alex Rivera,alex.rivera.5200@example.edu,student
5201,Jordan Rivera,jordan.rivera.5201@example.edu,student
5202,Taylor Rivera,taylor.rivera.5202@example.edu,student
5203,Morgan Rivera,morgan.rivera.5203@example.edu,student
5204,Riley Rivera,riley.rivera.5204@example.edu,student
5205,Casey Rivera,casey.rivera.5205@example.edu,student
5206,Quinn Rivera,quinn.rivera.5206@example.edu,instructor
5207,Jamie Rivera,jamie.rivera.5207@example.edu,student
5208,Avery Rivera,avery.rivera.5208@example.edu,student
5209,Dakota Rivera,dakota.rivera.5209@example.edu,student
5210,Rowan Rivera,rowan.rivera.5210@example.edu,student
5211,Skyler Rivera,skyler.rivera.5211@example.edu,student
5212,Parker Rivera,parker.rivera.5212@example.edu,student
5213,Reese Rivera,reese.rivera.5213@example.edu,student
5214,Kendall Rivera,kendall.rivera.5214@example.edu,student
5215,Hayden Rivera,hayden.rivera.5215@example.edu,student
5216,Emerson Rivera,emerson.rivera.5216@example.edu,student
5217,Finley Rivera,finley.rivera.5217@example.edu,student
5218,Logan Rivera,logan.rivera.5218@example.edu,student
5219,Micah Rivera,micah.rivera.5219@example.edu,student
5220,Alex Nguyen,alex.nguyen.5220@example.edu,student
5221,Jordan Nguyen,jordan.nguyen.5221@example.edu,student
5222,Taylor Nguyen,taylor.nguyen.5222@example.edu,student
5223,Morgan Nguyen,morgan.nguyen.5223@example.edu,student
5224,Riley Nguyen,riley.nguyen.5224@example.edu,student
5225,Casey Nguyen,casey.nguyen.5225@example.edu,student
5226,Quinn Nguyen,quinn.nguyen.5226@example.edu,student
5227,Jamie Nguyen,jamie.nguyen.5227@example.edu,student
5228,Avery Nguyen,avery.nguyen.5228@example.edu,student
5229,Dakota Nguyen,dakota.nguyen.5229@example.edu,student
5230,Rowan Nguyen,rowan.nguyen.5230@example.edu,student
5231,Skyler Nguyen,skyler.nguyen.5231@example.edu,student
5232,Parker Nguyen,parker.nguyen.5232@example.edu,student
5233,Reese Nguyen,reese.nguyen.5233@example.edu,student
5234,Kendall Nguyen,kendall.nguyen.5234@example.edu,student
5235,Hayden Nguyen,hayden.nguyen.5235@example.edu,student
5236,Emerson Nguyen,emerson.nguyen.5236@example.edu,student
5237,Finley Nguyen,finley.nguyen.5237@example.edu,student
5238,Logan Nguyen,logan.nguyen.5238@example.edu,student
5239,Micah Nguyen,micah.nguyen.5239@example.edu,student
5240,Alex Patel,alex.patel.5240@example.edu,student
5241,Jordan Patel,jordan.patel.5241@example.edu,student
5242,Taylor Patel,taylor.patel.5242@example.edu,student
5243,Morgan Patel,morgan.patel.5243@example.edu,student
5244,Riley Patel,riley.patel.5244@example.edu,student
5245,Casey Patel,casey.patel.5245@example.edu,student
5246,Quinn Patel,quinn.patel.5246@example.edu,student
5247,Jamie Patel,jamie.patel.5247@example.edu,student
5248,Avery Patel,avery.patel.5248@example.edu,student
5249,Dakota Patel,dakota.patel.5249@example.edu,student
5250,Rowan Patel,rowan.patel.5250@example.edu,student
5251,Skyler Patel,skyler.patel.5251@example.edu,student
5252,Parker Patel,parker.patel.5252@example.edu,student
5253,Reese Patel,reese.patel.5253@example.edu,student
5254,Kendall Patel,kendall.patel.5254@example.edu,student
5255,Hayden Patel,hayden.patel.5255@example.edu,student
5256,Emerson Patel,emerson.patel.5256@example.edu,student
5257,Finley Patel,finley.patel.5257@example.edu,student
5258,Logan Patel,logan.patel.5258@example.edu,student
5259,Micah Patel,micah.patel.5259@example.edu,student
5260,Alex Kim,alex.kim.5260@example.edu,student
5261,Jordan Kim,jordan.kim.5261@example.edu,student
5262,Taylor Kim,taylor.kim.5262@example.edu,student
5263,Morgan Kim,morgan.kim.5263@example.edu,student
5264,Riley Kim,riley.kim.5264@example.edu,student
5265,Casey Kim,casey.kim.5265@example.edu,student
5266,Quinn Kim,quinn.kim.5266@example.edu,student
5267,Jamie Kim,jamie.kim.5267@example.edu,student
5268,Avery Kim,avery.kim.5268@example.edu,student
5269,Dakota Kim,dakota.kim.5269@example.edu,student
5270,Rowan Kim,rowan.kim.5270@example.edu,student
5271,Skyler Kim,skyler.kim.5271@example.edu,student
5272,Parker Kim,parker.kim.5272@example.edu,student
5273,Reese Kim,reese.kim.5273@example.edu,student
5274,Kendall Kim,kendall.kim.5274@example.edu,student
5275,Hayden Kim,hayden.kim.5275@example.edu,student
5276,Emerson Kim,emerson.kim.5276@example.edu,student
5277,Finley Kim,finley.kim.5277@example.edu,student
5278,Logan Kim,logan.kim.5278@example.edu,student
5279,Micah Kim,micah.kim.5279@example.edu,student
5280,Alex Chen,alex.chen.5280@example.edu,student
5281,Jordan Chen,jordan.chen.5281@example.edu,student
5282,Taylor Chen,taylor.chen.5282@example.edu,student
5283,Morgan Chen,morgan.chen.5283@example.edu,student
5284,Riley Chen,riley.chen.5284@example.edu,student
5285,Casey Chen,casey.chen.5285@example.edu,student
5286,Quinn Chen,quinn.chen.5286@example.edu,instructor
5287,Jamie Chen,jamie.chen.5287@example.edu,student
5288,Avery Chen,avery.chen.5288@example.edu,student
5289,Dakota Chen,dakota.chen.5289@example.edu,student
5290,Rowan Chen,rowan.chen.5290@example.edu,student
5291,Skyler Chen,skyler.chen.5291@example.edu,student
5292,Parker Chen,parker.chen.5292@example.edu,student
5293,Reese Chen,reese.chen.5293@example.edu,student
5294,Kendall Chen,kendall.chen.5294@example.edu,student
5295,Hayden Chen,hayden.chen.5295@example.edu,student
5296,Emerson Chen,emerson.chen.5296@example.edu,student
5297,Finley Chen,finley.chen.5297@example.edu,student
5298,Logan Chen,logan.chen.5298@example.edu,student
5299,Micah Chen,micah.chen.5299@example.edu,student
5300,Alex Garcia,alex.garcia.5300@example.edu,student
5301,Jordan Garcia,jordan.garcia.5301@example.edu,student
5302,Taylor Garcia,taylor.garcia.5302@example.edu,student
5303,Morgan Garcia,morgan.garcia.5303@example.edu,student
5304,Riley Garcia,riley.garcia.5304@example.edu,student
5305,Casey Garcia,casey.garcia.5305@example.edu,student
5306,Quinn Garcia,quinn.garcia.5306@example.edu,student
5307,Jamie Garcia,jamie.garcia.5307@example.edu,student
5308,Avery Garcia,avery.garcia.5308@example.edu,student
5309,Dakota Garcia,dakota.garcia.5309@example.edu,student
5310,Rowan Garcia,rowan.garcia.5310@example.edu,student
5311,Skyler Garcia,skyler.garcia.5311@example.edu,student
5312,Parker Garcia,parker.garcia.5312@example.edu,student
5313,Reese Garcia,reese.garcia.5313@example.edu,student
5314,Kendall Garcia,kendall.garcia.5314@example.edu,student
5315,Hayden Garcia,hayden.garcia.5315@example.edu,student
5316,Emerson Garcia,emerson.garcia.5316@example.edu,student
5317,Finley Garcia,finley.garcia.5317@example.edu,student
5318,Logan Garcia,logan.garcia.5318@example.edu,student
5319,Micah Garcia,micah.garcia.5319@example.edu,student
5320,Alex Martinez,alex.martinez.5320@example.edu,student
5321,Jordan Martinez,jordan.martinez.5321@example.edu,student
5322,Taylor Martinez,taylor.martinez.5322@example.edu,student
5323,Morgan Martinez,morgan.martinez.5323@example.edu,student
5324,Riley Martinez,riley.martinez.5324@example.edu,student
5325,Casey Martinez,casey.martinez.5325@example.edu,student
5326,Quinn Martinez,quinn.martinez.5326@example.edu,student
5327,Jamie Martinez,jamie.martinez.5327@example.edu,student
5328,Avery Martinez,avery.martinez.5328@example.edu,student
5329,Dakota Martinez,dakota.martinez.5329@example.edu,student
5330,Rowan Martinez,rowan.martinez.5330@example.edu,student
5331,Skyler Martinez,skyler.martinez.5331@example.edu,student
5332,Parker Martinez,parker.martinez.5332@example.edu,student
5333,Reese Martinez,reese.martinez.5333@example.edu,student
5334,Kendall Martinez,kendall.martinez.5334@example.edu,student
5335,Hayden Martinez,hayden.martinez.5335@example.edu,student
5336,Emerson Martinez,emerson.martinez.5336@example.edu,instructor
5337,Finley Martinez,finley.martinez.5337@example.edu,student
5338,Logan Martinez,logan.martinez.5338@example.edu,student
5339,Micah Martinez,micah.martinez.5339@example.edu,student
5340,Alex Brown,alex.brown.5340@example.edu,student
5341,Jordan Brown,jordan.brown.5341@example.edu,student
5342,Taylor Brown,taylor.brown.5342@example.edu,student
5343,Morgan Brown,morgan.brown.5343@example.edu,student
5344,Riley Brown,riley.brown.5344@example.edu,student
5345,Casey Brown,casey.brown.5345@example.edu,student
5346,Quinn Brown,quinn.brown.5346@example.edu,student
5347,Jamie Brown,jamie.brown.5347@example.edu,student
5348,Avery Brown,avery.brown.5348@example.edu,student
5349,Dakota Brown,dakota.brown.5349@example.edu,student
5350,Rowan Brown,rowan.brown.5350@example.edu,student
5351,Skyler Brown,skyler.brown.5351@example.edu,student
5352,Parker Brown,parker.brown.5352@example.edu,student
5353,Reese Brown,reese.brown.5353@example.edu,student
5354,Kendall Brown,kendall.brown.5354@example.edu,student
5355,Hayden Brown,hayden.brown.5355@example.edu,student
5356,Emerson Brown,emerson.brown.5356@example.edu,student
5357,Finley Brown,finley.brown.5357@example.edu,student
5358,Logan Brown,logan.brown.5358@example.edu,student
5359,Micah Brown,micah.brown.5359@example.edu,student
5360,Alex Johnson,alex.johnson.5360@example.edu,student
5361,Jordan Johnson,jordan.johnson.5361@example.edu,student
5362,Taylor Johnson,taylor.johnson.5362@example.edu,student
5363,Morgan Johnson,morgan.johnson.5363@example.edu,student
5364,Riley Johnson,riley.johnson.5364@example.edu,student
5365,Casey Johnson,casey.johnson.5365@example.edu,student
5366,Quinn Johnson,quinn.johnson.5366@example.edu,student
5367,Jamie Johnson,jamie.johnson.5367@example.edu,instructor
5368,Avery Johnson,avery.johnson.5368@example.edu,student
5369,Dakota Johnson,dakota.johnson.5369@example.edu,student
5370,Rowan Johnson,rowan.johnson.5370@example.edu,student
5371,Skyler Johnson,skyler.johnson.5371@example.edu,student
5372,Parker Johnson,parker.johnson.5372@example.edu,student
5373,Reese Johnson,reese.johnson.5373@example.edu,student
5374,Kendall Johnson,kendall.johnson.5374@example.edu,student
5375,Hayden Johnson,hayden.johnson.5375@example.edu,student
5376,Emerson Johnson,emerson.johnson.5376@example.edu,student
5377,Finley Johnson,finley.johnson.5377@example.edu,student
5378,Logan Johnson,logan.johnson.5378@example.edu,student
5379,Micah Johnson,micah.johnson.5379@example.edu,student
5380,Alex Davis,alex.davis.5380@example.edu,student
5381,Jordan Davis,jordan.davis.5381@example.edu,student
5382,Taylor Davis,taylor.davis.5382@example.edu,student
5383,Morgan Davis,morgan.davis.5383@example.edu,student
5384,Riley Davis,riley.davis.5384@example.edu,student
5385,Casey Davis,casey.davis.5385@example.edu,student
5386,Quinn Davis,quinn.davis.5386@example.edu,student
5387,Jamie Davis,jamie.davis.5387@example.edu,student
5388,Avery Davis,avery.davis.5388@example.edu,student
5389,Dakota Davis,dakota.davis.5389@example.edu,student
5390,Rowan Davis,rowan.davis.5390@example.edu,student
5391,Skyler Davis,skyler.davis.5391@example.edu,student
5392,Parker Davis,parker.davis.5392@example.edu,student
5393,Reese Davis,reese.davis.5393@example.edu,student
5394,Kendall Davis,kendall.davis.5394@example.edu,student
5395,Hayden Davis,hayden.davis.5395@example.edu,student
5396,Emerson Davis,emerson.davis.5396@example.edu,student
5397,Finley Davis,finley.davis.5397@example.edu,student
5398,Logan Davis,logan.davis.5398@example.edu,student
5399,Micah Davis,micah.davis.5399@example.edu,student
5400,Alex Miller,alex.miller.5400@example.edu,student
5401,Jordan Miller,jordan.miller.5401@example.edu,student
5402,Taylor Miller,taylor.miller.5402@example.edu,student
5403,Morgan Miller,morgan.miller.5403@example.edu,student
5404,Riley Miller,riley.miller.5404@example.edu,student
5405,Casey Miller,casey.miller.5405@example.edu,student
5406,Quinn Miller,quinn.miller.5406@example.edu,student
5407,Jamie Miller,jamie.miller.5407@example.edu,student
5408,Avery Miller,avery.miller.5408@example.edu,student
5409,Dakota Miller,dakota.miller.5409@example.edu,student
5410,Rowan Miller,rowan.miller.5410@example.edu,student
5411,Skyler Miller,skyler.miller.5411@example.edu,student
5412,Parker Miller,parker.miller.5412@example.edu,student
5413,Reese Miller,reese.miller.5413@example.edu,student
5414,Kendall Miller,kendall.miller.5414@example.edu,student
5415,Hayden Miller,hayden.miller.5415@example.edu,student
5416,Emerson Miller,emerson.miller.5416@example.edu,student
5417,Finley Miller,finley.miller.5417@example.edu,student
5418,Logan Miller,logan.miller.5418@example.edu,student
5419,Micah Miller,micah.miller.5419@example.edu,student
5420,Alex Wilson,alex.wilson.5420@example.edu,student
5421,Jordan Wilson,jordan.wilson.5421@example.edu,student
5422,Taylor Wilson,taylor.wilson.5422@example.edu,student
5423,Morgan Wilson,morgan.wilson.5423@example.edu,student
5424,Riley Wilson,riley.wilson.5424@example.edu,student
5425,Casey Wilson,casey.wilson.5425@example.edu,student
5426,Quinn Wilson,quinn.wilson.5426@example.edu,student
5427,Jamie Wilson,jamie.wilson.5427@example.edu,student
5428,Avery Wilson,avery.wilson.5428@example.edu,student
5429,Dakota Wilson,dakota.wilson.5429@example.edu,student
5430,Rowan Wilson,rowan.wilson.5430@example.edu,student
5431,Skyler Wilson,skyler.wilson.5431@example.edu,instructor
5432,Parker Wilson,parker.wilson.5432@example.edu,student
5433,Reese Wilson,reese.wilson.5433@example.edu,student
5434,Kendall Wilson,kendall.wilson.5434@example.edu,student
5435,Hayden Wilson,hayden.wilson.5435@example.edu,student
5436,Emerson Wilson,emerson.wilson.5436@example.edu,student
5437,Finley Wilson,finley.wilson.5437@example.edu,student
5438,Logan Wilson,logan.wilson.5438@example.edu,student
5439,Micah Wilson,micah.wilson.5439@example.edu,student
5440,Alex Moore,alex.moore.5440@example.edu,student
5441,Jordan Moore,jordan.moore.5441@example.edu,student
5442,Taylor Moore,taylor.moore.5442@example.edu,student
5443,Morgan Moore,morgan.moore.5443@example.edu,student
5444,Riley Moore,riley.moore.5444@example.edu,student
5445,Casey Moore,casey.moore.5445@example.edu,student
5446,Quinn Moore,quinn.moore.5446@example.edu,student
5447,Jamie Moore,jamie.moore.5447@example.edu,student
5448,Avery Moore,avery.moore.5448@example.edu,student
5449,Dakota Moore,dakota.moore.5449@example.edu,student
5450,Rowan Moore,rowan.moore.5450@example.edu,student
5451,Skyler Moore,skyler.moore.5451@example.edu,student
5452,Parker Moore,parker.moore.5452@example.edu,student
5453,Reese Moore,reese.moore.5453@example.edu,student
5454,Kendall Moore,kendall.moore.5454@example.edu,student
5455,Hayden Moore,hayden.moore.5455@example.edu,student
5456,Emerson Moore,emerson.moore.5456@example.edu,student
5457,Finley Moore,finley.moore.5457@example.edu,student
5458,Logan Moore,logan.moore.5458@example.edu,student
5459,Micah Moore,micah.moore.5459@example.edu,student
5460,Alex Taylor,alex.taylor.5460@example.edu,student
5461,Jordan Taylor,jordan.taylor.5461@example.edu,student
5462,Taylor Taylor,taylor.taylor.5462@example.edu,student
5463,Morgan Taylor,morgan.taylor.5463@example.edu,student
5464,Riley Taylor,riley.taylor.5464@example.edu,student
5465,Casey Taylor,casey.taylor.5465@example.edu,student
5466,Quinn Taylor,quinn.taylor.5466@example.edu,student
5467,Jamie Taylor,jamie.taylor.5467@example.edu,student
5468,Avery Taylor,avery.taylor.5468@example.edu,student
5469,Dakota Taylor,dakota.taylor.5469@example.edu,student
5470,Rowan Taylor,rowan.taylor.5470@example.edu,student
5471,Skyler Taylor,skyler.taylor.5471@example.edu,student
5472,Parker Taylor,parker.taylor.5472@example.edu,student
5473,Reese Taylor,reese.taylor.5473@example.edu,student
5474,Kendall Taylor,kendall.taylor.5474@example.edu,student
5475,Hayden Taylor,hayden.taylor.5475@example.edu,student
5476,Emerson Taylor,emerson.taylor.5476@example.edu,student
5477,Finley Taylor,finley.taylor.5477@example.edu,student
5478,Logan Taylor,logan.taylor.5478@example.edu,student
5479,Micah Taylor,micah.taylor.5479@example.edu,student
5480,Alex Anderson,alex.anderson.5480@example.edu,student
5481,Jordan Anderson,jordan.anderson.5481@example.edu,student
5482,Taylor Anderson,taylor.anderson.5482@example.edu,student
5483,Morgan Anderson,morgan.anderson.5483@example.edu,student
5484,Riley Anderson,riley.anderson.5484@example.edu,student
5485,Casey Anderson,casey.anderson.5485@example.edu,student
5486,Quinn Anderson,quinn.anderson.5486@example.edu,student
5487,Jamie Anderson,jamie.anderson.5487@example.edu,student
5488,Avery Anderson,avery.anderson.5488@example.edu,student
5489,Dakota Anderson,dakota.anderson.5489@example.edu,student
5490,Rowan Anderson,rowan.anderson.5490@example.edu,student
5491,Skyler Anderson,skyler.anderson.5491@example.edu,student
5492,Parker Anderson,parker.anderson.5492@example.edu,student
5493,Reese Anderson,reese.anderson.5493@example.edu,student
5494,Kendall Anderson,kendall.anderson.5494@example.edu,student
5495,Hayden Anderson,hayden.anderson.5495@example.edu,student
5496,Emerson Anderson,emerson.anderson.5496@example.edu,student
5497,Finley Anderson,finley.anderson.5497@example.edu,student
5498,Logan Anderson,logan.anderson.5498@example.edu,student
5499,Micah Anderson,micah.anderson.5499@example.edu,instructor
5500,Alex Thomas,alex.thomas.5500@example.edu,student
5501,Jordan Thomas,jordan.thomas.5501@example.edu,student
5502,Taylor Thomas,taylor.thomas.5502@example.edu,student
5503,Morgan Thomas,morgan.thomas.5503@example.edu,student
5504,Riley Thomas,riley.thomas.5504@example.edu,student
5505,Casey Thomas,casey.thomas.5505@example.edu,student
5506,Quinn Thomas,quinn.thomas.5506@example.edu,student
5507,Jamie Thomas,jamie.thomas.5507@example.edu,student
5508,Avery Thomas,avery.thomas.5508@example.edu,student
5509,Dakota Thomas,dakota.thomas.5509@example.edu,student
5510,Rowan Thomas,rowan.thomas.5510@example.edu,student
5511,Skyler Thomas,skyler.thomas.5511@example.edu,student
5512,Parker Thomas,parker.thomas.5512@example.edu,student
5513,Reese Thomas,reese.thomas.5513@example.edu,student
5514,Kendall Thomas,kendall.thomas.5514@example.edu,student
5515,Hayden Thomas,hayden.thomas.5515@example.edu,student
5516,Emerson Thomas,emerson.thomas.5516@example.edu,student
5517,Finley Thomas,finley.thomas.5517@example.edu,student
5518,Logan Thomas,logan.thomas.5518@example.edu,student
5519,Micah Thomas,micah.thomas.5519@example.edu,student
5520,Alex Jackson,alex.jackson.5520@example.edu,student
5521,Jordan Jackson,jordan.jackson.5521@example.edu,student
5522,Taylor Jackson,taylor.jackson.5522@example.edu,student
5523,Morgan Jackson,morgan.jackson.5523@example.edu,student
5524,Riley Jackson,riley.jackson.5524@example.edu,student
5525,Casey Jackson,casey.jackson.5525@example.edu,student
5526,Quinn Jackson,quinn.jackson.5526@example.edu,student
5527,Jamie Jackson,jamie.jackson.5527@example.edu,student
5528,Avery Jackson,avery.jackson.5528@example.edu,student
5529,Dakota Jackson,dakota.jackson.5529@example.edu,student
5530,Rowan Jackson,rowan.jackson.5530@example.edu,student
5531,Skyler Jackson,skyler.jackson.5531@example.edu,student
5532,Parker Jackson,parker.jackson.5532@example.edu,student
5533,Reese Jackson,reese.jackson.5533@example.edu,instructor
5534,Kendall Jackson,kendall.jackson.5534@example.edu,student
5535,Hayden Jackson,hayden.jackson.5535@example.edu,student
5536,Emerson Jackson,emerson.jackson.5536@example.edu,student
5537,Finley Jackson,finley.jackson.5537@example.edu,student
5538,Logan Jackson,logan.jackson.5538@example.edu,student
5539,Micah Jackson,micah.jackson.5539@example.edu,student
5540,Alex White,alex.white.5540@example.edu,student
5541,Jordan White,jordan.white.5541@example.edu,student
5542,Taylor White,taylor.white.5542@example.edu,student
5543,Morgan White,morgan.white.5543@example.edu,student
5544,Riley White,riley.white.5544@example.edu,student
5545,Casey White,casey.white.5545@example.edu,student
5546,Quinn White,quinn.white.5546@example.edu,student
5547,Jamie White,jamie.white.5547@example.edu,student
5548,Avery White,avery.white.5548@example.edu,student
5549,Dakota White,dakota.white.5549@example.edu,student
5550,Rowan White,rowan.white.5550@example.edu,student
5551,Skyler White,skyler.white.5551@example.edu,student
5552,Parker White,parker.white.5552@example.edu,student
5553,Reese White,reese.white.5553@example.edu,student
5554,Kendall White,kendall.white.5554@example.edu,student
5555,Hayden White,hayden.white.5555@example.edu,student
5556,Emerson White,emerson.white.5556@example.edu,student
5557,Finley White,finley.white.5557@example.edu,student
5558,Logan White,logan.white.5558@example.edu,student
5559,Micah White,micah.white.5559@example.edu,student
5560,Alex Harris,alex.harris.5560@example.edu,student
5561,Jordan Harris,jordan.harris.5561@example.edu,student
5562,Taylor Harris,taylor.harris.5562@example.edu,student
5563,Morgan Harris,morgan.harris.5563@example.edu,student
5564,Riley Harris,riley.harris.5564@example.edu,student
5565,Casey Harris,casey.harris.5565@example.edu,student
5566,Quinn Harris,quinn.harris.5566@example.edu,student
5567,Jamie Harris,jamie.harris.5567@example.edu,student
5568,Avery Harris,avery.harris.5568@example.edu,student
5569,Dakota Harris,dakota.harris.5569@example.edu,student
5570,Rowan Harris,rowan.harris.5570@example.edu,student
5571,Skyler Harris,skyler.harris.5571@example.edu,student
5572,Parker Harris,parker.harris.5572@example.edu,student
5573,Reese Harris,reese.harris.5573@example.edu,student
5574,Kendall Harris,kendall.harris.5574@example.edu,student
5575,Hayden Harris,hayden.harris.5575@example.edu,student
5576,Emerson Harris,emerson.harris.5576@example.edu,student
5577,Finley Harris,finley.harris.5577@example.edu,student
5578,Logan Harris,logan.harris.5578@example.edu,student
5579,Micah Harris,micah.harris.5579@example.edu,student
5580,Alex Martin,alex.martin.5580@example.edu,student
5581,Jordan Martin,jordan.martin.5581@example.edu,student
5582,Taylor Martin,taylor.martin.5582@example.edu,student
5583,Morgan Martin,morgan.martin.5583@example.edu,student
5584,Riley Martin,riley.martin.5584@example.edu,student
5585,Casey Martin,casey.martin.5585@example.edu,student
5586,Quinn Martin,quinn.martin.5586@example.edu,student
5587,Jamie Martin,jamie.martin.5587@example.edu,student
5588,Avery Martin,avery.martin.5588@example.edu,student
5589,Dakota Martin,dakota.martin.5589@example.edu,student
5590,Rowan Martin,rowan.martin.5590@example.edu,student
5591,Skyler Martin,skyler.martin.5591@example.edu,instructor
5592,Parker Martin,parker.martin.5592@example.edu,student
5593,Reese Martin,reese.martin.5593@example.edu,student
5594,Kendall Martin,kendall.martin.5594@example.edu,student
5595,Hayden Martin,hayden.martin.5595@example.edu,student
5596,Emerson Martin,emerson.martin.5596@example.edu,student
5597,Finley Martin,finley.martin.5597@example.edu,student
5598,Logan Martin,logan.martin.5598@example.edu,student
5599,Micah Martin,micah.martin.5599@example.edu,student
5600,Alex Rivera,alex.rivera.5600@example.edu,student
5601,Jordan Rivera,jordan.rivera.5601@example.edu,student
5602,Taylor Rivera,taylor.rivera.5602@example.edu,student
5603,Morgan Rivera,morgan.rivera.5603@example.edu,student
5604,Riley Rivera,riley.rivera.5604@example.edu,student
5605,Casey Rivera,casey.rivera.5605@example.edu,student
5606,Quinn Rivera,quinn.rivera.5606@example.edu,student
5607,Jamie Rivera,jamie.rivera.5607@example.edu,student
5608,Avery Rivera,avery.rivera.5608@example.edu,student
5609,Dakota Rivera,dakota.rivera.5609@example.edu,student
5610,Rowan Rivera,rowan.rivera.5610@example.edu,student
5611,Skyler Rivera,skyler.rivera.5611@example.edu,student
5612,Parker Rivera,parker.rivera.5612@example.edu,student
5613,Reese Rivera,reese.rivera.5613@example.edu,student
5614,Kendall Rivera,kendall.rivera.5614@example.edu,student
5615,Hayden Rivera,hayden.rivera.5615@example.edu,student
5616,Emerson Rivera,emerson.rivera.5616@example.edu,student
5617,Finley Rivera,finley.rivera.5617@example.edu,student
5618,Logan Rivera,logan.rivera.5618@example.edu,student
5619,Micah Rivera,micah.rivera.5619@example.edu,student
5620,Alex Nguyen,alex.nguyen.5620@example.edu,student
5621,Jordan Nguyen,jordan.nguyen.5621@example.edu,student
5622,Taylor Nguyen,taylor.nguyen.5622@example.edu,student
5623,Morgan Nguyen,morgan.nguyen.5623@example.edu,student
5624,Riley Nguyen,riley.nguyen.5624@example.edu,student
5625,Casey Nguyen,casey.nguyen.5625@example.edu,student
5626,Quinn Nguyen,quinn.nguyen.5626@example.edu,student
5627,Jamie Nguyen,jamie.nguyen.5627@example.edu,student
5628,Avery Nguyen,avery.nguyen.5628@example.edu,student
5629,Dakota Nguyen,dakota.nguyen.5629@example.edu,student
5630,Rowan Nguyen,rowan.nguyen.5630@example.edu,instructor
5631,Skyler Nguyen,skyler.nguyen.5631@example.edu,student
5632,Parker Nguyen,parker.nguyen.5632@example.edu,student
5633,Reese Nguyen,reese.nguyen.5633@example.edu,student
5634,Kendall Nguyen,kendall.nguyen.5634@example.edu,student
5635,Hayden Nguyen,hayden.nguyen.5635@example.edu,student
5636,Emerson Nguyen,emerson.nguyen.5636@example.edu,student
5637,Finley Nguyen,finley.nguyen.5637@example.edu,student
5638,Logan Nguyen,logan.nguyen.5638@example.edu,student
5639,Micah Nguyen,micah.nguyen.5639@example.edu,student
5640,Alex Patel,alex.patel.5640@example.edu,student
5641,Jordan Patel,jordan.patel.5641@example.edu,student
5642,Taylor Patel,taylor.patel.5642@example.edu,student
5643,Morgan Patel,morgan.patel.5643@example.edu,student
5644,Riley Patel,riley.patel.5644@example.edu,student
5645,Casey Patel,casey.patel.5645@example.edu,student
5646,Quinn Patel,quinn.patel.5646@example.edu,student
5647,Jamie Patel,jamie.patel.5647@example.edu,student
5648,Avery Patel,avery.patel.5648@example.edu,student
5649,Dakota Patel,dakota.patel.5649@example.edu,student
5650,Rowan Patel,rowan.patel.5650@example.edu,student
5651,Skyler Patel,skyler.patel.5651@example.edu,student
5652,Parker Patel,parker.patel.5652@example.edu,student
5653,Reese Patel,reese.patel.5653@example.edu,student
5654,Kendall Patel,kendall.patel.5654@example.edu,student
5655,Hayden Patel,hayden.patel.5655@example.edu,student
5656,Emerson Patel,emerson.patel.5656@example.edu,student
5657,Finley Patel,finley.patel.5657@example.edu,student
5658,Logan Patel,logan.patel.5658@example.edu,student
5659,Micah Patel,micah.patel.5659@example.edu,student
5660,Alex Kim,alex.kim.5660@example.edu,student
5661,Jordan Kim,jordan.kim.5661@example.edu,student
5662,Taylor Kim,taylor.kim.5662@example.edu,student
5663,Morgan Kim,morgan.kim.5663@example.edu,student
5664,Riley Kim,riley.kim.5664@example.edu,student
5665,Casey Kim,casey.kim.5665@example.edu,student
5666,Quinn Kim,quinn.kim.5666@example.edu,student
5667,Jamie Kim,jamie.kim.5667@example.edu,student
5668,Avery Kim,avery.kim.5668@example.edu,student
5669,Dakota Kim,dakota.kim.5669@example.edu,student
5670,Rowan Kim,rowan.kim.5670@example.edu,student
5671,Skyler Kim,skyler.kim.5671@example.edu,student
5672,Parker Kim,parker.kim.5672@example.edu,student
5673,Reese Kim,reese.kim.5673@example.edu,student
5674,Kendall Kim,kendall.kim.5674@example.edu,student
5675,Hayden Kim,hayden.kim.5675@example.edu,instructor
5676,Emerson Kim,emerson.kim.5676@example.edu,student
5677,Finley Kim,finley.kim.5677@example.edu,student
5678,Logan Kim,logan.kim.5678@example.edu,student
5679,Micah Kim,micah.kim.5679@example.edu,student
5680,Alex Chen,alex.chen.5680@example.edu,student
5681,Jordan Chen,jordan.chen.5681@example.edu,student
5682,Taylor Chen,taylor.chen.5682@example.edu,student
5683,Morgan Chen,morgan.chen.5683@example.edu,student
5684,Riley Chen,riley.chen.5684@example.edu,student
5685,Casey Chen,casey.chen.5685@example.edu,student
5686,Quinn Chen,quinn.chen.5686@example.edu,student
5687,Jamie Chen,jamie.chen.5687@example.edu,student
5688,Avery Chen,avery.chen.5688@example.edu,student
5689,Dakota Chen,dakota.chen.5689@example.edu,student
5690,Rowan Chen,rowan.chen.5690@example.edu,student
5691,Skyler Chen,skyler.chen.5691@example.edu,student
5692,Parker Chen,parker.chen.5692@example.edu,student
5693,Reese Chen,reese.chen.5693@example.edu,student
5694,Kendall Chen,kendall.chen.5694@example.edu,student
5695,Hayden Chen,hayden.chen.5695@example.edu,student
5696,Emerson Chen,emerson.chen.5696@example.edu,student
5697,Finley Chen,finley.chen.5697@example.edu,student
5698,Logan Chen,logan.chen.5698@example.edu,student
5699,Micah Chen,micah.chen.5699@example.edu,student
5700,Alex Garcia,alex.garcia.5700@example.edu,student
5701,Jordan Garcia,jordan.garcia.5701@example.edu,student
5702,Taylor Garcia,taylor.garcia.5702@example.edu,student
5703,Morgan Garcia,morgan.garcia.5703@example.edu,student
5704,Riley Garcia,riley.garcia.5704@example.edu,student
5705,Casey Garcia,casey.garcia.5705@example.edu,student
5706,Quinn Garcia,quinn.garcia.5706@example.edu,student
5707,Jamie Garcia,jamie.garcia.5707@example.edu,student
5708,Avery Garcia,avery.garcia.5708@example.edu,student
5709,Dakota Garcia,dakota.garcia.5709@example.edu,student
5710,Rowan Garcia,rowan.garcia.5710@example.edu,student
5711,Skyler Garcia,skyler.garcia.5711@example.edu,student
5712,Parker Garcia,parker.garcia.5712@example.edu,student
5713,Reese Garcia,reese.garcia.5713@example.edu,student
5714,Kendall Garcia,kendall.garcia.5714@example.edu,student
5715,Hayden Garcia,hayden.garcia.5715@example.edu,student
5716,Emerson Garcia,emerson.garcia.5716@example.edu,student
5717,Finley Garcia,finley.garcia.5717@example.edu,student
5718,Logan Garcia,logan.garcia.5718@example.edu,student
5719,Micah Garcia,micah.garcia.5719@example.edu,instructor
5720,Alex Martinez,alex.martinez.5720@example.edu,student
5721,Jordan Martinez,jordan.martinez.5721@example.edu,student
5722,Taylor Martinez,taylor.martinez.5722@example.edu,student
5723,Morgan Martinez,morgan.martinez.5723@example.edu,student
5724,Riley Martinez,riley.martinez.5724@example.edu,student
5725,Casey Martinez,casey.martinez.5725@example.edu,student
5726,Quinn Martinez,quinn.martinez.5726@example.edu,student
5727,Jamie Martinez,jamie.martinez.5727@example.edu,student
5728,Avery Martinez,avery.martinez.5728@example.edu,student
5729,Dakota Martinez,dakota.martinez.5729@example.edu,student
5730,Rowan Martinez,rowan.martinez.5730@example.edu,student
5731,Skyler Martinez,skyler.martinez.5731@example.edu,student
5732,Parker Martinez,parker.martinez.5732@example.edu,student
5733,Reese Martinez,reese.martinez.5733@example.edu,student
5734,Kendall Martinez,kendall.martinez.5734@example.edu,student
5735,Hayden Martinez,hayden.martinez.5735@example.edu,student
5736,Emerson Martinez,emerson.martinez.5736@example.edu,student
5737,Finley Martinez,finley.martinez.5737@example.edu,student
5738,Logan Martinez,logan.martinez.5738@example.edu,student
5739,Micah Martinez,micah.martinez.5739@example.edu,student
5740,Alex Brown,alex.brown.5740@example.edu,student
5741,Jordan Brown,jordan.brown.5741@example.edu,student
5742,Taylor Brown,taylor.brown.5742@example.edu,student
5743,Morgan Brown,morgan.brown.5743@example.edu,student
5744,Riley Brown,riley.brown.5744@example.edu,student
5745,Casey Brown,casey.brown.5745@example.edu,student
5746,Quinn Brown,quinn.brown.5746@example.edu,student
5747,Jamie Brown,jamie.brown.5747@example.edu,student
5748,Avery Brown,avery.brown.5748@example.edu,student
5749,Dakota Brown,dakota.brown.5749@example.edu,student
5750,Rowan Brown,rowan.brown.5750@example.edu,student
5751,Skyler Brown,skyler.brown.5751@example.edu,student
5752,Parker Brown,parker.brown.5752@example.edu,student
5753,Reese Brown,reese.brown.5753@example.edu,student
5754,Kendall Brown,kendall.brown.5754@example.edu,student
5755,Hayden Brown,hayden.brown.5755@example.edu,student
5756,Emerson Brown,emerson.brown.5756@example.edu,student
5757,Finley Brown,finley.brown.5757@example.edu,student
5758,Logan Brown,logan.brown.5758@example.edu,student
5759,Micah Brown,micah.brown.5759@example.edu,student
5760,Alex Johnson,alex.johnson.5760@example.edu,student
5761,Jordan Johnson,jordan.johnson.5761@example.edu,student
5762,Taylor Johnson,taylor.johnson.5762@example.edu,student
5763,Morgan Johnson,morgan.johnson.5763@example.edu,student
5764,Riley Johnson,riley.johnson.5764@example.edu,student
5765,Casey Johnson,casey.johnson.5765@example.edu,student
5766,Quinn Johnson,quinn.johnson.5766@example.edu,student
5767,Jamie Johnson,jamie.johnson.5767@example.edu,student
5768,Avery Johnson,avery.johnson.5768@example.edu,student
5769,Dakota Johnson,dakota.johnson.5769@example.edu,student
5770,Rowan Johnson,rowan.johnson.5770@example.edu,student
5771,Skyler Johnson,skyler.johnson.5771@example.edu,student
5772,Parker Johnson,parker.johnson.5772@example.edu,student
5773,Reese Johnson,reese.johnson.5773@example.edu,student
5774,Kendall Johnson,kendall.johnson.5774@example.edu,student
5775,Hayden Johnson,hayden.johnson.5775@example.edu,student
5776,Emerson Johnson,emerson.johnson.5776@example.edu,student
5777,Finley Johnson,finley.johnson.5777@example.edu,student
5778,Logan Johnson,logan.johnson.5778@example.edu,student
5779,Micah Johnson,micah.johnson.5779@example.edu,student
5780,Alex Davis,alex.davis.5780@example.edu,student
5781,Jordan Davis,jordan.davis.5781@example.edu,student
5782,Taylor Davis,taylor.davis.5782@example.edu,student
5783,Morgan Davis,morgan.davis.5783@example.edu,student
5784,Riley Davis,riley.davis.5784@example.edu,student
5785,Casey Davis,casey.davis.5785@example.edu,student
5786,Quinn Davis,quinn.davis.5786@example.edu,student
5787,Jamie Davis,jamie.davis.5787@example.edu,instructor
5788,Avery Davis,avery.davis.5788@example.edu,student
5789,Dakota Davis,dakota.davis.5789@example.edu,student
5790,Rowan Davis,rowan.davis.5790@example.edu,student
5791,Skyler Davis,skyler.davis.5791@example.edu,student
5792,Parker Davis,parker.davis.5792@example.edu,student
5793,Reese Davis,reese.davis.5793@example.edu,student
5794,Kendall Davis,kendall.davis.5794@example.edu,student
5795,Hayden Davis,hayden.davis.5795@example.edu,student
5796,Emerson Davis,emerson.davis.5796@example.edu,student
5797,Finley Davis,finley.davis.5797@example.edu,student
5798,Logan Davis,logan.davis.5798@example.edu,student
5799,Micah Davis,micah.davis.5799@example.edu,student
5800,Alex Miller,alex.miller.5800@example.edu,student
5801,Jordan Miller,jordan.miller.5801@example.edu,student
5802,Taylor Miller,taylor.miller.5802@example.edu,student
5803,Morgan Miller,morgan.miller.5803@example.edu,student
5804,Riley Miller,riley.miller.5804@example.edu,student
5805,Casey Miller,casey.miller.5805@example.edu,student
5806,Quinn Miller,quinn.miller.5806@example.edu,student
5807,Jamie Miller,jamie.miller.5807@example.edu,student
5808,Avery Miller,avery.miller.5808@example.edu,student
5809,Dakota Miller,dakota.miller.5809@example.edu,student
5810,Rowan Miller,rowan.miller.5810@example.edu,student
5811,Skyler Miller,skyler.miller.5811@example.edu,student
5812,Parker Miller,parker.miller.5812@example.edu,student
5813,Reese Miller,reese.miller.5813@example.edu,student
5814,Kendall Miller,kendall.miller.5814@example.edu,student
5815,Hayden Miller,hayden.miller.5815@example.edu,student
5816,Emerson Miller,emerson.miller.5816@example.edu,student
5817,Finley Miller,finley.miller.5817@example.edu,student
5818,Logan Miller,logan.miller.5818@example.edu,student
5819,Micah Miller,micah.miller.5819@example.edu,student
5820,Alex Wilson,alex.wilson.5820@example.edu,student
5821,Jordan Wilson,jordan.wilson.5821@example.edu,student
5822,Taylor Wilson,taylor.wilson.5822@example.edu,student
5823,Morgan Wilson,morgan.wilson.5823@example.edu,student
5824,Riley Wilson,riley.wilson.5824@example.edu,instructor
5825,Casey Wilson,casey.wilson.5825@example.edu,student
5826,Quinn Wilson,quinn.wilson.5826@example.edu,student
5827,Jamie Wilson,jamie.wilson.5827@example.edu,student
5828,Avery Wilson,avery.wilson.5828@example.edu,student
5829,Dakota Wilson,dakota.wilson.5829@example.edu,student
5830,Rowan Wilson,rowan.wilson.5830@example.edu,student
5831,Skyler Wilson,skyler.wilson.5831@example.edu,student
5832,Parker Wilson,parker.wilson.5832@example.edu,student
5833,Reese Wilson,reese.wilson.5833@example.edu,student
5834,Kendall Wilson,kendall.wilson.5834@example.edu,student
5835,Hayden Wilson,hayden.wilson.5835@example.edu,student
5836,Emerson Wilson,emerson.wilson.5836@example.edu,student
5837,Finley Wilson,finley.wilson.5837@example.edu,student
5838,Logan Wilson,logan.wilson.5838@example.edu,student
5839,Micah Wilson,micah.wilson.5839@example.edu,student
5840,Alex Moore,alex.moore.5840@example.edu,student
5841,Jordan Moore,jordan.moore.5841@example.edu,student
5842,Taylor Moore,taylor.moore.5842@example.edu,student
5843,Morgan Moore,morgan.moore.5843@example.edu,student
5844,Riley Moore,riley.moore.5844@example.edu,student
5845,Casey Moore,casey.moore.5845@example.edu,student
5846,Quinn Moore,quinn.moore.5846@example.edu,student
5847,Jamie Moore,jamie.moore.5847@example.edu,student
5848,Avery Moore,avery.moore.5848@example.edu,student
5849,Dakota Moore,dakota.moore.5849@example.edu,student
5850,Rowan Moore,rowan.moore.5850@example.edu,student
5851,Skyler Moore,skyler.moore.5851@example.edu,student
5852,Parker Moore,parker.moore.5852@example.edu,student
5853,Reese Moore,reese.moore.5853@example.edu,student
5854,Kendall Moore,kendall.moore.5854@example.edu,student
5855,Hayden Moore,hayden.moore.5855@example.edu,student
5856,Emerson Moore,emerson.moore.5856@example.edu,student
5857,Finley Moore,finley.moore.5857@example.edu,student
5858,Logan Moore,logan.moore.5858@example.edu,student
5859,Micah Moore,micah.moore.5859@example.edu,student
5860,Alex Taylor,alex.taylor.5860@example.edu,student
5861,Jordan Taylor,jordan.taylor.5861@example.edu,student
5862,Taylor Taylor,taylor.taylor.5862@example.edu,student
5863,Morgan Taylor,morgan.taylor.5863@example.edu,student
5864,Riley Taylor,riley.taylor.5864@example.edu,student
5865,Casey Taylor,casey.taylor.5865@example.edu,student
5866,Quinn Taylor,quinn.taylor.5866@example.edu,student
5867,Jamie Taylor,jamie.taylor.5867@example.edu,student
5868,Avery Taylor,avery.taylor.5868@example.edu,student
5869,Dakota Taylor,dakota.taylor.5869@example.edu,student
5870,Rowan Taylor,rowan.taylor.5870@example.edu,student
5871,Skyler Taylor,skyler.taylor.5871@example.edu,student
5872,Parker Taylor,parker.taylor.5872@example.edu,student
5873,Reese Taylor,reese.taylor.5873@example.edu,student
5874,Kendall Taylor,kendall.taylor.5874@example.edu,student
5875,Hayden Taylor,hayden.taylor.5875@example.edu,student
5876,Emerson Taylor,emerson.taylor.5876@example.edu,student
5877,Finley Taylor,finley.taylor.5877@example.edu,student
5878,Logan Taylor,logan.taylor.5878@example.edu,student
5879,Micah Taylor,micah.taylor.5879@example.edu,student
5880,Alex Anderson,alex.anderson.5880@example.edu,student
5881,Jordan Anderson,jordan.anderson.5881@example.edu,student
5882,Taylor Anderson,taylor.anderson.5882@example.edu,student
5883,Morgan Anderson,morgan.anderson.5883@example.edu,student
5884,Riley Anderson,riley.anderson.5884@example.edu,student
5885,Casey Anderson,casey.anderson.5885@example.edu,student
5886,Quinn Anderson,quinn.anderson.5886@example.edu,student
5887,Jamie Anderson,jamie.anderson.5887@example.edu,student
5888,Avery Anderson,avery.anderson.5888@example.edu,student
5889,Dakota Anderson,dakota.anderson.5889@example.edu,student
5890,Rowan Anderson,rowan.anderson.5890@example.edu,student
5891,Skyler Anderson,skyler.anderson.5891@example.edu,student
5892,Parker Anderson,parker.anderson.5892@example.edu,student
5893,Reese Anderson,reese.anderson.5893@example.edu,student
5894,Kendall Anderson,kendall.anderson.5894@example.edu,instructor
5895,Hayden Anderson,hayden.anderson.5895@example.edu,student
5896,Emerson Anderson,emerson.anderson.5896@example.edu,student
5897,Finley Anderson,finley.anderson.5897@example.edu,student
5898,Logan Anderson,logan.anderson.5898@example.edu,student
5899,Micah Anderson,micah.anderson.5899@example.edu,student
5900,Alex Thomas,alex.thomas.5900@example.edu,student
5901,Jordan Thomas,jordan.thomas.5901@example.edu,student
5902,Taylor Thomas,taylor.thomas.5902@example.edu,student
5903,Morgan Thomas,morgan.thomas.5903@example.edu,student
5904,Riley Thomas,riley.thomas.5904@example.edu,student
5905,Casey Thomas,casey.thomas.5905@example.edu,student
5906,Quinn Thomas,quinn.thomas.5906@example.edu,student
5907,Jamie Thomas,jamie.thomas.5907@example.edu,student
5908,Avery Thomas,avery.thomas.5908@example.edu,student
5909,Dakota Thomas,dakota.thomas.5909@example.edu,student
5910,Rowan Thomas,rowan.thomas.5910@example.edu,student
5911,Skyler Thomas,skyler.thomas.5911@example.edu,student
5912,Parker Thomas,parker.thomas.5912@example.edu,student
5913,Reese Thomas,reese.thomas.5913@example.edu,student
5914,Kendall Thomas,kendall.thomas.5914@example.edu,student
5915,Hayden Thomas,hayden.thomas.5915@example.edu,student
5916,Emerson Thomas,emerson.thomas.5916@example.edu,student
5917,Finley Thomas,finley.thomas.5917@example.edu,student
5918,Logan Thomas,logan.thomas.5918@example.edu,student
5919,Micah Thomas,micah.thomas.5919@example.edu,student
5920,Alex Jackson,alex.jackson.5920@example.edu,student
5921,Jordan Jackson,jordan.jackson.5921@example.edu,student
5922,Taylor Jackson,taylor.jackson.5922@example.edu,student
5923,Morgan Jackson,morgan.jackson.5923@example.edu,student
5924,Riley Jackson,riley.jackson.5924@example.edu,student
5925,Casey Jackson,casey.jackson.5925@example.edu,student
5926,Quinn Jackson,quinn.jackson.5926@example.edu,student
5927,Jamie Jackson,jamie.jackson.5927@example.edu,student
5928,Avery Jackson,avery.jackson.5928@example.edu,student
5929,Dakota Jackson,dakota.jackson.5929@example.edu,student
5930,Rowan Jackson,rowan.jackson.5930@example.edu,student
5931,Skyler Jackson,skyler.jackson.5931@example.edu,student
5932,Parker Jackson,parker.jackson.5932@example.edu,student
5933,Reese Jackson,reese.jackson.5933@example.edu,student
5934,Kendall Jackson,kendall.jackson.5934@example.edu,student
5935,Hayden Jackson,hayden.jackson.5935@example.edu,student
5936,Emerson Jackson,emerson.jackson.5936@example.edu,student
5937,Finley Jackson,finley.jackson.5937@example.edu,student
5938,Logan Jackson,logan.jackson.5938@example.edu,student
5939,Micah Jackson,micah.jackson.5939@example.edu,student
5940,Alex White,alex.white.5940@example.edu,student
5941,Jordan White,jordan.white.5941@example.edu,student
5942,Taylor White,taylor.white.5942@example.edu,student
5943,Morgan White,morgan.white.5943@example.edu,student
5944,Riley White,riley.white.5944@example.edu,student
5945,Casey White,casey.white.5945@example.edu,student
5946,Quinn White,quinn.white.5946@example.edu,student
5947,Jamie White,jamie.white.5947@example.edu,student
5948,Avery White,avery.white.5948@example.edu,student
5949,Dakota White,dakota.white.5949@example.edu,student
5950,Rowan White,rowan.white.5950@example.edu,student
5951,Skyler White,skyler.white.5951@example.edu,student
5952,Parker White,parker.white.5952@example.edu,student
5953,Reese White,reese.white.5953@example.edu,student
5954,Kendall White,kendall.white.5954@example.edu,student
5955,Hayden White,hayden.white.5955@example.edu,student
5956,Emerson White,emerson.white.5956@example.edu,instructor
5957,Finley White,finley.white.5957@example.edu,student
5958,Logan White,logan.white.5958@example.edu,student
5959,Micah White,micah.white.5959@example.edu,student
5960,Alex Harris,alex.harris.5960@example.edu,student
5961,Jordan Harris,jordan.harris.5961@example.edu,student
5962,Taylor Harris,taylor.harris.5962@example.edu,student
5963,Morgan Harris,morgan.harris.5963@example.edu,student
5964,Riley Harris,riley.harris.5964@example.edu,student
5965,Casey Harris,casey.harris.5965@example.edu,student
5966,Quinn Harris,quinn.harris.5966@example.edu,student
5967,Jamie Harris,jamie.harris.5967@example.edu,student
5968,Avery Harris,avery.harris.5968@example.edu,student
5969,Dakota Harris,dakota.harris.5969@example.edu,student
5970,Rowan Harris,rowan.harris.5970@example.edu,student
5971,Skyler Harris,skyler.harris.5971@example.edu,student
5972,Parker Harris,parker.harris.5972@example.edu,student
5973,Reese Harris,reese.harris.5973@example.edu,student
5974,Kendall Harris,kendall.harris.5974@example.edu,student
5975,Hayden Harris,hayden.harris.5975@example.edu,student
5976,Emerson Harris,emerson.harris.5976@example.edu,student
5977,Finley Harris,finley.harris.5977@example.edu,student
5978,Logan Harris,logan.harris.5978@example.edu,student
5979,Micah Harris,micah.harris.5979@example.edu,student
5980,Alex Martin,alex.martin.5980@example.edu,student
5981,Jordan Martin,jordan.martin.5981@example.edu,student
5982,Taylor Martin,taylor.martin.5982@example.edu,student
5983,Morgan Martin,morgan.martin.5983@example.edu,student
5984,Riley Martin,riley.martin.5984@example.edu,student
5985,Casey Martin,casey.martin.5985@example.edu,student
5986,Quinn Martin,quinn.martin.5986@example.edu,student
5987,Jamie Martin,jamie.martin.5987@example.edu,student
5988,Avery Martin,avery.martin.5988@example.edu,student
5989,Dakota Martin,dakota.martin.5989@example.edu,student
5990,Rowan Martin,rowan.martin.5990@example.edu,student
5991,Skyler Martin,skyler.martin.5991@example.edu,student
5992,Parker Martin,parker.martin.5992@example.edu,student
5993,Reese Martin,reese.martin.5993@example.edu,student
5994,Kendall Martin,kendall.martin.5994@example.edu,student
5995,Hayden Martin,hayden.martin.5995@example.edu,student
5996,Emerson Martin,emerson.martin.5996@example.edu,student
5997,Finley Martin,finley.martin.5997@example.edu,student
5998,Logan Martin,logan.martin.5998@example.edu,student
5999,Micah Martin,micah.martin.5999@example.edu,student
6000,Alex Rivera,alex.rivera.6000@example.edu,student
6001,Jordan Rivera,jordan.rivera.6001@example.edu,student
6002,Taylor Rivera,taylor.rivera.6002@example.edu,student
6003,Morgan Rivera,morgan.rivera.6003@example.edu,student
6004,Riley Rivera,riley.rivera.6004@example.edu,student
6005,Casey Rivera,casey.rivera.6005@example.edu,student
6006,Quinn Rivera,quinn.rivera.6006@example.edu,student
6007,Jamie Rivera,jamie.rivera.6007@example.edu,student
6008,Avery Rivera,avery.rivera.6008@example.edu,student
6009,Dakota Rivera,dakota.rivera.6009@example.edu,student
6010,Rowan Rivera,rowan.rivera.6010@example.edu,student
6011,Skyler Rivera,skyler.rivera.6011@example.edu,student
6012,Parker Rivera,parker.rivera.6012@example.edu,student
6013,Reese Rivera,reese.rivera.6013@example.edu,student
6014,Kendall Rivera,kendall.rivera.6014@example.edu,student
6015,Hayden Rivera,hayden.rivera.6015@example.edu,student
6016,Emerson Rivera,emerson.rivera.6016@example.edu,student
6017,Finley Rivera,finley.rivera.6017@example.edu,student
6018,Logan Rivera,logan.rivera.6018@example.edu,student
6019,Micah Rivera,micah.rivera.6019@example.edu,student
6020,Alex Nguyen,alex.nguyen.6020@example.edu,student
6021,Jordan Nguyen,jordan.nguyen.6021@example.edu,student
6022,Taylor Nguyen,taylor.nguyen.6022@example.edu,student
6023,Morgan Nguyen,morgan.nguyen.6023@example.edu,student
6024,Riley Nguyen,riley.nguyen.6024@example.edu,instructor
6025,Casey Nguyen,casey.nguyen.6025@example.edu,student
6026,Quinn Nguyen,quinn.nguyen.6026@example.edu,student
6027,Jamie Nguyen,jamie.nguyen.6027@example.edu,student
6028,Avery Nguyen,avery.nguyen.6028@example.edu,student
6029,Dakota Nguyen,dakota.nguyen.6029@example.edu,student
6030,Rowan Nguyen,rowan.nguyen.6030@example.edu,student
6031,Skyler Nguyen,skyler.nguyen.6031@example.edu,student
6032,Parker Nguyen,parker.nguyen.6032@example.edu,student
6033,Reese Nguyen,reese.nguyen.6033@example.edu,student
6034,Kendall Nguyen,kendall.nguyen.6034@example.edu,student
6035,Hayden Nguyen,hayden.nguyen.6035@example.edu,student
6036,Emerson Nguyen,emerson.nguyen.6036@example.edu,student
6037,Finley Nguyen,finley.nguyen.6037@example.edu,student
6038,Logan Nguyen,logan.nguyen.6038@example.edu,student
6039,Micah Nguyen,micah.nguyen.6039@example.edu,student
6040,Alex Patel,alex.patel.6040@example.edu,student
6041,Jordan Patel,jordan.patel.6041@example.edu,student
6042,Taylor Patel,taylor.patel.6042@example.edu,student
6043,Morgan Patel,morgan.patel.6043@example.edu,student
6044,Riley Patel,riley.patel.6044@example.edu,student
6045,Casey Patel,casey.patel.6045@example.edu,student
6046,Quinn Patel,quinn.patel.6046@example.edu,student
6047,Jamie Patel,jamie.patel.6047@example.edu,student
6048,Avery Patel,avery.patel.6048@example.edu,student
6049,Dakota Patel,dakota.patel.6049@example.edu,student
6050,Rowan Patel,rowan.patel.6050@example.edu,student
6051,Skyler Patel,skyler.patel.6051@example.edu,student
6052,Parker Patel,parker.patel.6052@example.edu,student
6053,Reese Patel,reese.patel.6053@example.edu,student
6054,Kendall Patel,kendall.patel.6054@example.edu,student
6055,Hayden Patel,hayden.patel.6055@example.edu,student
6056,Emerson Patel,emerson.patel.6056@example.edu,student
6057,Finley Patel,finley.patel.6057@example.edu,student
6058,Logan Patel,logan.patel.6058@example.edu,student
6059,Micah Patel,micah.patel.6059@example.edu,student
6060,Alex Kim,alex.kim.6060@example.edu,student
6061,Jordan Kim,jordan.kim.6061@example.edu,student
6062,Taylor Kim,taylor.kim.6062@example.edu,student
6063,Morgan Kim,morgan.kim.6063@example.edu,student
6064,Riley Kim,riley.kim.6064@example.edu,student
6065,Casey Kim,casey.kim.6065@example.edu,student
6066,Quinn Kim,quinn.kim.6066@example.edu,student
6067,Jamie Kim,jamie.kim.6067@example.edu,student
6068,Avery Kim,avery.kim.6068@example.edu,student
6069,Dakota Kim,dakota.kim.6069@example.edu,student
6070,Rowan Kim,rowan.kim.6070@example.edu,student
6071,Skyler Kim,skyler.kim.6071@example.edu,student
6072,Parker Kim,parker.kim.6072@example.edu,student
6073,Reese Kim,reese.kim.6073@example.edu,student
6074,Kendall Kim,kendall.kim.6074@example.edu,student
6075,Hayden Kim,hayden.kim.6075@example.edu,student
6076,Emerson Kim,emerson.kim.6076@example.edu,student
6077,Finley Kim,finley.kim.6077@example.edu,student
6078,Logan Kim,logan.kim.6078@example.edu,student
6079,Micah Kim,micah.kim.6079@example.edu,student
6080,Alex Chen,alex.chen.6080@example.edu,student
6081,Jordan Chen,jordan.chen.6081@example.edu,student
6082,Taylor Chen,taylor.chen.6082@example.edu,student
6083,Morgan Chen,morgan.chen.6083@example.edu,student
6084,Riley Chen,riley.chen.6084@example.edu,student
6085,Casey Chen,casey.chen.6085@example.edu,student
6086,Quinn Chen,quinn.chen.6086@example.edu,student
6087,Jamie Chen,jamie.chen.6087@example.edu,student
6088,Avery Chen,avery.chen.6088@example.edu,student
6089,Dakota Chen,dakota.chen.6089@example.edu,instructor
6090,Rowan Chen,rowan.chen.6090@example.edu,student
6091,Skyler Chen,skyler.chen.6091@example.edu,student
6092,Parker Chen,parker.chen.6092@example.edu,student
6093,Reese Chen,reese.chen.6093@example.edu,student
6094,Kendall Chen,kendall.chen.6094@example.edu,student
6095,Hayden Chen,hayden.chen.6095@example.edu,student
6096,Emerson Chen,emerson.chen.6096@example.edu,student
6097,Finley Chen,finley.chen.6097@example.edu,student
6098,Logan Chen,logan.chen.6098@example.edu,student
6099,Micah Chen,micah.chen.6099@example.edu,student
6100,Alex Garcia,alex.garcia.6100@example.edu,student
6101,Jordan Garcia,jordan.garcia.6101@example.edu,student
6102,Taylor Garcia,taylor.garcia.6102@example.edu,student
6103,Morgan Garcia,morgan.garcia.6103@example.edu,student
6104,Riley Garcia,riley.garcia.6104@example.edu,student
6105,Casey Garcia,casey.garcia.6105@example.edu,student
6106,Quinn Garcia,quinn.garcia.6106@example.edu,student
6107,Jamie Garcia,jamie.garcia.6107@example.edu,student
6108,Avery Garcia,avery.garcia.6108@example.edu,student
6109,Dakota Garcia,dakota.garcia.6109@example.edu,student
6110,Rowan Garcia,rowan.garcia.6110@example.edu,student
6111,Skyler Garcia,skyler.garcia.6111@example.edu,student
6112,Parker Garcia,parker.garcia.6112@example.edu,student
6113,Reese Garcia,reese.garcia.6113@example.edu,student
6114,Kendall Garcia,kendall.garcia.6114@example.edu,student
6115,Hayden Garcia,hayden.garcia.6115@example.edu,student
6116,Emerson Garcia,emerson.garcia.6116@example.edu,student
6117,Finley Garcia,finley.garcia.6117@example.edu,student
6118,Logan Garcia,logan.garcia.6118@example.edu,student
6119,Micah Garcia,micah.garcia.6119@example.edu,student
6120,Alex Martinez,alex.martinez.6120@example.edu,student
6121,Jordan Martinez,jordan.martinez.6121@example.edu,student
6122,Taylor Martinez,taylor.martinez.6122@example.edu,student
6123,Morgan Martinez,morgan.martinez.6123@example.edu,student
6124,Riley Martinez,riley.martinez.6124@example.edu,student
6125,Casey Martinez,casey.martinez.6125@example.edu,student
6126,Quinn Martinez,quinn.martinez.6126@example.edu,student
6127,Jamie Martinez,jamie.martinez.6127@example.edu,student
6128,Avery Martinez,avery.martinez.6128@example.edu,student
6129,Dakota Martinez,dakota.martinez.6129@example.edu,student
6130,Rowan Martinez,rowan.martinez.6130@example.edu,instructor
6131,Skyler Martinez,skyler.martinez.6131@example.edu,student
6132,Parker Martinez,parker.martinez.6132@example.edu,student
6133,Reese Martinez,reese.martinez.6133@example.edu,student
6134,Kendall Martinez,kendall.martinez.6134@example.edu,student
6135,Hayden Martinez,hayden.martinez.6135@example.edu,student
6136,Emerson Martinez,emerson.martinez.6136@example.edu,student
6137,Finley Martinez,finley.martinez.6137@example.edu,student
6138,Logan Martinez,logan.martinez.6138@example.edu,student
6139,Micah Martinez,micah.martinez.6139@example.edu,student
6140,Alex Brown,alex.brown.6140@example.edu,student
6141,Jordan Brown,jordan.brown.6141@example.edu,student
6142,Taylor Brown,taylor.brown.6142@example.edu,student
6143,Morgan Brown,morgan.brown.6143@example.edu,student
6144,Riley Brown,riley.brown.6144@example.edu,student
6145,Casey Brown,casey.brown.6145@example.edu,student
6146,Quinn Brown,quinn.brown.6146@example.edu,student
6147,Jamie Brown,jamie.brown.6147@example.edu,student
6148,Avery Brown,avery.brown.6148@example.edu,student
6149,Dakota Brown,dakota.brown.6149@example.edu,student
6150,Rowan Brown,rowan.brown.6150@example.edu,student
6151,Skyler Brown,skyler.brown.6151@example.edu,student
6152,Parker Brown,parker.brown.6152@example.edu,student
6153,Reese Brown,reese.brown.6153@example.edu,student
6154,Kendall Brown,kendall.brown.6154@example.edu,student
6155,Hayden Brown,hayden.brown.6155@example.edu,student
6156,Emerson Brown,emerson.brown.6156@example.edu,student
6157,Finley Brown,finley.brown.6157@example.edu,student
6158,Logan Brown,logan.brown.6158@example.edu,student
6159,Micah Brown,micah.brown.6159@example.edu,student
6160,Alex Johnson,alex.johnson.6160@example.edu,student
6161,Jordan Johnson,jordan.johnson.6161@example.edu,student
6162,Taylor Johnson,taylor.johnson.6162@example.edu,student
6163,Morgan Johnson,morgan.johnson.6163@example.edu,student
6164,Riley Johnson,riley.johnson.6164@example.edu,student
6165,Casey Johnson,casey.johnson.6165@example.edu,student
6166,Quinn Johnson,quinn.johnson.6166@example.edu,student
6167,Jamie Johnson,jamie.johnson.6167@example.edu,student
6168,Avery Johnson,avery.johnson.6168@example.edu,student
6169,Dakota Johnson,dakota.johnson.6169@example.edu,student
6170,Rowan Johnson,rowan.johnson.6170@example.edu,student
6171,Skyler Johnson,skyler.johnson.6171@example.edu,student
6172,Parker Johnson,parker.johnson.6172@example.edu,student
6173,Reese Johnson,reese.johnson.6173@example.edu,student
6174,Kendall Johnson,kendall.johnson.6174@example.edu,instructor
6175,Hayden Johnson,hayden.johnson.6175@example.edu,student
6176,Emerson Johnson,emerson.johnson.6176@example.edu,student
6177,Finley Johnson,finley.johnson.6177@example.edu,student
6178,Logan Johnson,logan.johnson.6178@example.edu,student
6179,Micah Johnson,micah.johnson.6179@example.edu,student
6180,Alex Davis,alex.davis.6180@example.edu,student
6181,Jordan Davis,jordan.davis.6181@example.edu,student
6182,Taylor Davis,taylor.davis.6182@example.edu,student
6183,Morgan Davis,morgan.davis.6183@example.edu,student
6184,Riley Davis,riley.davis.6184@example.edu,student
6185,Casey Davis,casey.davis.6185@example.edu,student
6186,Quinn Davis,quinn.davis.6186@example.edu,student
6187,Jamie Davis,jamie.davis.6187@example.edu,student
6188,Avery Davis,avery.davis.6188@example.edu,student
6189,Dakota Davis,dakota.davis.6189@example.edu,student
6190,Rowan Davis,rowan.davis.6190@example.edu,student
6191,Skyler Davis,skyler.davis.6191@example.edu,student
6192,Parker Davis,parker.davis.6192@example.edu,student
6193,Reese Davis,reese.davis.6193@example.edu,student
6194,Kendall Davis,kendall.davis.6194@example.edu,student
6195,Hayden Davis,hayden.davis.6195@example.edu,student
6196,Emerson Davis,emerson.davis.6196@example.edu,student
6197,Finley Davis,finley.davis.6197@example.edu,student
6198,Logan Davis,logan.davis.6198@example.edu,student
6199,Micah Davis,micah.davis.6199@example.edu,student
6200,Alex Miller,alex.miller.6200@example.edu,student
6201,Jordan Miller,jordan.miller.6201@example.edu,student
6202,Taylor Miller,taylor.miller.6202@example.edu,student
6203,Morgan Miller,morgan.miller.6203@example.edu,student
6204,Riley Miller,riley.miller.6204@example.edu,student
6205,Casey Miller,casey.miller.6205@example.edu,student
6206,Quinn Miller,quinn.miller.6206@example.edu,student
6207,Jamie Miller,jamie.miller.6207@example.edu,student
6208,Avery Miller,avery.miller.6208@example.edu,student
6209,Dakota Miller,dakota.miller.6209@example.edu,student
6210,Rowan Miller,rowan.miller.6210@example.edu,student
6211,Skyler Miller,skyler.miller.6211@example.edu,instructor
6212,Parker Miller,parker.miller.6212@example.edu,student
6213,Reese Miller,reese.miller.6213@example.edu,student
6214,Kendall Miller,kendall.miller.6214@example.edu,student
6215,Hayden Miller,hayden.miller.6215@example.edu,student
6216,Emerson Miller,emerson.miller.6216@example.edu,student
6217,Finley Miller,finley.miller.6217@example.edu,student
6218,Logan Miller,logan.miller.6218@example.edu,student
6219,Micah Miller,micah.miller.6219@example.edu,student
6220,Alex Wilson,alex.wilson.6220@example.edu,student
6221,Jordan Wilson,jordan.wilson.6221@example.edu,student
6222,Taylor Wilson,taylor.wilson.6222@example.edu,student
6223,Morgan Wilson,morgan.wilson.6223@example.edu,student
6224,Riley Wilson,riley.wilson.6224@example.edu,student
6225,Casey Wilson,casey.wilson.6225@example.edu,student
6226,Quinn Wilson,quinn.wilson.6226@example.edu,student
6227,Jamie Wilson,jamie.wilson.6227@example.edu,student
6228,Avery Wilson,avery.wilson.6228@example.edu,student
6229,Dakota Wilson,dakota.wilson.6229@example.edu,student
6230,Rowan Wilson,rowan.wilson.6230@example.edu,student
6231,Skyler Wilson,skyler.wilson.6231@example.edu,student
6232,Parker Wilson,parker.wilson.6232@example.edu,student
6233,Reese Wilson,reese.wilson.6233@example.edu,student
6234,Kendall Wilson,kendall.wilson.6234@example.edu,student
6235,Hayden Wilson,hayden.wilson.6235@example.edu,student
6236,Emerson Wilson,emerson.wilson.6236@example.edu,student
6237,Finley Wilson,finley.wilson.6237@example.edu,student
6238,Logan Wilson,logan.wilson.6238@example.edu,student
6239,Micah Wilson,micah.wilson.6239@example.edu,student
6240,Alex Moore,alex.moore.6240@example.edu,student
6241,Jordan Moore,jordan.moore.6241@example.edu,student
6242,Taylor Moore,taylor.moore.6242@example.edu,student
6243,Morgan Moore,morgan.moore.6243@example.edu,student
6244,Riley Moore,riley.moore.6244@example.edu,student
6245,Casey Moore,casey.moore.6245@example.edu,student
6246,Quinn Moore,quinn.moore.6246@example.edu,student
6247,Jamie Moore,jamie.moore.6247@example.edu,student
6248,Avery Moore,avery.moore.6248@example.edu,student
6249,Dakota Moore,dakota.moore.6249@example.edu,student
6250,Rowan Moore,rowan.moore.6250@example.edu,student
6251,Skyler Moore,skyler.moore.6251@example.edu,student
6252,Parker Moore,parker.moore.6252@example.edu,student
6253,Reese Moore,reese.moore.6253@example.edu,student
6254,Kendall Moore,kendall.moore.6254@example.edu,student
6255,Hayden Moore,hayden.moore.6255@example.edu,student
6256,Emerson Moore,emerson.moore.6256@example.edu,student
6257,Finley Moore,finley.moore.6257@example.edu,student
6258,Logan Moore,logan.moore.6258@example.edu,student
6259,Micah Moore,micah.moore.6259@example.edu,student
6260,Alex Taylor,alex.taylor.6260@example.edu,student
6261,Jordan Taylor,jordan.taylor.6261@example.edu,student
6262,Taylor Taylor,taylor.taylor.6262@example.edu,student
6263,Morgan Taylor,morgan.taylor.6263@example.edu,student
6264,Riley Taylor,riley.taylor.6264@example.edu,student
6265,Casey Taylor,casey.taylor.6265@example.edu,student
6266,Quinn Taylor,quinn.taylor.6266@example.edu,student
6267,Jamie Taylor,jamie.taylor.6267@example.edu,student
6268,Avery Taylor,avery.taylor.6268@example.edu,student
6269,Dakota Taylor,dakota.taylor.6269@example.edu,student
6270,Rowan Taylor,rowan.taylor.6270@example.edu,instructor
6271,Skyler Taylor,skyler.taylor.6271@example.edu,student
6272,Parker Taylor,parker.taylor.6272@example.edu,student
6273,Reese Taylor,reese.taylor.6273@example.edu,student
6274,Kendall Taylor,kendall.taylor.6274@example.edu,student
6275,Hayden Taylor,hayden.taylor.6275@example.edu,student
6276,Emerson Taylor,emerson.taylor.6276@example.edu,student
6277,Finley Taylor,finley.taylor.6277@example.edu,student
6278,Logan Taylor,logan.taylor.6278@example.edu,student
6279,Micah Taylor,micah.taylor.6279@example.edu,student
6280,Alex Anderson,alex.anderson.6280@example.edu,student
6281,Jordan Anderson,jordan.anderson.6281@example.edu,student
6282,Taylor Anderson,taylor.anderson.6282@example.edu,student
6283,Morgan Anderson,morgan.anderson.6283@example.edu,student
6284,Riley Anderson,riley.anderson.6284@example.edu,student
6285,Casey Anderson,casey.anderson.6285@example.edu,student
6286,Quinn Anderson,quinn.anderson.6286@example.edu,student
6287,Jamie Anderson,jamie.anderson.6287@example.edu,student
6288,Avery Anderson,avery.anderson.6288@example.edu,student
6289,Dakota Anderson,dakota.anderson.6289@example.edu,student
6290,Rowan Anderson,rowan.anderson.6290@example.edu,student
6291,Skyler Anderson,skyler.anderson.6291@example.edu,student
6292,Parker Anderson,parker.anderson.6292@example.edu,student
6293,Reese Anderson,reese.anderson.6293@example.edu,student
6294,Kendall Anderson,kendall.anderson.6294@example.edu,student
6295,Hayden Anderson,hayden.anderson.6295@example.edu,student
6296,Emerson Anderson,emerson.anderson.6296@example.edu,student
6297,Finley Anderson,finley.anderson.6297@example.edu,student
6298,Logan Anderson,logan.anderson.6298@example.edu,student
6299,Micah Anderson,micah.anderson.6299@example.edu,student
6300,Alex Thomas,alex.thomas.6300@example.edu,student
6301,Jordan Thomas,jordan.thomas.6301@example.edu,student
6302,Taylor Thomas,taylor.thomas.6302@example.edu,student
6303,Morgan Thomas,morgan.thomas.6303@example.edu,student
6304,Riley Thomas,riley.thomas.6304@example.edu,student
6305,Casey Thomas,casey.thomas.6305@example.edu,student
6306,Quinn Thomas,quinn.thomas.6306@example.edu,student
6307,Jamie Thomas,jamie.thomas.6307@example.edu,student
6308,Avery Thomas,avery.thomas.6308@example.edu,student
6309,Dakota Thomas,dakota.thomas.6309@example.edu,student
6310,Rowan Thomas,rowan.thomas.6310@example.edu,student
6311,Skyler Thomas,skyler.thomas.6311@example.edu,student
6312,Parker Thomas,parker.thomas.6312@example.edu,student
6313,Reese Thomas,reese.thomas.6313@example.edu,student
6314,Kendall Thomas,kendall.thomas.6314@example.edu,student
6315,Hayden Thomas,hayden.thomas.6315@example.edu,student
6316,Emerson Thomas,emerson.thomas.6316@example.edu,student
6317,Finley Thomas,finley.thomas.6317@example.edu,student
6318,Logan Thomas,logan.thomas.6318@example.edu,instructor
6319,Micah Thomas,micah.thomas.6319@example.edu,student
6320,Alex Jackson,alex.jackson.6320@example.edu,student
6321,Jordan Jackson,jordan.jackson.6321@example.edu,student
6322,Taylor Jackson,taylor.jackson.6322@example.edu,student
6323,Morgan Jackson,morgan.jackson.6323@example.edu,student
6324,Riley Jackson,riley.jackson.6324@example.edu,student
6325,Casey Jackson,casey.jackson.6325@example.edu,student
6326,Quinn Jackson,quinn.jackson.6326@example.edu,student
6327,Jamie Jackson,jamie.jackson.6327@example.edu,student
6328,Avery Jackson,avery.jackson.6328@example.edu,student
6329,Dakota Jackson,dakota.jackson.6329@example.edu,student
6330,Rowan Jackson,rowan.jackson.6330@example.edu,student
6331,Skyler Jackson,skyler.jackson.6331@example.edu,student
6332,Parker Jackson,parker.jackson.6332@example.edu,student
6333,Reese Jackson,reese.jackson.6333@example.edu,student
6334,Kendall Jackson,kendall.jackson.6334@example.edu,student
6335,Hayden Jackson,hayden.jackson.6335@example.edu,student
6336,Emerson Jackson,emerson.jackson.6336@example.edu,student
6337,Finley Jackson,finley.jackson.6337@example.edu,student
6338,Logan Jackson,logan.jackson.6338@example.edu,student
6339,Micah Jackson,micah.jackson.6339@example.edu,student
6340,Alex White,alex.white.6340@example.edu,student
6341,Jordan White,jordan.white.6341@example.edu,student
6342,Taylor White,taylor.white.6342@example.edu,student
6343,Morgan White,morgan.white.6343@example.edu,student
6344,Riley White,riley.white.6344@example.edu,student
6345,Casey White,casey.white.6345@example.edu,student
6346,Quinn White,quinn.white.6346@example.edu,student
6347,Jamie White,jamie.white.6347@example.edu,student
6348,Avery White,avery.white.6348@example.edu,student
6349,Dakota White,dakota.white.6349@example.edu,student
6350,Rowan White,rowan.white.6350@example.edu,student
6351,Skyler White,skyler.white.6351@example.edu,student
6352,Parker White,parker.white.6352@example.edu,student
6353,Reese White,reese.white.6353@example.edu,student
6354,Kendall White,kendall.white.6354@example.edu,student
6355,Hayden White,hayden.white.6355@example.edu,student
6356,Emerson White,emerson.white.6356@example.edu,student
6357,Finley White,finley.white.6357@example.edu,student
6358,Logan White,logan.white.6358@example.edu,student
6359,Micah White,micah.white.6359@example.edu,student
6360,Alex Harris,alex.harris.6360@example.edu,student
6361,Jordan Harris,jordan.harris.6361@example.edu,student
6362,Taylor Harris,taylor.harris.6362@example.edu,student
6363,Morgan Harris,morgan.harris.6363@example.edu,student
6364,Riley Harris,riley.harris.6364@example.edu,student
6365,Casey Harris,casey.harris.6365@example.edu,student
6366,Quinn Harris,quinn.harris.6366@example.edu,student
6367,Jamie Harris,jamie.harris.6367@example.edu,student
6368,Avery Harris,avery.harris.6368@example.edu,student
6369,Dakota Harris,dakota.harris.6369@example.edu,student
6370,Rowan Harris,rowan.harris.6370@example.edu,student
6371,Skyler Harris,skyler.harris.6371@example.edu,student
6372,Parker Harris,parker.harris.6372@example.edu,student
6373,Reese Harris,reese.harris.6373@example.edu,student
6374,Kendall Harris,kendall.harris.6374@example.edu,student
6375,Hayden Harris,hayden.harris.6375@example.edu,student
6376,Emerson Harris,emerson.harris.6376@example.edu,student
6377,Finley Harris,finley.harris.6377@example.edu,student
6378,Logan Harris,logan.harris.6378@example.edu,student
6379,Micah Harris,micah.harris.6379@example.edu,student
6380,Alex Martin,alex.martin.6380@example.edu,student
6381,Jordan Martin,jordan.martin.6381@example.edu,student
6382,Taylor Martin,taylor.martin.6382@example.edu,student
6383,Morgan Martin,morgan.martin.6383@example.edu,student
6384,Riley Martin,riley.martin.6384@example.edu,student
6385,Casey Martin,casey.martin.6385@example.edu,student
6386,Quinn Martin,quinn.martin.6386@example.edu,student
6387,Jamie Martin,jamie.martin.6387@example.edu,student
6388,Avery Martin,avery.martin.6388@example.edu,student
6389,Dakota Martin,dakota.martin.6389@example.edu,student
6390,Rowan Martin,rowan.martin.6390@example.edu,student
6391,Skyler Martin,skyler.martin.6391@example.edu,student
6392,Parker Martin,parker.martin.6392@example.edu,instructor
6393,Reese Martin,reese.martin.6393@example.edu,student
6394,Kendall Martin,kendall.martin.6394@example.edu,student
6395,Hayden Martin,hayden.martin.6395@example.edu,student
6396,Emerson Martin,emerson.martin.6396@example.edu,student
6397,Finley Martin,finley.martin.6397@example.edu,student
6398,Logan Martin,logan.martin.6398@example.edu,student
6399,Micah Martin,micah.martin.6399@example.edu,student
6400,Alex Rivera,alex.rivera.6400@example.edu,student
6401,Jordan Rivera,jordan.rivera.6401@example.edu,student
6402,Taylor Rivera,taylor.rivera.6402@example.edu,student
6403,Morgan Rivera,morgan.rivera.6403@example.edu,student
6404,Riley Rivera,riley.rivera.6404@example.edu,student
6405,Casey Rivera,casey.rivera.6405@example.edu,student
6406,Quinn Rivera,quinn.rivera.6406@example.edu,student
6407,Jamie Rivera,jamie.rivera.6407@example.edu,student
6408,Avery Rivera,avery.rivera.6408@example.edu,student
6409,Dakota Rivera,dakota.rivera.6409@example.edu,student
6410,Rowan Rivera,rowan.rivera.6410@example.edu,student
6411,Skyler Rivera,skyler.rivera.6411@example.edu,student
6412,Parker Rivera,parker.rivera.6412@example.edu,student
6413,Reese Rivera,reese.rivera.6413@example.edu,student
6414,Kendall Rivera,kendall.rivera.6414@example.edu,student
6415,Hayden Rivera,hayden.rivera.6415@example.edu,student
6416,Emerson Rivera,emerson.rivera.6416@example.edu,student
6417,Finley Rivera,finley.rivera.6417@example.edu,student
6418,Logan Rivera,logan.rivera.6418@example.edu,student
6419,Micah Rivera,micah.rivera.6419@example.edu,student
6420,Alex Nguyen,alex.nguyen.6420@example.edu,student
6421,Jordan Nguyen,jordan.nguyen.6421@example.edu,student
6422,Taylor Nguyen,taylor.nguyen.6422@example.edu,student
6423,Morgan Nguyen,morgan.nguyen.6423@example.edu,student
6424,Riley Nguyen,riley.nguyen.6424@example.edu,student
6425,Casey Nguyen,casey.nguyen.6425@example.edu,student
6426,Quinn Nguyen,quinn.nguyen.6426@example.edu,student
6427,Jamie Nguyen,jamie.nguyen.6427@example.edu,student
6428,Avery Nguyen,avery.nguyen.6428@example.edu,student
6429,Dakota Nguyen,dakota.nguyen.6429@example.edu,student
6430,Rowan Nguyen,rowan.nguyen.6430@example.edu,student
6431,Skyler Nguyen,skyler.nguyen.6431@example.edu,instructor
6432,Parker Nguyen,parker.nguyen.6432@example.edu,student
6433,Reese Nguyen,reese.nguyen.6433@example.edu,student
6434,Kendall Nguyen,kendall.nguyen.6434@example.edu,student
6435,Hayden Nguyen,hayden.nguyen.6435@example.edu,student
6436,Emerson Nguyen,emerson.nguyen.6436@example.edu,student
6437,Finley Nguyen,finley.nguyen.6437@example.edu,student
6438,Logan Nguyen,logan.nguyen.6438@example.edu,student
6439,Micah Nguyen,micah.nguyen.6439@example.edu,student
6440,Alex Patel,alex.patel.6440@example.edu,student
6441,Jordan Patel,jordan.patel.6441@example.edu,student
6442,Taylor Patel,taylor.patel.6442@example.edu,student
6443,Morgan Patel,morgan.patel.6443@example.edu,student
6444,Riley Patel,riley.patel.6444@example.edu,student
6445,Casey Patel,casey.patel.6445@example.edu,student
6446,Quinn Patel,quinn.patel.6446@example.edu,student
6447,Jamie Patel,jamie.patel.6447@example.edu,student
6448,Avery Patel,avery.patel.6448@example.edu,student
6449,Dakota Patel,dakota.patel.6449@example.edu,student
6450,Rowan Patel,rowan.patel.6450@example.edu,student
6451,Skyler Patel,skyler.patel.6451@example.edu,student
6452,Parker Patel,parker.patel.6452@example.edu,student
6453,Reese Patel,reese.patel.6453@example.edu,student
6454,Kendall Patel,kendall.patel.6454@example.edu,student
6455,Hayden Patel,hayden.patel.6455@example.edu,student
6456,Emerson Patel,emerson.patel.6456@example.edu,student
6457,Finley Patel,finley.patel.6457@example.edu,student
6458,Logan Patel,logan.patel.6458@example.edu,student
6459,Micah Patel,micah.patel.6459@example.edu,student
6460,Alex Kim,alex.kim.6460@example.edu,student
6461,Jordan Kim,jordan.kim.6461@example.edu,student
6462,Taylor Kim,taylor.kim.6462@example.edu,student
6463,Morgan Kim,morgan.kim.6463@example.edu,student
6464,Riley Kim,riley.kim.6464@example.edu,student
6465,Casey Kim,casey.kim.6465@example.edu,student
6466,Quinn Kim,quinn.kim.6466@example.edu,student
6467,Jamie Kim,jamie.kim.6467@example.edu,student
6468,Avery Kim,avery.kim.6468@example.edu,student
6469,Dakota Kim,dakota.kim.6469@example.edu,student
6470,Rowan Kim,rowan.kim.6470@example.edu,student
6471,Skyler Kim,skyler.kim.6471@example.edu,student
6472,Parker Kim,parker.kim.6472@example.edu,student
6473,Reese Kim,reese.kim.6473@example.edu,student
6474,Kendall Kim,kendall.kim.6474@example.edu,student
6475,Hayden Kim,hayden.kim.6475@example.edu,student
6476,Emerson Kim,emerson.kim.6476@example.edu,student
6477,Finley Kim,finley.kim.6477@example.edu,student
6478,Logan Kim,logan.kim.6478@example.edu,student
6479,Micah Kim,micah.kim.6479@example.edu,student
6480,Alex Chen,alex.chen.6480@example.edu,student
6481,Jordan Chen,jordan.chen.6481@example.edu,student
6482,Taylor Chen,taylor.chen.6482@example.edu,student
6483,Morgan Chen,morgan.chen.6483@example.edu,student
6484,Riley Chen,riley.chen.6484@example.edu,student
6485,Casey Chen,casey.chen.6485@example.edu,student
6486,Quinn Chen,quinn.chen.6486@example.edu,student
6487,Jamie Chen,jamie.chen.6487@example.edu,student
6488,Avery Chen,avery.chen.6488@example.edu,student
6489,Dakota Chen,dakota.chen.6489@example.edu,student
6490,Rowan Chen,rowan.chen.6490@example.edu,student
6491,Skyler Chen,skyler.chen.6491@example.edu,student
6492,Parker Chen,parker.chen.6492@example.edu,student
6493,Reese Chen,reese.chen.6493@example.edu,student
6494,Kendall Chen,kendall.chen.6494@example.edu,student
6495,Hayden Chen,hayden.chen.6495@example.edu,student
6496,Emerson Chen,emerson.chen.6496@example.edu,student
6497,Finley Chen,finley.chen.6497@example.edu,student
6498,Logan Chen,logan.chen.6498@example.edu,student
6499,Micah Chen,micah.chen.6499@example.edu,student
6500,Alex Garcia,alex.garcia.6500@example.edu,student
6501,Jordan Garcia,jordan.garcia.6501@example.edu,student
6502,Taylor Garcia,taylor.garcia.6502@example.edu,student
6503,Morgan Garcia,morgan.garcia.6503@example.edu,student
6504,Riley Garcia,riley.garcia.6504@example.edu,student
6505,Casey Garcia,casey.garcia.6505@example.edu,student
6506,Quinn Garcia,quinn.garcia.6506@example.edu,student
6507,Jamie Garcia,jamie.garcia.6507@example.edu,student
6508,Avery Garcia,avery.garcia.6508@example.edu,student
6509,Dakota Garcia,dakota.garcia.6509@example.edu,student
6510,Rowan Garcia,rowan.garcia.6510@example.edu,instructor
6511,Skyler Garcia,skyler.garcia.6511@example.edu,student
6512,Parker Garcia,parker.garcia.6512@example.edu,student
6513,Reese Garcia,reese.garcia.6513@example.edu,student
6514,Kendall Garcia,kendall.garcia.6514@example.edu,student
6515,Hayden Garcia,hayden.garcia.6515@example.edu,student
6516,Emerson Garcia,emerson.garcia.6516@example.edu,student
6517,Finley Garcia,finley.garcia.6517@example.edu,student
6518,Logan Garcia,logan.garcia.6518@example.edu,student
6519,Micah Garcia,micah.garcia.6519@example.edu,student
6520,Alex Martinez,alex.martinez.6520@example.edu,student
6521,Jordan Martinez,jordan.martinez.6521@example.edu,student
6522,Taylor Martinez,taylor.martinez.6522@example.edu,student
6523,Morgan Martinez,morgan.martinez.6523@example.edu,student
6524,Riley Martinez,riley.martinez.6524@example.edu,student
6525,Casey Martinez,casey.martinez.6525@example.edu,student
6526,Quinn Martinez,quinn.martinez.6526@example.edu,student
6527,Jamie Martinez,jamie.martinez.6527@example.edu,student
6528,Avery Martinez,avery.martinez.6528@example.edu,student
6529,Dakota Martinez,dakota.martinez.6529@example.edu,student
6530,Rowan Martinez,rowan.martinez.6530@example.edu,student
6531,Skyler Martinez,skyler.martinez.6531@example.edu,student
6532,Parker Martinez,parker.martinez.6532@example.edu,student
6533,Reese Martinez,reese.martinez.6533@example.edu,student
6534,Kendall Martinez,kendall.martinez.6534@example.edu,student
6535,Hayden Martinez,hayden.martinez.6535@example.edu,student
6536,Emerson Martinez,emerson.martinez.6536@example.edu,student
6537,Finley Martinez,finley.martinez.6537@example.edu,student
6538,Logan Martinez,logan.martinez.6538@example.edu,student
6539,Micah Martinez,micah.martinez.6539@example.edu,student
6540,Alex Brown,alex.brown.6540@example.edu,student
6541,Jordan Brown,jordan.brown.6541@example.edu,student
6542,Taylor Brown,taylor.brown.6542@example.edu,student
6543,Morgan Brown,morgan.brown.6543@example.edu,student
6544,Riley Brown,riley.brown.6544@example.edu,student
6545,Casey Brown,casey.brown.6545@example.edu,student
6546,Quinn Brown,quinn.brown.6546@example.edu,student
6547,Jamie Brown,jamie.brown.6547@example.edu,student
6548,Avery Brown,avery.brown.6548@example.edu,student
6549,Dakota Brown,dakota.brown.6549@example.edu,student
6550,Rowan Brown,rowan.brown.6550@example.edu,student
6551,Skyler Brown,skyler.brown.6551@example.edu,student
6552,Parker Brown,parker.brown.6552@example.edu,student
6553,Reese Brown,reese.brown.6553@example.edu,student
6554,Kendall Brown,kendall.brown.6554@example.edu,student
6555,Hayden Brown,hayden.brown.6555@example.edu,student
6556,Emerson Brown,emerson.brown.6556@example.edu,student
6557,Finley Brown,finley.brown.6557@example.edu,student
6558,Logan Brown,logan.brown.6558@example.edu,student
6559,Micah Brown,micah.brown.6559@example.edu,student
6560,Alex Johnson,alex.johnson.6560@example.edu,student
6561,Jordan Johnson,jordan.johnson.6561@example.edu,student
6562,Taylor Johnson,taylor.johnson.6562@example.edu,student
6563,Morgan Johnson,morgan.johnson.6563@example.edu,student
6564,Riley Johnson,riley.johnson.6564@example.edu,student
6565,Casey Johnson,casey.johnson.6565@example.edu,student
6566,Quinn Johnson,quinn.johnson.6566@example.edu,student
6567,Jamie Johnson,jamie.johnson.6567@example.edu,student
6568,Avery Johnson,avery.johnson.6568@example.edu,student
6569,Dakota Johnson,dakota.johnson.6569@example.edu,student
6570,Rowan Johnson,rowan.johnson.6570@example.edu,student
6571,Skyler Johnson,skyler.johnson.6571@example.edu,student
6572,Parker Johnson,parker.johnson.6572@example.edu,student
6573,Reese Johnson,reese.johnson.6573@example.edu,student
6574,Kendall Johnson,kendall.johnson.6574@example.edu,student
6575,Hayden Johnson,hayden.johnson.6575@example.edu,student
6576,Emerson Johnson,emerson.johnson.6576@example.edu,student
6577,Finley Johnson,finley.johnson.6577@example.edu,student
6578,Logan Johnson,logan.johnson.6578@example.edu,student
6579,Micah Johnson,micah.johnson.6579@example.edu,student
6580,Alex Davis,alex.davis.6580@example.edu,instructor
6581,Jordan Davis,jordan.davis.6581@example.edu,student
6582,Taylor Davis,taylor.davis.6582@example.edu,student
6583,Morgan Davis,morgan.davis.6583@example.edu,student
6584,Riley Davis,riley.davis.6584@example.edu,student
6585,Casey Davis,casey.davis.6585@example.edu,student
6586,Quinn Davis,quinn.davis.6586@example.edu,student
6587,Jamie Davis,jamie.davis.6587@example.edu,student
6588,Avery Davis,avery.davis.6588@example.edu,student
6589,Dakota Davis,dakota.davis.6589@example.edu,student
6590,Rowan Davis,rowan.davis.6590@example.edu,student
6591,Skyler Davis,skyler.davis.6591@example.edu,student
6592,Parker Davis,parker.davis.6592@example.edu,student
6593,Reese Davis,reese.davis.6593@example.edu,student
6594,Kendall Davis,kendall.davis.6594@example.edu,student
6595,Hayden Davis,hayden.davis.6595@example.edu,student
6596,Emerson Davis,emerson.davis.6596@example.edu,student
6597,Finley Davis,finley.davis.6597@example.edu,student
6598,Logan Davis,logan.davis.6598@example.edu,student
6599,Micah Davis,micah.davis.6599@example.edu,student
6600,Alex Miller,alex.miller.6600@example.edu,student
6601,Jordan Miller,jordan.miller.6601@example.edu,student
6602,Taylor Miller,taylor.miller.6602@example.edu,student
6603,Morgan Miller,morgan.miller.6603@example.edu,student
6604,Riley Miller,riley.miller.6604@example.edu,student
6605,Casey Miller,casey.miller.6605@example.edu,student
6606,Quinn Miller,quinn.miller.6606@example.edu,student
6607,Jamie Miller,jamie.miller.6607@example.edu,student
6608,Avery Miller,avery.miller.6608@example.edu,student
6609,Dakota Miller,dakota.miller.6609@example.edu,student
6610,Rowan Miller,rowan.miller.6610@example.edu,student
6611,Skyler Miller,skyler.miller.6611@example.edu,student
6612,Parker Miller,parker.miller.6612@example.edu,student
6613,Reese Miller,reese.miller.6613@example.edu,student
6614,Kendall Miller,kendall.miller.6614@example.edu,student
6615,Hayden Miller,hayden.miller.6615@example.edu,student
6616,Emerson Miller,emerson.miller.6616@example.edu,student
6617,Finley Miller,finley.miller.6617@example.edu,student
6618,Logan Miller,logan.miller.6618@example.edu,student
6619,Micah Miller,micah.miller.6619@example.edu,student
6620,Alex Wilson,alex.wilson.6620@example.edu,student
6621,Jordan Wilson,jordan.wilson.6621@example.edu,student
6622,Taylor Wilson,taylor.wilson.6622@example.edu,student
6623,Morgan Wilson,morgan.wilson.6623@example.edu,student
6624,Riley Wilson,riley.wilson.6624@example.edu,student
6625,Casey Wilson,casey.wilson.6625@example.edu,student
6626,Quinn Wilson,quinn.wilson.6626@example.edu,student
6627,Jamie Wilson,jamie.wilson.6627@example.edu,student
6628,Avery Wilson,avery.wilson.6628@example.edu,student
6629,Dakota Wilson,dakota.wilson.6629@example.edu,student
6630,Rowan Wilson,rowan.wilson.6630@example.edu,student
6631,Skyler Wilson,skyler.wilson.6631@example.edu,student
6632,Parker Wilson,parker.wilson.6632@example.edu,student
6633,Reese Wilson,reese.wilson.6633@example.edu,student
6634,Kendall Wilson,kendall.wilson.6634@example.edu,student
6635,Hayden Wilson,hayden.wilson.6635@example.edu,student
6636,Emerson Wilson,emerson.wilson.6636@example.edu,student
6637,Finley Wilson,finley.wilson.6637@example.edu,student
6638,Logan Wilson,logan.wilson.6638@example.edu,student
6639,Micah Wilson,micah.wilson.6639@example.edu,student
6640,Alex Moore,alex.moore.6640@example.edu,student
6641,Jordan Moore,jordan.moore.6641@example.edu,student
6642,Taylor Moore,taylor.moore.6642@example.edu,instructor
6643,Morgan Moore,morgan.moore.6643@example.edu,student
6644,Riley Moore,riley.moore.6644@example.edu,student
6645,Casey Moore,casey.moore.6645@example.edu,student
6646,Quinn Moore,quinn.moore.6646@example.edu,student
6647,Jamie Moore,jamie.moore.6647@example.edu,student
6648,Avery Moore,avery.moore.6648@example.edu,student
6649,Dakota Moore,dakota.moore.6649@example.edu,student
6650,Rowan Moore,rowan.moore.6650@example.edu,student
6651,Skyler Moore,skyler.moore.6651@example.edu,student
6652,Parker Moore,parker.moore.6652@example.edu,student
6653,Reese Moore,reese.moore.6653@example.edu,student
6654,Kendall Moore,kendall.moore.6654@example.edu,student
6655,Hayden Moore,hayden.moore.6655@example.edu,student
6656,Emerson Moore,emerson.moore.6656@example.edu,student
6657,Finley Moore,finley.moore.6657@example.edu,student
6658,Logan Moore,logan.moore.6658@example.edu,student
6659,Micah Moore,micah.moore.6659@example.edu,student
6660,Alex Taylor,alex.taylor.6660@example.edu,student
6661,Jordan Taylor,jordan.taylor.6661@example.edu,student
6662,Taylor Taylor,taylor.taylor.6662@example.edu,student
6663,Morgan Taylor,morgan.taylor.6663@example.edu,student
6664,Riley Taylor,riley.taylor.6664@example.edu,student
6665,Casey Taylor,casey.taylor.6665@example.edu,student
6666,Quinn Taylor,quinn.taylor.6666@example.edu,student
6667,Jamie Taylor,jamie.taylor.6667@example.edu,student
6668,Avery Taylor,avery.taylor.6668@example.edu,student
6669,Dakota Taylor,dakota.taylor.6669@example.edu,student
6670,Rowan Taylor,rowan.taylor.6670@example.edu,student
6671,Skyler Taylor,skyler.taylor.6671@example.edu,student
6672,Parker Taylor,parker.taylor.6672@example.edu,student
6673,Reese Taylor,reese.taylor.6673@example.edu,student
6674,Kendall Taylor,kendall.taylor.6674@example.edu,student
6675,Hayden Taylor,hayden.taylor.6675@example.edu,student
6676,Emerson Taylor,emerson.taylor.6676@example.edu,student
6677,Finley Taylor,finley.taylor.6677@example.edu,student
6678,Logan Taylor,logan.taylor.6678@example.edu,student
6679,Micah Taylor,micah.taylor.6679@example.edu,student
6680,Alex Anderson,alex.anderson.6680@example.edu,student
6681,Jordan Anderson,jordan.anderson.6681@example.edu,student
6682,Taylor Anderson,taylor.anderson.6682@example.edu,student
6683,Morgan Anderson,morgan.anderson.6683@example.edu,student
6684,Riley Anderson,riley.anderson.6684@example.edu,student
6685,Casey Anderson,casey.anderson.6685@example.edu,student
6686,Quinn Anderson,quinn.anderson.6686@example.edu,student
6687,Jamie Anderson,jamie.anderson.6687@example.edu,student
6688,Avery Anderson,avery.anderson.6688@example.edu,student
6689,Dakota Anderson,dakota.anderson.6689@example.edu,student
6690,Rowan Anderson,rowan.anderson.6690@example.edu,student
6691,Skyler Anderson,skyler.anderson.6691@example.edu,student
6692,Parker Anderson,parker.anderson.6692@example.edu,student
6693,Reese Anderson,reese.anderson.6693@example.edu,student
6694,Kendall Anderson,kendall.anderson.6694@example.edu,instructor
6695,Hayden Anderson,hayden.anderson.6695@example.edu,student
6696,Emerson Anderson,emerson.anderson.6696@example.edu,student
6697,Finley Anderson,finley.anderson.6697@example.edu,student
6698,Logan Anderson,logan.anderson.6698@example.edu,student
6699,Micah Anderson,micah.anderson.6699@example.edu,student
6700,Alex Thomas,alex.thomas.6700@example.edu,student
6701,Jordan Thomas,jordan.thomas.6701@example.edu,student
6702,Taylor Thomas,taylor.thomas.6702@example.edu,student
6703,Morgan Thomas,morgan.thomas.6703@example.edu,student
6704,Riley Thomas,riley.thomas.6704@example.edu,student
6705,Casey Thomas,casey.thomas.6705@example.edu,student
6706,Quinn Thomas,quinn.thomas.6706@example.edu,student
6707,Jamie Thomas,jamie.thomas.6707@example.edu,student
6708,Avery Thomas,avery.thomas.6708@example.edu,student
6709,Dakota Thomas,dakota.thomas.6709@example.edu,student
6710,Rowan Thomas,rowan.thomas.6710@example.edu,student
6711,Skyler Thomas,skyler.thomas.6711@example.edu,student
6712,Parker Thomas,parker.thomas.6712@example.edu,student
6713,Reese Thomas,reese.thomas.6713@example.edu,student
6714,Kendall Thomas,kendall.thomas.6714@example.edu,student
6715,Hayden Thomas,hayden.thomas.6715@example.edu,student
6716,Emerson Thomas,emerson.thomas.6716@example.edu,student
6717,Finley Thomas,finley.thomas.6717@example.edu,student
6718,Logan Thomas,logan.thomas.6718@example.edu,student
6719,Micah Thomas,micah.thomas.6719@example.edu,student
6720,Alex Jackson,alex.jackson.6720@example.edu,student
6721,Jordan Jackson,jordan.jackson.6721@example.edu,student
6722,Taylor Jackson,taylor.jackson.6722@example.edu,student
6723,Morgan Jackson,morgan.jackson.6723@example.edu,student
6724,Riley Jackson,riley.jackson.6724@example.edu,student
6725,Casey Jackson,casey.jackson.6725@example.edu,student
6726,Quinn Jackson,quinn.jackson.6726@example.edu,student
6727,Jamie Jackson,jamie.jackson.6727@example.edu,student
6728,Avery Jackson,avery.jackson.6728@example.edu,student
6729,Dakota Jackson,dakota.jackson.6729@example.edu,student
6730,Rowan Jackson,rowan.jackson.6730@example.edu,student
6731,Skyler Jackson,skyler.jackson.6731@example.edu,student
6732,Parker Jackson,parker.jackson.6732@example.edu,student
6733,Reese Jackson,reese.jackson.6733@example.edu,student
6734,Kendall Jackson,kendall.jackson.6734@example.edu,student
6735,Hayden Jackson,hayden.jackson.6735@example.edu,student
6736,Emerson Jackson,emerson.jackson.6736@example.edu,student
6737,Finley Jackson,finley.jackson.6737@example.edu,student
6738,Logan Jackson,logan.jackson.6738@example.edu,student
6739,Micah Jackson,micah.jackson.6739@example.edu,student
6740,Alex White,alex.white.6740@example.edu,student
6741,Jordan White,jordan.white.6741@example.edu,student
6742,Taylor White,taylor.white.6742@example.edu,student
6743,Morgan White,morgan.white.6743@example.edu,student
6744,Riley White,riley.white.6744@example.edu,student
6745,Casey White,casey.white.6745@example.edu,student
6746,Quinn White,quinn.white.6746@example.edu,student
6747,Jamie White,jamie.white.6747@example.edu,student
6748,Avery White,avery.white.6748@example.edu,student
6749,Dakota White,dakota.white.6749@example.edu,student
6750,Rowan White,rowan.white.6750@example.edu,student
6751,Skyler White,skyler.white.6751@example.edu,student
6752,Parker White,parker.white.6752@example.edu,student
6753,Reese White,reese.white.6753@example.edu,student
6754,Kendall White,kendall.white.6754@example.edu,student
6755,Hayden White,hayden.white.6755@example.edu,student
6756,Emerson White,emerson.white.6756@example.edu,student
6757,Finley White,finley.white.6757@example.edu,student
6758,Logan White,logan.white.6758@example.edu,student
6759,Micah White,micah.white.6759@example.edu,student
6760,Alex Harris,alex.harris.6760@example.edu,student
6761,Jordan Harris,jordan.harris.6761@example.edu,student
6762,Taylor Harris,taylor.harris.6762@example.edu,instructor
6763,Morgan Harris,morgan.harris.6763@example.edu,student
6764,Riley Harris,riley.harris.6764@example.edu,student
6765,Casey Harris,casey.harris.6765@example.edu,student
6766,Quinn Harris,quinn.harris.6766@example.edu,student
6767,Jamie Harris,jamie.harris.6767@example.edu,student
6768,Avery Harris,avery.harris.6768@example.edu,student
6769,Dakota Harris,dakota.harris.6769@example.edu,student
6770,Rowan Harris,rowan.harris.6770@example.edu,student
6771,Skyler Harris,skyler.harris.6771@example.edu,student
6772,Parker Harris,parker.harris.6772@example.edu,student
6773,Reese Harris,reese.harris.6773@example.edu,student
6774,Kendall Harris,kendall.harris.6774@example.edu,student
6775,Hayden Harris,hayden.harris.6775@example.edu,student
6776,Emerson Harris,emerson.harris.6776@example.edu,student
6777,Finley Harris,finley.harris.6777@example.edu,student
6778,Logan Harris,logan.harris.6778@example.edu,student
6779,Micah Harris,micah.harris.6779@example.edu,student
6780,Alex Martin,alex.martin.6780@example.edu,student
6781,Jordan Martin,jordan.martin.6781@example.edu,student
6782,Taylor Martin,taylor.martin.6782@example.edu,student
6783,Morgan Martin,morgan.martin.6783@example.edu,student
6784,Riley Martin,riley.martin.6784@example.edu,student
6785,Casey Martin,casey.martin.6785@example.edu,student
6786,Quinn Martin,quinn.martin.6786@example.edu,student
6787,Jamie Martin,jamie.martin.6787@example.edu,student
6788,Avery Martin,avery.martin.6788@example.edu,student
6789,Dakota Martin,dakota.martin.6789@example.edu,student
6790,Rowan Martin,rowan.martin.6790@example.edu,student
6791,Skyler Martin,skyler.martin.6791@example.edu,student
6792,Parker Martin,parker.martin.6792@example.edu,student
6793,Reese Martin,reese.martin.6793@example.edu,student
6794,Kendall Martin,kendall.martin.6794@example.edu,student
6795,Hayden Martin,hayden.martin.6795@example.edu,student
6796,Emerson Martin,emerson.martin.6796@example.edu,student
6797,Finley Martin,finley.martin.6797@example.edu,student
6798,Logan Martin,logan.martin.6798@example.edu,student
6799,Micah Martin,micah.martin.6799@example.edu,student
6800,Alex Rivera,alex.rivera.6800@example.edu,student
6801,Jordan Rivera,jordan.rivera.6801@example.edu,student
6802,Taylor Rivera,taylor.rivera.6802@example.edu,student
6803,Morgan Rivera,morgan.rivera.6803@example.edu,student
6804,Riley Rivera,riley.rivera.6804@example.edu,student
6805,Casey Rivera,casey.rivera.6805@example.edu,student
6806,Quinn Rivera,quinn.rivera.6806@example.edu,student
6807,Jamie Rivera,jamie.rivera.6807@example.edu,student
6808,Avery Rivera,avery.rivera.6808@example.edu,student
6809,Dakota Rivera,dakota.rivera.6809@example.edu,student
6810,Rowan Rivera,rowan.rivera.6810@example.edu,student
6811,Skyler Rivera,skyler.rivera.6811@example.edu,student
6812,Parker Rivera,parker.rivera.6812@example.edu,student
6813,Reese Rivera,reese.rivera.6813@example.edu,student
6814,Kendall Rivera,kendall.rivera.6814@example.edu,student
6815,Hayden Rivera,hayden.rivera.6815@example.edu,instructor
6816,Emerson Rivera,emerson.rivera.6816@example.edu,student
6817,Finley Rivera,finley.rivera.6817@example.edu,student
6818,Logan Rivera,logan.rivera.6818@example.edu,student
6819,Micah Rivera,micah.rivera.6819@example.edu,student
6820,Alex Nguyen,alex.nguyen.6820@example.edu,student
6821,Jordan Nguyen,jordan.nguyen.6821@example.edu,student
6822,Taylor Nguyen,taylor.nguyen.6822@example.edu,student
6823,Morgan Nguyen,morgan.nguyen.6823@example.edu,student
6824,Riley Nguyen,riley.nguyen.6824@example.edu,student
6825,Casey Nguyen,casey.nguyen.6825@example.edu,student
6826,Quinn Nguyen,quinn.nguyen.6826@example.edu,student
6827,Jamie Nguyen,jamie.nguyen.6827@example.edu,student
6828,Avery Nguyen,avery.nguyen.6828@example.edu,student
6829,Dakota Nguyen,dakota.nguyen.6829@example.edu,student
6830,Rowan Nguyen,rowan.nguyen.6830@example.edu,student
6831,Skyler Nguyen,skyler.nguyen.6831@example.edu,student
6832,Parker Nguyen,parker.nguyen.6832@example.edu,student
6833,Reese Nguyen,reese.nguyen.6833@example.edu,student
6834,Kendall Nguyen,kendall.nguyen.6834@example.edu,student
6835,Hayden Nguyen,hayden.nguyen.6835@example.edu,student
6836,Emerson Nguyen,emerson.nguyen.6836@example.edu,student
6837,Finley Nguyen,finley.nguyen.6837@example.edu,student
6838,Logan Nguyen,logan.nguyen.6838@example.edu,student
6839,Micah Nguyen,micah.nguyen.6839@example.edu,student
6840,Alex Patel,alex.patel.6840@example.edu,student
6841,Jordan Patel,jordan.patel.6841@example.edu,student
6842,Taylor Patel,taylor.patel.6842@example.edu,student
6843,Morgan Patel,morgan.patel.6843@example.edu,student
6844,Riley Patel,riley.patel.6844@example.edu,student
6845,Casey Patel,casey.patel.6845@example.edu,student
6846,Quinn Patel,quinn.patel.6846@example.edu,student
6847,Jamie Patel,jamie.patel.6847@example.edu,student
6848,Avery Patel,avery.patel.6848@example.edu,student
6849,Dakota Patel,dakota.patel.6849@example.edu,student
6850,Rowan Patel,rowan.patel.6850@example.edu,student
6851,Skyler Patel,skyler.patel.6851@example.edu,student
6852,Parker Patel,parker.patel.6852@example.edu,student
6853,Reese Patel,reese.patel.6853@example.edu,student
6854,Kendall Patel,kendall.patel.6854@example.edu,student
6855,Hayden Patel,hayden.patel.6855@example.edu,student
6856,Emerson Patel,emerson.patel.6856@example.edu,instructor
6857,Finley Patel,finley.patel.6857@example.edu,student
6858,Logan Patel,logan.patel.6858@example.edu,student
6859,Micah Patel,micah.patel.6859@example.edu,student
6860,Alex Kim,alex.kim.6860@example.edu,student
6861,Jordan Kim,jordan.kim.6861@example.edu,student
6862,Taylor Kim,taylor.kim.6862@example.edu,student
6863,Morgan Kim,morgan.kim.6863@example.edu,student
6864,Riley Kim,riley.kim.6864@example.edu,student
6865,Casey Kim,casey.kim.6865@example.edu,student
6866,Quinn Kim,quinn.kim.6866@example.edu,student
6867,Jamie Kim,jamie.kim.6867@example.edu,student
6868,Avery Kim,avery.kim.6868@example.edu,student
6869,Dakota Kim,dakota.kim.6869@example.edu,student
6870,Rowan Kim,rowan.kim.6870@example.edu,student
6871,Skyler Kim,skyler.kim.6871@example.edu,student
6872,Parker Kim,parker.kim.6872@example.edu,student
6873,Reese Kim,reese.kim.6873@example.edu,student
6874,Kendall Kim,kendall.kim.6874@example.edu,student
6875,Hayden Kim,hayden.kim.6875@example.edu,student
6876,Emerson Kim,emerson.kim.6876@example.edu,student
6877,Finley Kim,finley.kim.6877@example.edu,student
6878,Logan Kim,logan.kim.6878@example.edu,student
6879,Micah Kim,micah.kim.6879@example.edu,student
6880,Alex Chen,alex.chen.6880@example.edu,student
6881,Jordan Chen,jordan.chen.6881@example.edu,student
6882,Taylor Chen,taylor.chen.6882@example.edu,student
6883,Morgan Chen,morgan.chen.6883@example.edu,student
6884,Riley Chen,riley.chen.6884@example.edu,student
6885,Casey Chen,casey.chen.6885@example.edu,student
6886,Quinn Chen,quinn.chen.6886@example.edu,student
6887,Jamie Chen,jamie.chen.6887@example.edu,student
6888,Avery Chen,avery.chen.6888@example.edu,student
6889,Dakota Chen,dakota.chen.6889@example.edu,student
6890,Rowan Chen,rowan.chen.6890@example.edu,student
6891,Skyler Chen,skyler.chen.6891@example.edu,student
6892,Parker Chen,parker.chen.6892@example.edu,student
6893,Reese Chen,reese.chen.6893@example.edu,student
6894,Kendall Chen,kendall.chen.6894@example.edu,student
6895,Hayden Chen,hayden.chen.6895@example.edu,student
6896,Emerson Chen,emerson.chen.6896@example.edu,student
6897,Finley Chen,finley.chen.6897@example.edu,student
6898,Logan Chen,logan.chen.6898@example.edu,student
6899,Micah Chen,micah.chen.6899@example.edu,student
6900,Alex Garcia,alex.garcia.6900@example.edu,student
6901,Jordan Garcia,jordan.garcia.6901@example.edu,student
6902,Taylor Garcia,taylor.garcia.6902@example.edu,student
6903,Morgan Garcia,morgan.garcia.6903@example.edu,student
6904,Riley Garcia,riley.garcia.6904@example.edu,student
6905,Casey Garcia,casey.garcia.6905@example.edu,student
6906,Quinn Garcia,quinn.garcia.6906@example.edu,student
6907,Jamie Garcia,jamie.garcia.6907@example.edu,student
6908,Avery Garcia,avery.garcia.6908@example.edu,student
6909,Dakota Garcia,dakota.garcia.6909@example.edu,instructor
6910,Rowan Garcia,rowan.garcia.6910@example.edu,student
6911,Skyler Garcia,skyler.garcia.6911@example.edu,student
6912,Parker Garcia,parker.garcia.6912@example.edu,student
6913,Reese Garcia,reese.garcia.6913@example.edu,student
6914,Kendall Garcia,kendall.garcia.6914@example.edu,student
6915,Hayden Garcia,hayden.garcia.6915@example.edu,student
6916,Emerson Garcia,emerson.garcia.6916@example.edu,student
6917,Finley Garcia,finley.garcia.6917@example.edu,student
6918,Logan Garcia,logan.garcia.6918@example.edu,student
6919,Micah Garcia,micah.garcia.6919@example.edu,student
6920,Alex Martinez,alex.martinez.6920@example.edu,student
6921,Jordan Martinez,jordan.martinez.6921@example.edu,student
6922,Taylor Martinez,taylor.martinez.6922@example.edu,student
6923,Morgan Martinez,morgan.martinez.6923@example.edu,student
6924,Riley Martinez,riley.martinez.6924@example.edu,student
6925,Casey Martinez,casey.martinez.6925@example.edu,student
6926,Quinn Martinez,quinn.martinez.6926@example.edu,student
6927,Jamie Martinez,jamie.martinez.6927@example.edu,student
6928,Avery Martinez,avery.martinez.6928@example.edu,student
6929,Dakota Martinez,dakota.martinez.6929@example.edu,student
6930,Rowan Martinez,rowan.martinez.6930@example.edu,student
6931,Skyler Martinez,skyler.martinez.6931@example.edu,student
6932,Parker Martinez,parker.martinez.6932@example.edu,student
6933,Reese Martinez,reese.martinez.6933@example.edu,student
6934,Kendall Martinez,kendall.martinez.6934@example.edu,student
6935,Hayden Martinez,hayden.martinez.6935@example.edu,student
6936,Emerson Martinez,emerson.martinez.6936@example.edu,student
6937,Finley Martinez,finley.martinez.6937@example.edu,student
6938,Logan Martinez,logan.martinez.6938@example.edu,student
6939,Micah Martinez,micah.martinez.6939@example.edu,student
6940,Alex Brown,alex.brown.6940@example.edu,student
6941,Jordan Brown,jordan.brown.6941@example.edu,student
6942,Taylor Brown,taylor.brown.6942@example.edu,student
6943,Morgan Brown,morgan.brown.6943@example.edu,student
6944,Riley Brown,riley.brown.6944@example.edu,student
6945,Casey Brown,casey.brown.6945@example.edu,student
6946,Quinn Brown,quinn.brown.6946@example.edu,student
6947,Jamie Brown,jamie.brown.6947@example.edu,student
6948,Avery Brown,avery.brown.6948@example.edu,student
6949,Dakota Brown,dakota.brown.6949@example.edu,instructor
6950,Rowan Brown,rowan.brown.6950@example.edu,student
6951,Skyler Brown,skyler.brown.6951@example.edu,student
6952,Parker Brown,parker.brown.6952@example.edu,student
6953,Reese Brown,reese.brown.6953@example.edu,student
6954,Kendall Brown,kendall.brown.6954@example.edu,student
6955,Hayden Brown,hayden.brown.6955@example.edu,student
6956,Emerson Brown,emerson.brown.6956@example.edu,student
6957,Finley Brown,finley.brown.6957@example.edu,student
6958,Logan Brown,logan.brown.6958@example.edu,student
6959,Micah Brown,micah.brown.6959@example.edu,student
6960,Alex Johnson,alex.johnson.6960@example.edu,student
6961,Jordan Johnson,jordan.johnson.6961@example.edu,student
6962,Taylor Johnson,taylor.johnson.6962@example.edu,student
6963,Morgan Johnson,morgan.johnson.6963@example.edu,student
6964,Riley Johnson,riley.johnson.6964@example.edu,student
6965,Casey Johnson,casey.johnson.6965@example.edu,student
6966,Quinn Johnson,quinn.johnson.6966@example.edu,student
6967,Jamie Johnson,jamie.johnson.6967@example.edu,student
6968,Avery Johnson,avery.johnson.6968@example.edu,student
6969,Dakota Johnson,dakota.johnson.6969@example.edu,student
6970,Rowan Johnson,rowan.johnson.6970@example.edu,student
6971,Skyler Johnson,skyler.johnson.6971@example.edu,student
6972,Parker Johnson,parker.johnson.6972@example.edu,student
6973,Reese Johnson,reese.johnson.6973@example.edu,student
6974,Kendall Johnson,kendall.johnson.6974@example.edu,student
6975,Hayden Johnson,hayden.johnson.6975@example.edu,student
6976,Emerson Johnson,emerson.johnson.6976@example.edu,student
6977,Finley Johnson,finley.johnson.6977@example.edu,student
6978,Logan Johnson,logan.johnson.6978@example.edu,student
6979,Micah Johnson,micah.johnson.6979@example.edu,student
6980,Alex Davis,alex.davis.6980@example.edu,student
6981,Jordan Davis,jordan.davis.6981@example.edu,student
6982,Taylor Davis,taylor.davis.6982@example.edu,student
6983,Morgan Davis,morgan.davis.6983@example.edu,student
6984,Riley Davis,riley.davis.6984@example.edu,student
6985,Casey Davis,casey.davis.6985@example.edu,student
6986,Quinn Davis,quinn.davis.6986@example.edu,student
6987,Jamie Davis,jamie.davis.6987@example.edu,student
6988,Avery Davis,avery.davis.6988@example.edu,student
6989,Dakota Davis,dakota.davis.6989@example.edu,instructor
6990,Rowan Davis,rowan.davis.6990@example.edu,student
6991,Skyler Davis,skyler.davis.6991@example.edu,student
6992,Parker Davis,parker.davis.6992@example.edu,student
6993,Reese Davis,reese.davis.6993@example.edu,student
6994,Kendall Davis,kendall.davis.6994@example.edu,student
6995,Hayden Davis,hayden.davis.6995@example.edu,student
6996,Emerson Davis,emerson.davis.6996@example.edu,student
6997,Finley Davis,finley.davis.6997@example.edu,student
6998,Logan Davis,logan.davis.6998@example.edu,student
6999,Micah Davis,micah.davis.6999@example.edu,student
7000,Alex Miller,alex.miller.7000@example.edu,student
7001,Jordan Miller,jordan.miller.7001@example.edu,student
7002,Taylor Miller,taylor.miller.7002@example.edu,student
7003,Morgan Miller,morgan.miller.7003@example.edu,student
7004,Riley Miller,riley.miller.7004@example.edu,student
7005,Casey Miller,casey.miller.7005@example.edu,student
7006,Quinn Miller,quinn.miller.7006@example.edu,student
7007,Jamie Miller,jamie.miller.7007@example.edu,student
7008,Avery Miller,avery.miller.7008@example.edu,student
7009,Dakota Miller,dakota.miller.7009@example.edu,student
7010,Rowan Miller,rowan.miller.7010@example.edu,student
7011,Skyler Miller,skyler.miller.7011@example.edu,student
7012,Parker Miller,parker.miller.7012@example.edu,student
7013,Reese Miller,reese.miller.7013@example.edu,student
7014,Kendall Miller,kendall.miller.7014@example.edu,student
7015,Hayden Miller,hayden.miller.7015@example.edu,student
7016,Emerson Miller,emerson.miller.7016@example.edu,student
7017,Finley Miller,finley.miller.7017@example.edu,student
7018,Logan Miller,logan.miller.7018@example.edu,student
7019,Micah Miller,micah.miller.7019@example.edu,student
7020,Alex Wilson,alex.wilson.7020@example.edu,student
7021,Jordan Wilson,jordan.wilson.7021@example.edu,student
7022,Taylor Wilson,taylor.wilson.7022@example.edu,student
7023,Morgan Wilson,morgan.wilson.7023@example.edu,student
7024,Riley Wilson,riley.wilson.7024@example.edu,student
7025,Casey Wilson,casey.wilson.7025@example.edu,student
7026,Quinn Wilson,quinn.wilson.7026@example.edu,student
7027,Jamie Wilson,jamie.wilson.7027@example.edu,student
7028,Avery Wilson,avery.wilson.7028@example.edu,student
7029,Dakota Wilson,dakota.wilson.7029@example.edu,student
7030,Rowan Wilson,rowan.wilson.7030@example.edu,student
7031,Skyler Wilson,skyler.wilson.7031@example.edu,student
7032,Parker Wilson,parker.wilson.7032@example.edu,student
7033,Reese Wilson,reese.wilson.7033@example.edu,student
7034,Kendall Wilson,kendall.wilson.7034@example.edu,student
7035,Hayden Wilson,hayden.wilson.7035@example.edu,student
7036,Emerson Wilson,emerson.wilson.7036@example.edu,student
7037,Finley Wilson,finley.wilson.7037@example.edu,student
7038,Logan Wilson,logan.wilson.7038@example.edu,student
7039,Micah Wilson,micah.wilson.7039@example.edu,student
7040,Alex Moore,alex.moore.7040@example.edu,student
7041,Jordan Moore,jordan.moore.7041@example.edu,student
7042,Taylor Moore,taylor.moore.7042@example.edu,student
7043,Morgan Moore,morgan.moore.7043@example.edu,student
7044,Riley Moore,riley.moore.7044@example.edu,student
7045,Casey Moore,casey.moore.7045@example.edu,student
7046,Quinn Moore,quinn.moore.7046@example.edu,student
7047,Jamie Moore,jamie.moore.7047@example.edu,student
7048,Avery Moore,avery.moore.7048@example.edu,student
7049,Dakota Moore,dakota.moore.7049@example.edu,student
7050,Rowan Moore,rowan.moore.7050@example.edu,student
7051,Skyler Moore,skyler.moore.7051@example.edu,student
7052,Parker Moore,parker.moore.7052@example.edu,student
7053,Reese Moore,reese.moore.7053@example.edu,student
7054,Kendall Moore,kendall.moore.7054@example.edu,student
7055,Hayden Moore,hayden.moore.7055@example.edu,student
7056,Emerson Moore,emerson.moore.7056@example.edu,student
7057,Finley Moore,finley.moore.7057@example.edu,student
7058,Logan Moore,logan.moore.7058@example.edu,student
7059,Micah Moore,micah.moore.7059@example.edu,student
7060,Alex Taylor,alex.taylor.7060@example.edu,student
7061,Jordan Taylor,jordan.taylor.7061@example.edu,instructor
7062,Taylor Taylor,taylor.taylor.7062@example.edu,student
7063,Morgan Taylor,morgan.taylor.7063@example.edu,student
7064,Riley Taylor,riley.taylor.7064@example.edu,student
7065,Casey Taylor,casey.taylor.7065@example.edu,student
7066,Quinn Taylor,quinn.taylor.7066@example.edu,student
7067,Jamie Taylor,jamie.taylor.7067@example.edu,student
7068,Avery Taylor,avery.taylor.7068@example.edu,student
7069,Dakota Taylor,dakota.taylor.7069@example.edu,student
7070,Rowan Taylor,rowan.taylor.7070@example.edu,student
7071,Skyler Taylor,skyler.taylor.7071@example.edu,student
7072,Parker Taylor,parker.taylor.7072@example.edu,student
7073,Reese Taylor,reese.taylor.7073@example.edu,student
7074,Kendall Taylor,kendall.taylor.7074@example.edu,student
7075,Hayden Taylor,hayden.taylor.7075@example.edu,student
7076,Emerson Taylor,emerson.taylor.7076@example.edu,student
7077,Finley Taylor,finley.taylor.7077@example.edu,student
7078,Logan Taylor,logan.taylor.7078@example.edu,student
7079,Micah Taylor,micah.taylor.7079@example.edu,student
7080,Alex Anderson,alex.anderson.7080@example.edu,student
7081,Jordan Anderson,jordan.anderson.7081@example.edu,student
7082,Taylor Anderson,taylor.anderson.7082@example.edu,student
7083,Morgan Anderson,morgan.anderson.7083@example.edu,student
7084,Riley Anderson,riley.anderson.7084@example.edu,student
7085,Casey Anderson,casey.anderson.7085@example.edu,student
7086,Quinn Anderson,quinn.anderson.7086@example.edu,student
7087,Jamie Anderson,jamie.anderson.7087@example.edu,student
7088,Avery Anderson,avery.anderson.7088@example.edu,student
7089,Dakota Anderson,dakota.anderson.7089@example.edu,student
7090,Rowan Anderson,rowan.anderson.7090@example.edu,student
7091,Skyler Anderson,skyler.anderson.7091@example.edu,student
7092,Parker Anderson,parker.anderson.7092@example.edu,student
7093,Reese Anderson,reese.anderson.7093@example.edu,student
7094,Kendall Anderson,kendall.anderson.7094@example.edu,student
7095,Hayden Anderson,hayden.anderson.7095@example.edu,student
7096,Emerson Anderson,emerson.anderson.7096@example.edu,student
7097,Finley Anderson,finley.anderson.7097@example.edu,student
7098,Logan Anderson,logan.anderson.7098@example.edu,student
7099,Micah Anderson,micah.anderson.7099@example.edu,student
7100,Alex Thomas,alex.thomas.7100@example.edu,student
7101,Jordan Thomas,jordan.thomas.7101@example.edu,student
7102,Taylor Thomas,taylor.thomas.7102@example.edu,student
7103,Morgan Thomas,morgan.thomas.7103@example.edu,student
7104,Riley Thomas,riley.thomas.7104@example.edu,student
7105,Casey Thomas,casey.thomas.7105@example.edu,student
7106,Quinn Thomas,quinn.thomas.7106@example.edu,student
7107,Jamie Thomas,jamie.thomas.7107@example.edu,student
7108,Avery Thomas,avery.thomas.7108@example.edu,student
7109,Dakota Thomas,dakota.thomas.7109@example.edu,student
7110,Rowan Thomas,rowan.thomas.7110@example.edu,student
7111,Skyler Thomas,skyler.thomas.7111@example.edu,student
7112,Parker Thomas,parker.thomas.7112@example.edu,student
7113,Reese Thomas,reese.thomas.7113@example.edu,student
7114,Kendall Thomas,kendall.thomas.7114@example.edu,student
7115,Hayden Thomas,hayden.thomas.7115@example.edu,student
7116,Emerson Thomas,emerson.thomas.7116@example.edu,student
7117,Finley Thomas,finley.thomas.7117@example.edu,student
7118,Logan Thomas,logan.thomas.7118@example.edu,student
7119,Micah Thomas,micah.thomas.7119@example.edu,student
7120,Alex Jackson,alex.jackson.7120@example.edu,student
7121,Jordan Jackson,jordan.jackson.7121@example.edu,student
7122,Taylor Jackson,taylor.jackson.7122@example.edu,student
7123,Morgan Jackson,morgan.jackson.7123@example.edu,student
7124,Riley Jackson,riley.jackson.7124@example.edu,instructor
7125,Casey Jackson,casey.jackson.7125@example.edu,student
7126,Quinn Jackson,quinn.jackson.7126@example.edu,student
7127,Jamie Jackson,jamie.jackson.7127@example.edu,student
7128,Avery Jackson,avery.jackson.7128@example.edu,student
7129,Dakota Jackson,dakota.jackson.7129@example.edu,student
7130,Rowan Jackson,rowan.jackson.7130@example.edu,student
7131,Skyler Jackson,skyler.jackson.7131@example.edu,student
7132,Parker Jackson,parker.jackson.7132@example.edu,student
7133,Reese Jackson,reese.jackson.7133@example.edu,student
7134,Kendall Jackson,kendall.jackson.7134@example.edu,student
7135,Hayden Jackson,hayden.jackson.7135@example.edu,student
7136,Emerson Jackson,emerson.jackson.7136@example.edu,student
7137,Finley Jackson,finley.jackson.7137@example.edu,student
7138,Logan Jackson,logan.jackson.7138@example.edu,student
7139,Micah Jackson,micah.jackson.7139@example.edu,student
7140,Alex White,alex.white.7140@example.edu,student
7141,Jordan White,jordan.white.7141@example.edu,student
7142,Taylor White,taylor.white.7142@example.edu,student
7143,Morgan White,morgan.white.7143@example.edu,student
7144,Riley White,riley.white.7144@example.edu,student
7145,Casey White,casey.white.7145@example.edu,student
7146,Quinn White,quinn.white.7146@example.edu,student
7147,Jamie White,jamie.white.7147@example.edu,student
7148,Avery White,avery.white.7148@example.edu,student
7149,Dakota White,dakota.white.7149@example.edu,student
7150,Rowan White,rowan.white.7150@example.edu,student
7151,Skyler White,skyler.white.7151@example.edu,student
7152,Parker White,parker.white.7152@example.edu,student
7153,Reese White,reese.white.7153@example.edu,student
7154,Kendall White,kendall.white.7154@example.edu,student
7155,Hayden White,hayden.white.7155@example.edu,student
7156,Emerson White,emerson.white.7156@example.edu,student
7157,Finley White,finley.white.7157@example.edu,student
7158,Logan White,logan.white.7158@example.edu,student
7159,Micah White,micah.white.7159@example.edu,student
7160,Alex Harris,alex.harris.7160@example.edu,student
7161,Jordan Harris,jordan.harris.7161@example.edu,student
7162,Taylor Harris,taylor.harris.7162@example.edu,student
7163,Morgan Harris,morgan.harris.7163@example.edu,student
7164,Riley Harris,riley.harris.7164@example.edu,student
7165,Casey Harris,casey.harris.7165@example.edu,student
7166,Quinn Harris,quinn.harris.7166@example.edu,student
7167,Jamie Harris,jamie.harris.7167@example.edu,student
7168,Avery Harris,avery.harris.7168@example.edu,student
7169,Dakota Harris,dakota.harris.7169@example.edu,student
7170,Rowan Harris,rowan.harris.7170@example.edu,student
7171,Skyler Harris,skyler.harris.7171@example.edu,student
7172,Parker Harris,parker.harris.7172@example.edu,student
7173,Reese Harris,reese.harris.7173@example.edu,student
7174,Kendall Harris,kendall.harris.7174@example.edu,student
7175,Hayden Harris,hayden.harris.7175@example.edu,student
7176,Emerson Harris,emerson.harris.7176@example.edu,student
7177,Finley Harris,finley.harris.7177@example.edu,student
7178,Logan Harris,logan.harris.7178@example.edu,student
7179,Micah Harris,micah.harris.7179@example.edu,student
7180,Alex Martin,alex.martin.7180@example.edu,student
7181,Jordan Martin,jordan.martin.7181@example.edu,student
7182,Taylor Martin,taylor.martin.7182@example.edu,student
7183,Morgan Martin,morgan.martin.7183@example.edu,student
7184,Riley Martin,riley.martin.7184@example.edu,student
7185,Casey Martin,casey.martin.7185@example.edu,student
7186,Quinn Martin,quinn.martin.7186@example.edu,student
7187,Jamie Martin,jamie.martin.7187@example.edu,student
7188,Avery Martin,avery.martin.7188@example.edu,student
7189,Dakota Martin,dakota.martin.7189@example.edu,student
7190,Rowan Martin,rowan.martin.7190@example.edu,student
7191,Skyler Martin,skyler.martin.7191@example.edu,student
7192,Parker Martin,parker.martin.7192@example.edu,student
7193,Reese Martin,reese.martin.7193@example.edu,student
7194,Kendall Martin,kendall.martin.7194@example.edu,student
7195,Hayden Martin,hayden.martin.7195@example.edu,instructor
7196,Emerson Martin,emerson.martin.7196@example.edu,student
7197,Finley Martin,finley.martin.7197@example.edu,student
7198,Logan Martin,logan.martin.7198@example.edu,student
7199,Micah Martin,micah.martin.7199@example.edu,student
7200,Alex Rivera,alex.rivera.7200@example.edu,student
7201,Jordan Rivera,jordan.rivera.7201@example.edu,student
7202,Taylor Rivera,taylor.rivera.7202@example.edu,student
7203,Morgan Rivera,morgan.rivera.7203@example.edu,student
7204,Riley Rivera,riley.rivera.7204@example.edu,student
7205,Casey Rivera,casey.rivera.7205@example.edu,student
7206,Quinn Rivera,quinn.rivera.7206@example.edu,student
7207,Jamie Rivera,jamie.rivera.7207@example.edu,student
7208,Avery Rivera,avery.rivera.7208@example.edu,student
7209,Dakota Rivera,dakota.rivera.7209@example.edu,student
7210,Rowan Rivera,rowan.rivera.7210@example.edu,student
7211,Skyler Rivera,skyler.rivera.7211@example.edu,student
7212,Parker Rivera,parker.rivera.7212@example.edu,student
7213,Reese Rivera,reese.rivera.7213@example.edu,student
7214,Kendall Rivera,kendall.rivera.7214@example.edu,student
7215,Hayden Rivera,hayden.rivera.7215@example.edu,student
7216,Emerson Rivera,emerson.rivera.7216@example.edu,student
7217,Finley Rivera,finley.rivera.7217@example.edu,student
7218,Logan Rivera,logan.rivera.7218@example.edu,student
7219,Micah Rivera,micah.rivera.7219@example.edu,student
7220,Alex Nguyen,alex.nguyen.7220@example.edu,student
7221,Jordan Nguyen,jordan.nguyen.7221@example.edu,student
7222,Taylor Nguyen,taylor.nguyen.7222@example.edu,student
7223,Morgan Nguyen,morgan.nguyen.7223@example.edu,student
7224,Riley Nguyen,riley.nguyen.7224@example.edu,student
7225,Casey Nguyen,casey.nguyen.7225@example.edu,student
7226,Quinn Nguyen,quinn.nguyen.7226@example.edu,student
7227,Jamie Nguyen,jamie.nguyen.7227@example.edu,student
7228,Avery Nguyen,avery.nguyen.7228@example.edu,student
7229,Dakota Nguyen,dakota.nguyen.7229@example.edu,student
7230,Rowan Nguyen,rowan.nguyen.7230@example.edu,student
7231,Skyler Nguyen,skyler.nguyen.7231@example.edu,student
7232,Parker Nguyen,parker.nguyen.7232@example.edu,student
7233,Reese Nguyen,reese.nguyen.7233@example.edu,student
7234,Kendall Nguyen,kendall.nguyen.7234@example.edu,student
7235,Hayden Nguyen,hayden.nguyen.7235@example.edu,student
7236,Emerson Nguyen,emerson.nguyen.7236@example.edu,student
7237,Finley Nguyen,finley.nguyen.7237@example.edu,student
7238,Logan Nguyen,logan.nguyen.7238@example.edu,student
7239,Micah Nguyen,micah.nguyen.7239@example.edu,student
7240,Alex Patel,alex.patel.7240@example.edu,student
7241,Jordan Patel,jordan.patel.7241@example.edu,student
7242,Taylor Patel,taylor.patel.7242@example.edu,student
7243,Morgan Patel,morgan.patel.7243@example.edu,student
7244,Riley Patel,riley.patel.7244@example.edu,student
7245,Casey Patel,casey.patel.7245@example.edu,student
7246,Quinn Patel,quinn.patel.7246@example.edu,student
7247,Jamie Patel,jamie.patel.7247@example.edu,student
7248,Avery Patel,avery.patel.7248@example.edu,student
7249,Dakota Patel,dakota.patel.7249@example.edu,student
7250,Rowan Patel,rowan.patel.7250@example.edu,student
7251,Skyler Patel,skyler.patel.7251@example.edu,student
7252,Parker Patel,parker.patel.7252@example.edu,student
7253,Reese Patel,reese.patel.7253@example.edu,student
7254,Kendall Patel,kendall.patel.7254@example.edu,student
7255,Hayden Patel,hayden.patel.7255@example.edu,student
7256,Emerson Patel,emerson.patel.7256@example.edu,student
7257,Finley Patel,finley.patel.7257@example.edu,instructor
7258,Logan Patel,logan.patel.7258@example.edu,student
7259,Micah Patel,micah.patel.7259@example.edu,student
7260,Alex Kim,alex.kim.7260@example.edu,student
7261,Jordan Kim,jordan.kim.7261@example.edu,student
7262,Taylor Kim,taylor.kim.7262@example.edu,student
7263,Morgan Kim,morgan.kim.7263@example.edu,student
7264,Riley Kim,riley.kim.7264@example.edu,student
7265,Casey Kim,casey.kim.7265@example.edu,student
7266,Quinn Kim,quinn.kim.7266@example.edu,student
7267,Jamie Kim,jamie.kim.7267@example.edu,student
7268,Avery Kim,avery.kim.7268@example.edu,student
7269,Dakota Kim,dakota.kim.7269@example.edu,student
7270,Rowan Kim,rowan.kim.7270@example.edu,student
7271,Skyler Kim,skyler.kim.7271@example.edu,student
7272,Parker Kim,parker.kim.7272@example.edu,student
7273,Reese Kim,reese.kim.7273@example.edu,student
7274,Kendall Kim,kendall.kim.7274@example.edu,student
7275,Hayden Kim,hayden.kim.7275@example.edu,student
7276,Emerson Kim,emerson.kim.7276@example.edu,student
7277,Finley Kim,finley.kim.7277@example.edu,student
7278,Logan Kim,logan.kim.7278@example.edu,student
7279,Micah Kim,micah.kim.7279@example.edu,student
7280,Alex Chen,alex.chen.7280@example.edu,student
7281,Jordan Chen,jordan.chen.7281@example.edu,student
7282,Taylor Chen,taylor.chen.7282@example.edu,student
7283,Morgan Chen,morgan.chen.7283@example.edu,student
7284,Riley Chen,riley.chen.7284@example.edu,student
7285,Casey Chen,casey.chen.7285@example.edu,student
7286,Quinn Chen,quinn.chen.7286@example.edu,student
7287,Jamie Chen,jamie.chen.7287@example.edu,student
7288,Avery Chen,avery.chen.7288@example.edu,student
7289,Dakota Chen,dakota.chen.7289@example.edu,student
7290,Rowan Chen,rowan.chen.7290@example.edu,student
7291,Skyler Chen,skyler.chen.7291@example.edu,student
7292,Parker Chen,parker.chen.7292@example.edu,student
7293,Reese Chen,reese.chen.7293@example.edu,student
7294,Kendall Chen,kendall.chen.7294@example.edu,student
7295,Hayden Chen,hayden.chen.7295@example.edu,student
7296,Emerson Chen,emerson.chen.7296@example.edu,student
7297,Finley Chen,finley.chen.7297@example.edu,student
7298,Logan Chen,logan.chen.7298@example.edu,student
7299,Micah Chen,micah.chen.7299@example.edu,student
7300,Alex Garcia,alex.garcia.7300@example.edu,student
7301,Jordan Garcia,jordan.garcia.7301@example.edu,student
7302,Taylor Garcia,taylor.garcia.7302@example.edu,student
7303,Morgan Garcia,morgan.garcia.7303@example.edu,student
7304,Riley Garcia,riley.garcia.7304@example.edu,student
7305,Casey Garcia,casey.garcia.7305@example.edu,student
7306,Quinn Garcia,quinn.garcia.7306@example.edu,student
7307,Jamie Garcia,jamie.garcia.7307@example.edu,student
7308,Avery Garcia,avery.garcia.7308@example.edu,student
7309,Dakota Garcia,dakota.garcia.7309@example.edu,student
7310,Rowan Garcia,rowan.garcia.7310@example.edu,student
7311,Skyler Garcia,skyler.garcia.7311@example.edu,student
7312,Parker Garcia,parker.garcia.7312@example.edu,student
7313,Reese Garcia,reese.garcia.7313@example.edu,student
7314,Kendall Garcia,kendall.garcia.7314@example.edu,student
7315,Hayden Garcia,hayden.garcia.7315@example.edu,student
7316,Emerson Garcia,emerson.garcia.7316@example.edu,student
7317,Finley Garcia,finley.garcia.7317@example.edu,student
7318,Logan Garcia,logan.garcia.7318@example.edu,student
7319,Micah Garcia,micah.garcia.7319@example.edu,student
7320,Alex Martinez,alex.martinez.7320@example.edu,instructor
7321,Jordan Martinez,jordan.martinez.7321@example.edu,student
7322,Taylor Martinez,taylor.martinez.7322@example.edu,student
7323,Morgan Martinez,morgan.martinez.7323@example.edu,student
7324,Riley Martinez,riley.martinez.7324@example.edu,student
7325,Casey Martinez,casey.martinez.7325@example.edu,student
7326,Quinn Martinez,quinn.martinez.7326@example.edu,student
7327,Jamie Martinez,jamie.martinez.7327@example.edu,student
7328,Avery Martinez,avery.martinez.7328@example.edu,student
7329,Dakota Martinez,dakota.martinez.7329@example.edu,student
7330,Rowan Martinez,rowan.martinez.7330@example.edu,student
7331,Skyler Martinez,skyler.martinez.7331@example.edu,student
7332,Parker Martinez,parker.martinez.7332@example.edu,student
7333,Reese Martinez,reese.martinez.7333@example.edu,student
7334,Kendall Martinez,kendall.martinez.7334@example.edu,student
7335,Hayden Martinez,hayden.martinez.7335@example.edu,student
7336,Emerson Martinez,emerson.martinez.7336@example.edu,student
7337,Finley Martinez,finley.martinez.7337@example.edu,student
7338,Logan Martinez,logan.martinez.7338@example.edu,student
7339,Micah Martinez,micah.martinez.7339@example.edu,student
7340,Alex Brown,alex.brown.7340@example.edu,student
7341,Jordan Brown,jordan.brown.7341@example.edu,student
7342,Taylor Brown,taylor.brown.7342@example.edu,student
7343,Morgan Brown,morgan.brown.7343@example.edu,student
7344,Riley Brown,riley.brown.7344@example.edu,student
7345,Casey Brown,casey.brown.7345@example.edu,student
7346,Quinn Brown,quinn.brown.7346@example.edu,student
7347,Jamie Brown,jamie.brown.7347@example.edu,student
7348,Avery Brown,avery.brown.7348@example.edu,student
7349,Dakota Brown,dakota.brown.7349@example.edu,student
7350,Rowan Brown,rowan.brown.7350@example.edu,student
7351,Skyler Brown,skyler.brown.7351@example.edu,instructor
7352,Parker Brown,parker.brown.7352@example.edu,student
7353,Reese Brown,reese.brown.7353@example.edu,student
7354,Kendall Brown,kendall.brown.7354@example.edu,student
7355,Hayden Brown,hayden.brown.7355@example.edu,student
7356,Emerson Brown,emerson.brown.7356@example.edu,student
7357,Finley Brown,finley.brown.7357@example.edu,student
7358,Logan Brown,logan.brown.7358@example.edu,student
7359,Micah Brown,micah.brown.7359@example.edu,student
7360,Alex Johnson,alex.johnson.7360@example.edu,student
7361,Jordan Johnson,jordan.johnson.7361@example.edu,student
7362,Taylor Johnson,taylor.johnson.7362@example.edu,student
7363,Morgan Johnson,morgan.johnson.7363@example.edu,student
7364,Riley Johnson,riley.johnson.7364@example.edu,student
7365,Casey Johnson,casey.johnson.7365@example.edu,student
7366,Quinn Johnson,quinn.johnson.7366@example.edu,student
7367,Jamie Johnson,jamie.johnson.7367@example.edu,student
7368,Avery Johnson,avery.johnson.7368@example.edu,student
7369,Dakota Johnson,dakota.johnson.7369@example.edu,student
7370,Rowan Johnson,rowan.johnson.7370@example.edu,student
7371,Skyler Johnson,skyler.johnson.7371@example.edu,student
7372,Parker Johnson,parker.johnson.7372@example.edu,student
7373,Reese Johnson,reese.johnson.7373@example.edu,student
7374,Kendall Johnson,kendall.johnson.7374@example.edu,student
7375,Hayden Johnson,hayden.johnson.7375@example.edu,student
7376,Emerson Johnson,emerson.johnson.7376@example.edu,student
7377,Finley Johnson,finley.johnson.7377@example.edu,student
7378,Logan Johnson,logan.johnson.7378@example.edu,student
7379,Micah Johnson,micah.johnson.7379@example.edu,student
7380,Alex Davis,alex.davis.7380@example.edu,student
7381,Jordan Davis,jordan.davis.7381@example.edu,student
7382,Taylor Davis,taylor.davis.7382@example.edu,student
7383,Morgan Davis,morgan.davis.7383@example.edu,student
7384,Riley Davis,riley.davis.7384@example.edu,student
7385,Casey Davis,casey.davis.7385@example.edu,student
7386,Quinn Davis,quinn.davis.7386@example.edu,student
7387,Jamie Davis,jamie.davis.7387@example.edu,student
7388,Avery Davis,avery.davis.7388@example.edu,student
7389,Dakota Davis,dakota.davis.7389@example.edu,student
7390,Rowan Davis,rowan.davis.7390@example.edu,student
7391,Skyler Davis,skyler.davis.7391@example.edu,student
7392,Parker Davis,parker.davis.7392@example.edu,student
7393,Reese Davis,reese.davis.7393@example.edu,student
7394,Kendall Davis,kendall.davis.7394@example.edu,student
7395,Hayden Davis,hayden.davis.7395@example.edu,student
7396,Emerson Davis,emerson.davis.7396@example.edu,student
7397,Finley Davis,finley.davis.7397@example.edu,student
7398,Logan Davis,logan.davis.7398@example.edu,student
7399,Micah Davis,micah.davis.7399@example.edu,student
7400,Alex Miller,alex.miller.7400@example.edu,student
7401,Jordan Miller,jordan.miller.7401@example.edu,student
7402,Taylor Miller,taylor.miller.7402@example.edu,student
7403,Morgan Miller,morgan.miller.7403@example.edu,student
7404,Riley Miller,riley.miller.7404@example.edu,student
7405,Casey Miller,casey.miller.7405@example.edu,student
7406,Quinn Miller,quinn.miller.7406@example.edu,student
7407,Jamie Miller,jamie.miller.7407@example.edu,student
7408,Avery Miller,avery.miller.7408@example.edu,student
7409,Dakota Miller,dakota.miller.7409@example.edu,student
7410,Rowan Miller,rowan.miller.7410@example.edu,student
7411,Skyler Miller,skyler.miller.7411@example.edu,student
7412,Parker Miller,parker.miller.7412@example.edu,student
7413,Reese Miller,reese.miller.7413@example.edu,student
7414,Kendall Miller,kendall.miller.7414@example.edu,student
7415,Hayden Miller,hayden.miller.7415@example.edu,student
7416,Emerson Miller,emerson.miller.7416@example.edu,student
7417,Finley Miller,finley.miller.7417@example.edu,student
7418,Logan Miller,logan.miller.7418@example.edu,student
7419,Micah Miller,micah.miller.7419@example.edu,student
7420,Alex Wilson,alex.wilson.7420@example.edu,student
7421,Jordan Wilson,jordan.wilson.7421@example.edu,student
7422,Taylor Wilson,taylor.wilson.7422@example.edu,student
7423,Morgan Wilson,morgan.wilson.7423@example.edu,student
7424,Riley Wilson,riley.wilson.7424@example.edu,student
7425,Casey Wilson,casey.wilson.7425@example.edu,student
7426,Quinn Wilson,quinn.wilson.7426@example.edu,student
7427,Jamie Wilson,jamie.wilson.7427@example.edu,student
7428,Avery Wilson,avery.wilson.7428@example.edu,instructor
7429,Dakota Wilson,dakota.wilson.7429@example.edu,student
7430,Rowan Wilson,rowan.wilson.7430@example.edu,student
7431,Skyler Wilson,skyler.wilson.7431@example.edu,student
7432,Parker Wilson,parker.wilson.7432@example.edu,student
7433,Reese Wilson,reese.wilson.7433@example.edu,student
7434,Kendall Wilson,kendall.wilson.7434@example.edu,student
7435,Hayden Wilson,hayden.wilson.7435@example.edu,student
7436,Emerson Wilson,emerson.wilson.7436@example.edu,student
7437,Finley Wilson,finley.wilson.7437@example.edu,student
7438,Logan Wilson,logan.wilson.7438@example.edu,student
7439,Micah Wilson,micah.wilson.7439@example.edu,student
7440,Alex Moore,alex.moore.7440@example.edu,student
7441,Jordan Moore,jordan.moore.7441@example.edu,student
7442,Taylor Moore,taylor.moore.7442@example.edu,student
7443,Morgan Moore,morgan.moore.7443@example.edu,student
7444,Riley Moore,riley.moore.7444@example.edu,student
7445,Casey Moore,casey.moore.7445@example.edu,student
7446,Quinn Moore,quinn.moore.7446@example.edu,student
7447,Jamie Moore,jamie.moore.7447@example.edu,student
7448,Avery Moore,avery.moore.7448@example.edu,student
7449,Dakota Moore,dakota.moore.7449@example.edu,student
7450,Rowan Moore,rowan.moore.7450@example.edu,student
7451,Skyler Moore,skyler.moore.7451@example.edu,student
7452,Parker Moore,parker.moore.7452@example.edu,student
7453,Reese Moore,reese.moore.7453@example.edu,student
7454,Kendall Moore,kendall.moore.7454@example.edu,student
7455,Hayden Moore,hayden.moore.7455@example.edu,student
7456,Emerson Moore,emerson.moore.7456@example.edu,student
7457,Finley Moore,finley.moore.7457@example.edu,student
7458,Logan Moore,logan.moore.7458@example.edu,student
7459,Micah Moore,micah.moore.7459@example.edu,student
7460,Alex Taylor,alex.taylor.7460@example.edu,student
7461,Jordan Taylor,jordan.taylor.7461@example.edu,student
7462,Taylor Taylor,taylor.taylor.7462@example.edu,student
7463,Morgan Taylor,morgan.taylor.7463@example.edu,student
7464,Riley Taylor,riley.taylor.7464@example.edu,student
7465,Casey Taylor,casey.taylor.7465@example.edu,student
7466,Quinn Taylor,quinn.taylor.7466@example.edu,student
7467,Jamie Taylor,jamie.taylor.7467@example.edu,student
7468,Avery Taylor,avery.taylor.7468@example.edu,student
7469,Dakota Taylor,dakota.taylor.7469@example.edu,student
7470,Rowan Taylor,rowan.taylor.7470@example.edu,student
7471,Skyler Taylor,skyler.taylor.7471@example.edu,student
7472,Parker Taylor,parker.taylor.7472@example.edu,student
7473,Reese Taylor,reese.taylor.7473@example.edu,student
7474,Kendall Taylor,kendall.taylor.7474@example.edu,student
7475,Hayden Taylor,hayden.taylor.7475@example.edu,student
7476,Emerson Taylor,emerson.taylor.7476@example.edu,student
7477,Finley Taylor,finley.taylor.7477@example.edu,student
7478,Logan Taylor,logan.taylor.7478@example.edu,student
7479,Micah Taylor,micah.taylor.7479@example.edu,student
7480,Alex Anderson,alex.anderson.7480@example.edu,student
7481,Jordan Anderson,jordan.anderson.7481@example.edu,student
7482,Taylor Anderson,taylor.anderson.7482@example.edu,student
7483,Morgan Anderson,morgan.anderson.7483@example.edu,student
7484,Riley Anderson,riley.anderson.7484@example.edu,student
7485,Casey Anderson,casey.anderson.7485@example.edu,student
7486,Quinn Anderson,quinn.anderson.7486@example.edu,student
7487,Jamie Anderson,jamie.anderson.7487@example.edu,student
7488,Avery Anderson,avery.anderson.7488@example.edu,student
7489,Dakota Anderson,dakota.anderson.7489@example.edu,student
7490,Rowan Anderson,rowan.anderson.7490@example.edu,student
7491,Skyler Anderson,skyler.anderson.7491@example.edu,student
7492,Parker Anderson,parker.anderson.7492@example.edu,student
7493,Reese Anderson,reese.anderson.7493@example.edu,student
7494,Kendall Anderson,kendall.anderson.7494@example.edu,student
7495,Hayden Anderson,hayden.anderson.7495@example.edu,student
7496,Emerson Anderson,emerson.anderson.7496@example.edu,instructor
7497,Finley Anderson,finley.anderson.7497@example.edu,student
7498,Logan Anderson,logan.anderson.7498@example.edu,student
7499,Micah Anderson,micah.anderson.7499@example.edu,student
7500,Alex Thomas,alex.thomas.7500@example.edu,student
7501,Jordan Thomas,jordan.thomas.7501@example.edu,student
7502,Taylor Thomas,taylor.thomas.7502@example.edu,student
7503,Morgan Thomas,morgan.thomas.7503@example.edu,student
7504,Riley Thomas,riley.thomas.7504@example.edu,student
7505,Casey Thomas,casey.thomas.7505@example.edu,student
7506,Quinn Thomas,quinn.thomas.7506@example.edu,student
7507,Jamie Thomas,jamie.thomas.7507@example.edu,student
7508,Avery Thomas,avery.thomas.7508@example.edu,student
7509,Dakota Thomas,dakota.thomas.7509@example.edu,student
7510,Rowan Thomas,rowan.thomas.7510@example.edu,student
7511,Skyler Thomas,skyler.thomas.7511@example.edu,student
7512,Parker Thomas,parker.thomas.7512@example.edu,student
7513,Reese Thomas,reese.thomas.7513@example.edu,student
7514,Kendall Thomas,kendall.thomas.7514@example.edu,student
7515,Hayden Thomas,hayden.thomas.7515@example.edu,student
7516,Emerson Thomas,emerson.thomas.7516@example.edu,student
7517,Finley Thomas,finley.thomas.7517@example.edu,student
7518,Logan Thomas,logan.thomas.7518@example.edu,student
7519,Micah Thomas,micah.thomas.7519@example.edu,student
7520,Alex Jackson,alex.jackson.7520@example.edu,student
7521,Jordan Jackson,jordan.jackson.7521@example.edu,student
7522,Taylor Jackson,taylor.jackson.7522@example.edu,student
7523,Morgan Jackson,morgan.jackson.7523@example.edu,student
7524,Riley Jackson,riley.jackson.7524@example.edu,student
7525,Casey Jackson,casey.jackson.7525@example.edu,student
7526,Quinn Jackson,quinn.jackson.7526@example.edu,student
7527,Jamie Jackson,jamie.jackson.7527@example.edu,student
7528,Avery Jackson,avery.jackson.7528@example.edu,student
7529,Dakota Jackson,dakota.jackson.7529@example.edu,student
7530,Rowan Jackson,rowan.jackson.7530@example.edu,student
7531,Skyler Jackson,skyler.jackson.7531@example.edu,student
7532,Parker Jackson,parker.jackson.7532@example.edu,student
7533,Reese Jackson,reese.jackson.7533@example.edu,student
7534,Kendall Jackson,kendall.jackson.7534@example.edu,student
7535,Hayden Jackson,hayden.jackson.7535@example.edu,student
7536,Emerson Jackson,emerson.jackson.7536@example.edu,student
7537,Finley Jackson,finley.jackson.7537@example.edu,student
7538,Logan Jackson,logan.jackson.7538@example.edu,student
7539,Micah Jackson,micah.jackson.7539@example.edu,student
7540,Alex White,alex.white.7540@example.edu,student
7541,Jordan White,jordan.white.7541@example.edu,student
7542,Taylor White,taylor.white.7542@example.edu,student
7543,Morgan White,morgan.white.7543@example.edu,student
7544,Riley White,riley.white.7544@example.edu,student
7545,Casey White,casey.white.7545@example.edu,student
7546,Quinn White,quinn.white.7546@example.edu,student
7547,Jamie White,jamie.white.7547@example.edu,student
7548,Avery White,avery.white.7548@example.edu,student
7549,Dakota White,dakota.white.7549@example.edu,student
7550,Rowan White,rowan.white.7550@example.edu,student
7551,Skyler White,skyler.white.7551@example.edu,student
7552,Parker White,parker.white.7552@example.edu,student
7553,Reese White,reese.white.7553@example.edu,student
7554,Kendall White,kendall.white.7554@example.edu,student
7555,Hayden White,hayden.white.7555@example.edu,student
7556,Emerson White,emerson.white.7556@example.edu,student
7557,Finley White,finley.white.7557@example.edu,student
7558,Logan White,logan.white.7558@example.edu,student
7559,Micah White,micah.white.7559@example.edu,student
7560,Alex Harris,alex.harris.7560@example.edu,student
7561,Jordan Harris,jordan.harris.7561@example.edu,student
7562,Taylor Harris,taylor.harris.7562@example.edu,student
7563,Morgan Harris,morgan.harris.7563@example.edu,student
7564,Riley Harris,riley.harris.7564@example.edu,student
7565,Casey Harris,casey.harris.7565@example.edu,instructor
7566,Quinn Harris,quinn.harris.7566@example.edu,student
7567,Jamie Harris,jamie.harris.7567@example.edu,student
7568,Avery Harris,avery.harris.7568@example.edu,student
7569,Dakota Harris,dakota.harris.7569@example.edu,student
7570,Rowan Harris,rowan.harris.7570@example.edu,student
7571,Skyler Harris,skyler.harris.7571@example.edu,student
7572,Parker Harris,parker.harris.7572@example.edu,student
7573,Reese Harris,reese.harris.7573@example.edu,student
7574,Kendall Harris,kendall.harris.7574@example.edu,student
7575,Hayden Harris,hayden.harris.7575@example.edu,student
7576,Emerson Harris,emerson.harris.7576@example.edu,student
7577,Finley Harris,finley.harris.7577@example.edu,student
7578,Logan Harris,logan.harris.7578@example.edu,student
7579,Micah Harris,micah.harris.7579@example.edu,student
7580,Alex Martin,alex.martin.7580@example.edu,student
7581,Jordan Martin,jordan.martin.7581@example.edu,student
7582,Taylor Martin,taylor.martin.7582@example.edu,student
7583,Morgan Martin,morgan.martin.7583@example.edu,student
7584,Riley Martin,riley.martin.7584@example.edu,student
7585,Casey Martin,casey.martin.7585@example.edu,student
7586,Quinn Martin,quinn.martin.7586@example.edu,student
7587,Jamie Martin,jamie.martin.7587@example.edu,student
7588,Avery Martin,avery.martin.7588@example.edu,student
7589,Dakota Martin,dakota.martin.7589@example.edu,student
7590,Rowan Martin,rowan.martin.7590@example.edu,student
7591,Skyler Martin,skyler.martin.7591@example.edu,student
7592,Parker Martin,parker.martin.7592@example.edu,student
7593,Reese Martin,reese.martin.7593@example.edu,student
7594,Kendall Martin,kendall.martin.7594@example.edu,student
7595,Hayden Martin,hayden.martin.7595@example.edu,student
7596,Emerson Martin,emerson.martin.7596@example.edu,student
7597,Finley Martin,finley.martin.7597@example.edu,student
7598,Logan Martin,logan.martin.7598@example.edu,student
7599,Micah Martin,micah.martin.7599@example.edu,student
7600,Alex Rivera,alex.rivera.7600@example.edu,student
7601,Jordan Rivera,jordan.rivera.7601@example.edu,student
7602,Taylor Rivera,taylor.rivera.7602@example.edu,student
7603,Morgan Rivera,morgan.rivera.7603@example.edu,student
7604,Riley Rivera,riley.rivera.7604@example.edu,student
7605,Casey Rivera,casey.rivera.7605@example.edu,student
7606,Quinn Rivera,quinn.rivera.7606@example.edu,student
7607,Jamie Rivera,jamie.rivera.7607@example.edu,student
7608,Avery Rivera,avery.rivera.7608@example.edu,student
7609,Dakota Rivera,dakota.rivera.7609@example.edu,student
7610,Rowan Rivera,rowan.rivera.7610@example.edu,student
7611,Skyler Rivera,skyler.rivera.7611@example.edu,student
7612,Parker Rivera,parker.rivera.7612@example.edu,student
7613,Reese Rivera,reese.rivera.7613@example.edu,student
7614,Kendall Rivera,kendall.rivera.7614@example.edu,student
7615,Hayden Rivera,hayden.rivera.7615@example.edu,student
7616,Emerson Rivera,emerson.rivera.7616@example.edu,student
7617,Finley Rivera,finley.rivera.7617@example.edu,student
7618,Logan Rivera,logan.rivera.7618@example.edu,student
7619,Micah Rivera,micah.rivera.7619@example.edu,student
7620,Alex Nguyen,alex.nguyen.7620@example.edu,instructor
7621,Jordan Nguyen,jordan.nguyen.7621@example.edu,student
7622,Taylor Nguyen,taylor.nguyen.7622@example.edu,student
7623,Morgan Nguyen,morgan.nguyen.7623@example.edu,student
7624,Riley Nguyen,riley.nguyen.7624@example.edu,student
7625,Casey Nguyen,casey.nguyen.7625@example.edu,student
7626,Quinn Nguyen,quinn.nguyen.7626@example.edu,student
7627,Jamie Nguyen,jamie.nguyen.7627@example.edu,student
7628,Avery Nguyen,avery.nguyen.7628@example.edu,student
7629,Dakota Nguyen,dakota.nguyen.7629@example.edu,student
7630,Rowan Nguyen,rowan.nguyen.7630@example.edu,student
7631,Skyler Nguyen,skyler.nguyen.7631@example.edu,student
7632,Parker Nguyen,parker.nguyen.7632@example.edu,student
7633,Reese Nguyen,reese.nguyen.7633@example.edu,student
7634,Kendall Nguyen,kendall.nguyen.7634@example.edu,student
7635,Hayden Nguyen,hayden.nguyen.7635@example.edu,student
7636,Emerson Nguyen,emerson.nguyen.7636@example.edu,student
7637,Finley Nguyen,finley.nguyen.7637@example.edu,student
7638,Logan Nguyen,logan.nguyen.7638@example.edu,student
7639,Micah Nguyen,micah.nguyen.7639@example.edu,student
7640,Alex Patel,alex.patel.7640@example.edu,student
7641,Jordan Patel,jordan.patel.7641@example.edu,student
7642,Taylor Patel,taylor.patel.7642@example.edu,student
7643,Morgan Patel,morgan.patel.7643@example.edu,student
7644,Riley Patel,riley.patel.7644@example.edu,student
7645,Casey Patel,casey.patel.7645@example.edu,student
7646,Quinn Patel,quinn.patel.7646@example.edu,student
7647,Jamie Patel,jamie.patel.7647@example.edu,student
7648,Avery Patel,avery.patel.7648@example.edu,student
7649,Dakota Patel,dakota.patel.7649@example.edu,student
7650,Rowan Patel,rowan.patel.7650@example.edu,student
7651,Skyler Patel,skyler.patel.7651@example.edu,student
7652,Parker Patel,parker.patel.7652@example.edu,student
7653,Reese Patel,reese.patel.7653@example.edu,student
7654,Kendall Patel,kendall.patel.7654@example.edu,student
7655,Hayden Patel,hayden.patel.7655@example.edu,student
7656,Emerson Patel,emerson.patel.7656@example.edu,student
7657,Finley Patel,finley.patel.7657@example.edu,student
7658,Logan Patel,logan.patel.7658@example.edu,student
7659,Micah Patel,micah.patel.7659@example.edu,student
7660,Alex Kim,alex.kim.7660@example.edu,student
7661,Jordan Kim,jordan.kim.7661@example.edu,student
7662,Taylor Kim,taylor.kim.7662@example.edu,student
7663,Morgan Kim,morgan.kim.7663@example.edu,student
7664,Riley Kim,riley.kim.7664@example.edu,student
7665,Casey Kim,casey.kim.7665@example.edu,student
7666,Quinn Kim,quinn.kim.7666@example.edu,student
7667,Jamie Kim,jamie.kim.7667@example.edu,student
7668,Avery Kim,avery.kim.7668@example.edu,student
7669,Dakota Kim,dakota.kim.7669@example.edu,student
7670,Rowan Kim,rowan.kim.7670@example.edu,student
7671,Skyler Kim,skyler.kim.7671@example.edu,student
7672,Parker Kim,parker.kim.7672@example.edu,student
7673,Reese Kim,reese.kim.7673@example.edu,student
7674,Kendall Kim,kendall.kim.7674@example.edu,student
7675,Hayden Kim,hayden.kim.7675@example.edu,student
7676,Emerson Kim,emerson.kim.7676@example.edu,student
7677,Finley Kim,finley.kim.7677@example.edu,instructor
7678,Logan Kim,logan.kim.7678@example.edu,student
7679,Micah Kim,micah.kim.7679@example.edu,student
7680,Alex Chen,alex.chen.7680@example.edu,student
7681,Jordan Chen,jordan.chen.7681@example.edu,student
7682,Taylor Chen,taylor.chen.7682@example.edu,student
7683,Morgan Chen,morgan.chen.7683@example.edu,student
7684,Riley Chen,riley.chen.7684@example.edu,student
7685,Casey Chen,casey.chen.7685@example.edu,student
7686,Quinn Chen,quinn.chen.7686@example.edu,student
7687,Jamie Chen,jamie.chen.7687@example.edu,student
7688,Avery Chen,avery.chen.7688@example.edu,student
7689,Dakota Chen,dakota.chen.7689@example.edu,student
7690,Rowan Chen,rowan.chen.7690@example.edu,student
7691,Skyler Chen,skyler.chen.7691@example.edu,student
7692,Parker Chen,parker.chen.7692@example.edu,student
7693,Reese Chen,reese.chen.7693@example.edu,student
7694,Kendall Chen,kendall.chen.7694@example.edu,student
7695,Hayden Chen,hayden.chen.7695@example.edu,student
7696,Emerson Chen,emerson.chen.7696@example.edu,student
7697,Finley Chen,finley.chen.7697@example.edu,student
7698,Logan Chen,logan.chen.7698@example.edu,student
7699,Micah Chen,micah.chen.7699@example.edu,student
7700,Alex Garcia,alex.garcia.7700@example.edu,student
7701,Jordan Garcia,jordan.garcia.7701@example.edu,student
7702,Taylor Garcia,taylor.garcia.7702@example.edu,student
7703,Morgan Garcia,morgan.garcia.7703@example.edu,student
7704,Riley Garcia,riley.garcia.7704@example.edu,student
7705,Casey Garcia,casey.garcia.7705@example.edu,student
7706,Quinn Garcia,quinn.garcia.7706@example.edu,student
7707,Jamie Garcia,jamie.garcia.7707@example.edu,student
7708,Avery Garcia,avery.garcia.7708@example.edu,student
7709,Dakota Garcia,dakota.garcia.7709@example.edu,student
7710,Rowan Garcia,rowan.garcia.7710@example.edu,student
7711,Skyler Garcia,skyler.garcia.7711@example.edu,student
7712,Parker Garcia,parker.garcia.7712@example.edu,student
7713,Reese Garcia,reese.garcia.7713@example.edu,student
7714,Kendall Garcia,kendall.garcia.7714@example.edu,student
7715,Hayden Garcia,hayden.garcia.7715@example.edu,student
7716,Emerson Garcia,emerson.garcia.7716@example.edu,student
7717,Finley Garcia,finley.garcia.7717@example.edu,student
7718,Logan Garcia,logan.garcia.7718@example.edu,student
7719,Micah Garcia,micah.garcia.7719@example.edu,student
7720,Alex Martinez,alex.martinez.7720@example.edu,student
7721,Jordan Martinez,jordan.martinez.7721@example.edu,student
7722,Taylor Martinez,taylor.martinez.7722@example.edu,student
7723,Morgan Martinez,morgan.martinez.7723@example.edu,student
7724,Riley Martinez,riley.martinez.7724@example.edu,student
7725,Casey Martinez,casey.martinez.7725@example.edu,student
7726,Quinn Martinez,quinn.martinez.7726@example.edu,student
7727,Jamie Martinez,jamie.martinez.7727@example.edu,student
7728,Avery Martinez,avery.martinez.7728@example.edu,student
7729,Dakota Martinez,dakota.martinez.7729@example.edu,student
7730,Rowan Martinez,rowan.martinez.7730@example.edu,student
7731,Skyler Martinez,skyler.martinez.7731@example.edu,student
7732,Parker Martinez,parker.martinez.7732@example.edu,student
7733,Reese Martinez,reese.martinez.7733@example.edu,student
7734,Kendall Martinez,kendall.martinez.7734@example.edu,student
7735,Hayden Martinez,hayden.martinez.7735@example.edu,student
7736,Emerson Martinez,emerson.martinez.7736@example.edu,student
7737,Finley Martinez,finley.martinez.7737@example.edu,student
7738,Logan Martinez,logan.martinez.7738@example.edu,student
7739,Micah Martinez,micah.martinez.7739@example.edu,student
7740,Alex Brown,alex.brown.7740@example.edu,student
7741,Jordan Brown,jordan.brown.7741@example.edu,student
7742,Taylor Brown,taylor.brown.7742@example.edu,student
7743,Morgan Brown,morgan.brown.7743@example.edu,student
7744,Riley Brown,riley.brown.7744@example.edu,student
7745,Casey Brown,casey.brown.7745@example.edu,student
7746,Quinn Brown,quinn.brown.7746@example.edu,student
7747,Jamie Brown,jamie.brown.7747@example.edu,student
7748,Avery Brown,avery.brown.7748@example.edu,student
7749,Dakota Brown,dakota.brown.7749@example.edu,student
7750,Rowan Brown,rowan.brown.7750@example.edu,student
7751,Skyler Brown,skyler.brown.7751@example.edu,student
7752,Parker Brown,parker.brown.7752@example.edu,student
7753,Reese Brown,reese.brown.7753@example.edu,student
7754,Kendall Brown,kendall.brown.7754@example.edu,instructor
7755,Hayden Brown,hayden.brown.7755@example.edu,student
7756,Emerson Brown,emerson.brown.7756@example.edu,student
7757,Finley Brown,finley.brown.7757@example.edu,student
7758,Logan Brown,logan.brown.7758@example.edu,student
7759,Micah Brown,micah.brown.7759@example.edu,student
7760,Alex Johnson,alex.johnson.7760@example.edu,student
7761,Jordan Johnson,jordan.johnson.7761@example.edu,student
7762,Taylor Johnson,taylor.johnson.7762@example.edu,student
7763,Morgan Johnson,morgan.johnson.7763@example.edu,student
7764,Riley Johnson,riley.johnson.7764@example.edu,student
7765,Casey Johnson,casey.johnson.7765@example.edu,student
7766,Quinn Johnson,quinn.johnson.7766@example.edu,student
7767,Jamie Johnson,jamie.johnson.7767@example.edu,student
7768,Avery Johnson,avery.johnson.7768@example.edu,student
7769,Dakota Johnson,dakota.johnson.7769@example.edu,student
7770,Rowan Johnson,rowan.johnson.7770@example.edu,student
7771,Skyler Johnson,skyler.johnson.7771@example.edu,student
7772,Parker Johnson,parker.johnson.7772@example.edu,student
7773,Reese Johnson,reese.johnson.7773@example.edu,student
7774,Kendall Johnson,kendall.johnson.7774@example.edu,student
7775,Hayden Johnson,hayden.johnson.7775@example.edu,student
7776,Emerson Johnson,emerson.johnson.7776@example.edu,student
7777,Finley Johnson,finley.johnson.7777@example.edu,student
7778,Logan Johnson,logan.johnson.7778@example.edu,student
7779,Micah Johnson,micah.johnson.7779@example.edu,student
7780,Alex Davis,alex.davis.7780@example.edu,student
7781,Jordan Davis,jordan.davis.7781@example.edu,student
7782,Taylor Davis,taylor.davis.7782@example.edu,student
7783,Morgan Davis,morgan.davis.7783@example.edu,student
7784,Riley Davis,riley.davis.7784@example.edu,student
7785,Casey Davis,casey.davis.7785@example.edu,student
7786,Quinn Davis,quinn.davis.7786@example.edu,student
7787,Jamie Davis,jamie.davis.7787@example.edu,student
7788,Avery Davis,avery.davis.7788@example.edu,student
7789,Dakota Davis,dakota.davis.7789@example.edu,student
7790,Rowan Davis,rowan.davis.7790@example.edu,student
7791,Skyler Davis,skyler.davis.7791@example.edu,student
7792,Parker Davis,parker.davis.7792@example.edu,student
7793,Reese Davis,reese.davis.7793@example.edu,student
7794,Kendall Davis,kendall.davis.7794@example.edu,student
7795,Hayden Davis,hayden.davis.7795@example.edu,student
7796,Emerson Davis,emerson.davis.7796@example.edu,student
7797,Finley Davis,finley.davis.7797@example.edu,student
7798,Logan Davis,logan.davis.7798@example.edu,student
7799,Micah Davis,micah.davis.7799@example.edu,student
7800,Alex Miller,alex.miller.7800@example.edu,student
7801,Jordan Miller,jordan.miller.7801@example.edu,student
7802,Taylor Miller,taylor.miller.7802@example.edu,student
7803,Morgan Miller,morgan.miller.7803@example.edu,student
7804,Riley Miller,riley.miller.7804@example.edu,student
7805,Casey Miller,casey.miller.7805@example.edu,student
7806,Quinn Miller,quinn.miller.7806@example.edu,student
7807,Jamie Miller,jamie.miller.7807@example.edu,student
7808,Avery Miller,avery.miller.7808@example.edu,student
7809,Dakota Miller,dakota.miller.7809@example.edu,student
7810,Rowan Miller,rowan.miller.7810@example.edu,student
7811,Skyler Miller,skyler.miller.7811@example.edu,student
7812,Parker Miller,parker.miller.7812@example.edu,student
7813,Reese Miller,reese.miller.7813@example.edu,student
7814,Kendall Miller,kendall.miller.7814@example.edu,student
7815,Hayden Miller,hayden.miller.7815@example.edu,student
7816,Emerson Miller,emerson.miller.7816@example.edu,student
7817,Finley Miller,finley.miller.7817@example.edu,student
7818,Logan Miller,logan.miller.7818@example.edu,student
7819,Micah Miller,micah.miller.7819@example.edu,student
7820,Alex Wilson,alex.wilson.7820@example.edu,student
7821,Jordan Wilson,jordan.wilson.7821@example.edu,student
7822,Taylor Wilson,taylor.wilson.7822@example.edu,student
7823,Morgan Wilson,morgan.wilson.7823@example.edu,student
7824,Riley Wilson,riley.wilson.7824@example.edu,instructor
7825,Casey Wilson,casey.wilson.7825@example.edu,student
7826,Quinn Wilson,quinn.wilson.7826@example.edu,student
7827,Jamie Wilson,jamie.wilson.7827@example.edu,student
7828,Avery Wilson,avery.wilson.7828@example.edu,student
7829,Dakota Wilson,dakota.wilson.7829@example.edu,student
7830,Rowan Wilson,rowan.wilson.7830@example.edu,student
7831,Skyler Wilson,skyler.wilson.7831@example.edu,student
7832,Parker Wilson,parker.wilson.7832@example.edu,student
7833,Reese Wilson,reese.wilson.7833@example.edu,student
7834,Kendall Wilson,kendall.wilson.7834@example.edu,student
7835,Hayden Wilson,hayden.wilson.7835@example.edu,student
7836,Emerson Wilson,emerson.wilson.7836@example.edu,student
7837,Finley Wilson,finley.wilson.7837@example.edu,student
7838,Logan Wilson,logan.wilson.7838@example.edu,student
7839,Micah Wilson,micah.wilson.7839@example.edu,student
7840,Alex Moore,alex.moore.7840@example.edu,student
7841,Jordan Moore,jordan.moore.7841@example.edu,student
7842,Taylor Moore,taylor.moore.7842@example.edu,student
7843,Morgan Moore,morgan.moore.7843@example.edu,student
7844,Riley Moore,riley.moore.7844@example.edu,student
7845,Casey Moore,casey.moore.7845@example.edu,student
7846,Quinn Moore,quinn.moore.7846@example.edu,student
7847,Jamie Moore,jamie.moore.7847@example.edu,student
7848,Avery Moore,avery.moore.7848@example.edu,student
7849,Dakota Moore,dakota.moore.7849@example.edu,student
7850,Rowan Moore,rowan.moore.7850@example.edu,student
7851,Skyler Moore,skyler.moore.7851@example.edu,student
7852,Parker Moore,parker.moore.7852@example.edu,student
7853,Reese Moore,reese.moore.7853@example.edu,student
7854,Kendall Moore,kendall.moore.7854@example.edu,student
7855,Hayden Moore,hayden.moore.7855@example.edu,student
7856,Emerson Moore,emerson.moore.7856@example.edu,student
7857,Finley Moore,finley.moore.7857@example.edu,student
7858,Logan Moore,logan.moore.7858@example.edu,student
7859,Micah Moore,micah.moore.7859@example.edu,student
7860,Alex Taylor,alex.taylor.7860@example.edu,student
7861,Jordan Taylor,jordan.taylor.7861@example.edu,student
7862,Taylor Taylor,taylor.taylor.7862@example.edu,student
7863,Morgan Taylor,morgan.taylor.7863@example.edu,student
7864,Riley Taylor,riley.taylor.7864@example.edu,student
7865,Casey Taylor,casey.taylor.7865@example.edu,student
7866,Quinn Taylor,quinn.taylor.7866@example.edu,student
7867,Jamie Taylor,jamie.taylor.7867@example.edu,student
7868,Avery Taylor,avery.taylor.7868@example.edu,student
7869,Dakota Taylor,dakota.taylor.7869@example.edu,student
7870,Rowan Taylor,rowan.taylor.7870@example.edu,student
7871,Skyler Taylor,skyler.taylor.7871@example.edu,student
7872,Parker Taylor,parker.taylor.7872@example.edu,student
7873,Reese Taylor,reese.taylor.7873@example.edu,student
7874,Kendall Taylor,kendall.taylor.7874@example.edu,student
7875,Hayden Taylor,hayden.taylor.7875@example.edu,student
7876,Emerson Taylor,emerson.taylor.7876@example.edu,student
7877,Finley Taylor,finley.taylor.7877@example.edu,student
7878,Logan Taylor,logan.taylor.7878@example.edu,student
7879,Micah Taylor,micah.taylor.7879@example.edu,student
7880,Alex Anderson,alex.anderson.7880@example.edu,student
7881,Jordan Anderson,jordan.anderson.7881@example.edu,student
7882,Taylor Anderson,taylor.anderson.7882@example.edu,student
7883,Morgan Anderson,morgan.anderson.7883@example.edu,student
7884,Riley Anderson,riley.anderson.7884@example.edu,student
7885,Casey Anderson,casey.anderson.7885@example.edu,student
7886,Quinn Anderson,quinn.anderson.7886@example.edu,student
7887,Jamie Anderson,jamie.anderson.7887@example.edu,student
7888,Avery Anderson,avery.anderson.7888@example.edu,student
7889,Dakota Anderson,dakota.anderson.7889@example.edu,student
7890,Rowan Anderson,rowan.anderson.7890@example.edu,student
7891,Skyler Anderson,skyler.anderson.7891@example.edu,student
7892,Parker Anderson,parker.anderson.7892@example.edu,student
7893,Reese Anderson,reese.anderson.7893@example.edu,student
7894,Kendall Anderson,kendall.anderson.7894@example.edu,student
7895,Hayden Anderson,hayden.anderson.7895@example.edu,student
7896,Emerson Anderson,emerson.anderson.7896@example.edu,student
7897,Finley Anderson,finley.anderson.7897@example.edu,student
7898,Logan Anderson,logan.anderson.7898@example.edu,student
7899,Micah Anderson,micah.anderson.7899@example.edu,student
7900,Alex Thomas,alex.thomas.7900@example.edu,student
7901,Jordan Thomas,jordan.thomas.7901@example.edu,student
7902,Taylor Thomas,taylor.thomas.7902@example.edu,instructor
7903,Morgan Thomas,morgan.thomas.7903@example.edu,student
7904,Riley Thomas,riley.thomas.7904@example.edu,student
7905,Casey Thomas,casey.thomas.7905@example.edu,student
7906,Quinn Thomas,quinn.thomas.7906@example.edu,student
7907,Jamie Thomas,jamie.thomas.7907@example.edu,student
7908,Avery Thomas,avery.thomas.7908@example.edu,student
7909,Dakota Thomas,dakota.thomas.7909@example.edu,student
7910,Rowan Thomas,rowan.thomas.7910@example.edu,student
7911,Skyler Thomas,skyler.thomas.7911@example.edu,student
7912,Parker Thomas,parker.thomas.7912@example.edu,student
7913,Reese Thomas,reese.thomas.7913@example.edu,student
7914,Kendall Thomas,kendall.thomas.7914@example.edu,student
7915,Hayden Thomas,hayden.thomas.7915@example.edu,student
7916,Emerson Thomas,emerson.thomas.7916@example.edu,student
7917,Finley Thomas,finley.thomas.7917@example.edu,student
7918,Logan Thomas,logan.thomas.7918@example.edu,student
7919,Micah Thomas,micah.thomas.7919@example.edu,student
7920,Alex Jackson,alex.jackson.7920@example.edu,student
7921,Jordan Jackson,jordan.jackson.7921@example.edu,student
7922,Taylor Jackson,taylor.jackson.7922@example.edu,student
7923,Morgan Jackson,morgan.jackson.7923@example.edu,student
7924,Riley Jackson,riley.jackson.7924@example.edu,student
7925,Casey Jackson,casey.jackson.7925@example.edu,student
7926,Quinn Jackson,quinn.jackson.7926@example.edu,student
7927,Jamie Jackson,jamie.jackson.7927@example.edu,student
7928,Avery Jackson,avery.jackson.7928@example.edu,student
7929,Dakota Jackson,dakota.jackson.7929@example.edu,student
7930,Rowan Jackson,rowan.jackson.7930@example.edu,student
7931,Skyler Jackson,skyler.jackson.7931@example.edu,student
7932,Parker Jackson,parker.jackson.7932@example.edu,student
7933,Reese Jackson,reese.jackson.7933@example.edu,student
7934,Kendall Jackson,kendall.jackson.7934@example.edu,student
7935,Hayden Jackson,hayden.jackson.7935@example.edu,student
7936,Emerson Jackson,emerson.jackson.7936@example.edu,student
7937,Finley Jackson,finley.jackson.7937@example.edu,student
7938,Logan Jackson,logan.jackson.7938@example.edu,student
7939,Micah Jackson,micah.jackson.7939@example.edu,student
7940,Alex White,alex.white.7940@example.edu,student
7941,Jordan White,jordan.white.7941@example.edu,student
7942,Taylor White,taylor.white.7942@example.edu,student
7943,Morgan White,morgan.white.7943@example.edu,student
7944,Riley White,riley.white.7944@example.edu,student
7945,Casey White,casey.white.7945@example.edu,student
7946,Quinn White,quinn.white.7946@example.edu,student
7947,Jamie White,jamie.white.7947@example.edu,student
7948,Avery White,avery.white.7948@example.edu,student
7949,Dakota White,dakota.white.7949@example.edu,student
7950,Rowan White,rowan.white.7950@example.edu,student
7951,Skyler White,skyler.white.7951@example.edu,student
7952,Parker White,parker.white.7952@example.edu,student
7953,Reese White,reese.white.7953@example.edu,student
7954,Kendall White,kendall.white.7954@example.edu,student
7955,Hayden White,hayden.white.7955@example.edu,student
7956,Emerson White,emerson.white.7956@example.edu,student
7957,Finley White,finley.white.7957@example.edu,student
7958,Logan White,logan.white.7958@example.edu,student
7959,Micah White,micah.white.7959@example.edu,student
7960,Alex Harris,alex.harris.7960@example.edu,student
7961,Jordan Harris,jordan.harris.7961@example.edu,student
7962,Taylor Harris,taylor.harris.7962@example.edu,student
7963,Morgan Harris,morgan.harris.7963@example.edu,instructor
7964,Riley Harris,riley.harris.7964@example.edu,student
7965,Casey Harris,casey.harris.7965@example.edu,student
7966,Quinn Harris,quinn.harris.7966@example.edu,student
7967,Jamie Harris,jamie.harris.7967@example.edu,student
7968,Avery Harris,avery.harris.7968@example.edu,student
7969,Dakota Harris,dakota.harris.7969@example.edu,student
7970,Rowan Harris,rowan.harris.7970@example.edu,student
7971,Skyler Harris,skyler.harris.7971@example.edu,student
7972,Parker Harris,parker.harris.7972@example.edu,student
7973,Reese Harris,reese.harris.7973@example.edu,student
7974,Kendall Harris,kendall.harris.7974@example.edu,student
7975,Hayden Harris,hayden.harris.7975@example.edu,student
7976,Emerson Harris,emerson.harris.7976@example.edu,student
7977,Finley Harris,finley.harris.7977@example.edu,student
7978,Logan Harris,logan.harris.7978@example.edu,student
7979,Micah Harris,micah.harris.7979@example.edu,student
7980,Alex Martin,alex.martin.7980@example.edu,student
7981,Jordan Martin,jordan.martin.7981@example.edu,student
7982,Taylor Martin,taylor.martin.7982@example.edu,student
7983,Morgan Martin,morgan.martin.7983@example.edu,student
7984,Riley Martin,riley.martin.7984@example.edu,student
7985,Casey Martin,casey.martin.7985@example.edu,student
7986,Quinn Martin,quinn.martin.7986@example.edu,student
7987,Jamie Martin,jamie.martin.7987@example.edu,student
7988,Avery Martin,avery.martin.7988@example.edu,student
7989,Dakota Martin,dakota.martin.7989@example.edu,student
7990,Rowan Martin,rowan.martin.7990@example.edu,student
7991,Skyler Martin,skyler.martin.7991@example.edu,student
7992,Parker Martin,parker.martin.7992@example.edu,student
7993,Reese Martin,reese.martin.7993@example.edu,student
7994,Kendall Martin,kendall.martin.7994@example.edu,student
7995,Hayden Martin,hayden.martin.7995@example.edu,student
7996,Emerson Martin,emerson.martin.7996@example.edu,student
7997,Finley Martin,finley.martin.7997@example.edu,student
7998,Logan Martin,logan.martin.7998@example.edu,student
7999,Micah Martin,micah.martin.7999@example.edu,student
8000,Alex Rivera,alex.rivera.8000@example.edu,student
8001,Jordan Rivera,jordan.rivera.8001@example.edu,student
8002,Taylor Rivera,taylor.rivera.8002@example.edu,student
8003,Morgan Rivera,morgan.rivera.8003@example.edu,student
8004,Riley Rivera,riley.rivera.8004@example.edu,student
8005,Casey Rivera,casey.rivera.8005@example.edu,student
8006,Quinn Rivera,quinn.rivera.8006@example.edu,student
8007,Jamie Rivera,jamie.rivera.8007@example.edu,student
8008,Avery Rivera,avery.rivera.8008@example.edu,student
8009,Dakota Rivera,dakota.rivera.8009@example.edu,student
8010,Rowan Rivera,rowan.rivera.8010@example.edu,student
8011,Skyler Rivera,skyler.rivera.8011@example.edu,student
8012,Parker Rivera,parker.rivera.8012@example.edu,student
8013,Reese Rivera,reese.rivera.8013@example.edu,student
8014,Kendall Rivera,kendall.rivera.8014@example.edu,student
8015,Hayden Rivera,hayden.rivera.8015@example.edu,student
8016,Emerson Rivera,emerson.rivera.8016@example.edu,student
8017,Finley Rivera,finley.rivera.8017@example.edu,student
8018,Logan Rivera,logan.rivera.8018@example.edu,student
8019,Micah Rivera,micah.rivera.8019@example.edu,student
8020,Alex Nguyen,alex.nguyen.8020@example.edu,student
8021,Jordan Nguyen,jordan.nguyen.8021@example.edu,instructor
8022,Taylor Nguyen,taylor.nguyen.8022@example.edu,student
8023,Morgan Nguyen,morgan.nguyen.8023@example.edu,student
8024,Riley Nguyen,riley.nguyen.8024@example.edu,student
8025,Casey Nguyen,casey.nguyen.8025@example.edu,student
8026,Quinn Nguyen,quinn.nguyen.8026@example.edu,student
8027,Jamie Nguyen,jamie.nguyen.8027@example.edu,student
8028,Avery Nguyen,avery.nguyen.8028@example.edu,student
8029,Dakota Nguyen,dakota.nguyen.8029@example.edu,student
8030,Rowan Nguyen,rowan.nguyen.8030@example.edu,student
8031,Skyler Nguyen,skyler.nguyen.8031@example.edu,student
8032,Parker Nguyen,parker.nguyen.8032@example.edu,student
8033,Reese Nguyen,reese.nguyen.8033@example.edu,student
8034,Kendall Nguyen,kendall.nguyen.8034@example.edu,student
8035,Hayden Nguyen,hayden.nguyen.8035@example.edu,student
8036,Emerson Nguyen,emerson.nguyen.8036@example.edu,student
8037,Finley Nguyen,finley.nguyen.8037@example.edu,student
8038,Logan Nguyen,logan.nguyen.8038@example.edu,student
8039,Micah Nguyen,micah.nguyen.8039@example.edu,student
8040,Alex Patel,alex.patel.8040@example.edu,student
8041,Jordan Patel,jordan.patel.8041@example.edu,student
8042,Taylor Patel,taylor.patel.8042@example.edu,student
8043,Morgan Patel,morgan.patel.8043@example.edu,student
8044,Riley Patel,riley.patel.8044@example.edu,student
8045,Casey Patel,casey.patel.8045@example.edu,student
8046,Quinn Patel,quinn.patel.8046@example.edu,student
8047,Jamie Patel,jamie.patel.8047@example.edu,student
8048,Avery Patel,avery.patel.8048@example.edu,student
8049,Dakota Patel,dakota.patel.8049@example.edu,student
8050,Rowan Patel,rowan.patel.8050@example.edu,student
8051,Skyler Patel,skyler.patel.8051@example.edu,student
8052,Parker Patel,parker.patel.8052@example.edu,student
8053,Reese Patel,reese.patel.8053@example.edu,student
8054,Kendall Patel,kendall.patel.8054@example.edu,student
8055,Hayden Patel,hayden.patel.8055@example.edu,student
8056,Emerson Patel,emerson.patel.8056@example.edu,student
8057,Finley Patel,finley.patel.8057@example.edu,student
8058,Logan Patel,logan.patel.8058@example.edu,student
8059,Micah Patel,micah.patel.8059@example.edu,student
8060,Alex Kim,alex.kim.8060@example.edu,student
8061,Jordan Kim,jordan.kim.8061@example.edu,student
8062,Taylor Kim,taylor.kim.8062@example.edu,student
8063,Morgan Kim,morgan.kim.8063@example.edu,student
8064,Riley Kim,riley.kim.8064@example.edu,student
8065,Casey Kim,casey.kim.8065@example.edu,student
8066,Quinn Kim,quinn.kim.8066@example.edu,student
8067,Jamie Kim,jamie.kim.8067@example.edu,student
8068,Avery Kim,avery.kim.8068@example.edu,student
8069,Dakota Kim,dakota.kim.8069@example.edu,student
8070,Rowan Kim,rowan.kim.8070@example.edu,student
8071,Skyler Kim,skyler.kim.8071@example.edu,student
8072,Parker Kim,parker.kim.8072@example.edu,student
8073,Reese Kim,reese.kim.8073@example.edu,student
8074,Kendall Kim,kendall.kim.8074@example.edu,student
8075,Hayden Kim,hayden.kim.8075@example.edu,student
8076,Emerson Kim,emerson.kim.8076@example.edu,student
8077,Finley Kim,finley.kim.8077@example.edu,student
8078,Logan Kim,logan.kim.8078@example.edu,student
8079,Micah Kim,micah.kim.8079@example.edu,student
8080,Alex Chen,alex.chen.8080@example.edu,student
8081,Jordan Chen,jordan.chen.8081@example.edu,student
8082,Taylor Chen,taylor.chen.8082@example.edu,student
8083,Morgan Chen,morgan.chen.8083@example.edu,student
8084,Riley Chen,riley.chen.8084@example.edu,student
8085,Casey Chen,casey.chen.8085@example.edu,student
8086,Quinn Chen,quinn.chen.8086@example.edu,student
8087,Jamie Chen,jamie.chen.8087@example.edu,student
8088,Avery Chen,avery.chen.8088@example.edu,student
8089,Dakota Chen,dakota.chen.8089@example.edu,student
8090,Rowan Chen,rowan.chen.8090@example.edu,student
8091,Skyler Chen,skyler.chen.8091@example.edu,student
8092,Parker Chen,parker.chen.8092@example.edu,student
8093,Reese Chen,reese.chen.8093@example.edu,student
8094,Kendall Chen,kendall.chen.8094@example.edu,student
8095,Hayden Chen,hayden.chen.8095@example.edu,student
8096,Emerson Chen,emerson.chen.8096@example.edu,student
8097,Finley Chen,finley.chen.8097@example.edu,student
8098,Logan Chen,logan.chen.8098@example.edu,student
8099,Micah Chen,micah.chen.8099@example.edu,student
8100,Alex Garcia,alex.garcia.8100@example.edu,instructor
8101,Jordan Garcia,jordan.garcia.8101@example.edu,student
8102,Taylor Garcia,taylor.garcia.8102@example.edu,student
8103,Morgan Garcia,morgan.garcia.8103@example.edu,student
8104,Riley Garcia,riley.garcia.8104@example.edu,student
8105,Casey Garcia,casey.garcia.8105@example.edu,student
8106,Quinn Garcia,quinn.garcia.8106@example.edu,student
8107,Jamie Garcia,jamie.garcia.8107@example.edu,student
8108,Avery Garcia,avery.garcia.8108@example.edu,student
8109,Dakota Garcia,dakota.garcia.8109@example.edu,student
8110,Rowan Garcia,rowan.garcia.8110@example.edu,student
8111,Skyler Garcia,skyler.garcia.8111@example.edu,student
8112,Parker Garcia,parker.garcia.8112@example.edu,student
8113,Reese Garcia,reese.garcia.8113@example.edu,student
8114,Kendall Garcia,kendall.garcia.8114@example.edu,student
8115,Hayden Garcia,hayden.garcia.8115@example.edu,student
8116,Emerson Garcia,emerson.garcia.8116@example.edu,student
8117,Finley Garcia,finley.garcia.8117@example.edu,student
8118,Logan Garcia,logan.garcia.8118@example.edu,student
8119,Micah Garcia,micah.garcia.8119@example.edu,student
8120,Alex Martinez,alex.martinez.8120@example.edu,student
8121,Jordan Martinez,jordan.martinez.8121@example.edu,student
8122,Taylor Martinez,taylor.martinez.8122@example.edu,student
8123,Morgan Martinez,morgan.martinez.8123@example.edu,student
8124,Riley Martinez,riley.martinez.8124@example.edu,student
8125,Casey Martinez,casey.martinez.8125@example.edu,student
8126,Quinn Martinez,quinn.martinez.8126@example.edu,student
8127,Jamie Martinez,jamie.martinez.8127@example.edu,student
8128,Avery Martinez,avery.martinez.8128@example.edu,student
8129,Dakota Martinez,dakota.martinez.8129@example.edu,student
8130,Rowan Martinez,rowan.martinez.8130@example.edu,student
8131,Skyler Martinez,skyler.martinez.8131@example.edu,student
8132,Parker Martinez,parker.martinez.8132@example.edu,student
8133,Reese Martinez,reese.martinez.8133@example.edu,student
8134,Kendall Martinez,kendall.martinez.8134@example.edu,student
8135,Hayden Martinez,hayden.martinez.8135@example.edu,student
8136,Emerson Martinez,emerson.martinez.8136@example.edu,student
8137,Finley Martinez,finley.martinez.8137@example.edu,student
8138,Logan Martinez,logan.martinez.8138@example.edu,student
8139,Micah Martinez,micah.martinez.8139@example.edu,student
8140,Alex Brown,alex.brown.8140@example.edu,student
8141,Jordan Brown,jordan.brown.8141@example.edu,student
8142,Taylor Brown,taylor.brown.8142@example.edu,student
8143,Morgan Brown,morgan.brown.8143@example.edu,student
8144,Riley Brown,riley.brown.8144@example.edu,student
8145,Casey Brown,casey.brown.8145@example.edu,student
8146,Quinn Brown,quinn.brown.8146@example.edu,student
8147,Jamie Brown,jamie.brown.8147@example.edu,student
8148,Avery Brown,avery.brown.8148@example.edu,student
8149,Dakota Brown,dakota.brown.8149@example.edu,student
8150,Rowan Brown,rowan.brown.8150@example.edu,student
8151,Skyler Brown,skyler.brown.8151@example.edu,student
8152,Parker Brown,parker.brown.8152@example.edu,student
8153,Reese Brown,reese.brown.8153@example.edu,student
8154,Kendall Brown,kendall.brown.8154@example.edu,student
8155,Hayden Brown,hayden.brown.8155@example.edu,student
8156,Emerson Brown,emerson.brown.8156@example.edu,student
8157,Finley Brown,finley.brown.8157@example.edu,student
8158,Logan Brown,logan.brown.8158@example.edu,student
8159,Micah Brown,micah.brown.8159@example.edu,student
8160,Alex Johnson,alex.johnson.8160@example.edu,student
8161,Jordan Johnson,jordan.johnson.8161@example.edu,student
8162,Taylor Johnson,taylor.johnson.8162@example.edu,student
8163,Morgan Johnson,morgan.johnson.8163@example.edu,student
8164,Riley Johnson,riley.johnson.8164@example.edu,student
8165,Casey Johnson,casey.johnson.8165@example.edu,student
8166,Quinn Johnson,quinn.johnson.8166@example.edu,student
8167,Jamie Johnson,jamie.johnson.8167@example.edu,student
8168,Avery Johnson,avery.johnson.8168@example.edu,student
8169,Dakota Johnson,dakota.johnson.8169@example.edu,instructor
8170,Rowan Johnson,rowan.johnson.8170@example.edu,student
8171,Skyler Johnson,skyler.johnson.8171@example.edu,student
8172,Parker Johnson,parker.johnson.8172@example.edu,student
8173,Reese Johnson,reese.johnson.8173@example.edu,student
8174,Kendall Johnson,kendall.johnson.8174@example.edu,student
8175,Hayden Johnson,hayden.johnson.8175@example.edu,student
8176,Emerson Johnson,emerson.johnson.8176@example.edu,student
8177,Finley Johnson,finley.johnson.8177@example.edu,student
8178,Logan Johnson,logan.johnson.8178@example.edu,student
8179,Micah Johnson,micah.johnson.8179@example.edu,student
8180,Alex Davis,alex.davis.8180@example.edu,student
8181,Jordan Davis,jordan.davis.8181@example.edu,student
8182,Taylor Davis,taylor.davis.8182@example.edu,student
8183,Morgan Davis,morgan.davis.8183@example.edu,student
8184,Riley Davis,riley.davis.8184@example.edu,student
8185,Casey Davis,casey.davis.8185@example.edu,student
8186,Quinn Davis,quinn.davis.8186@example.edu,student
8187,Jamie Davis,jamie.davis.8187@example.edu,student
8188,Avery Davis,avery.davis.8188@example.edu,student
8189,Dakota Davis,dakota.davis.8189@example.edu,student
8190,Rowan Davis,rowan.davis.8190@example.edu,student
8191,Skyler Davis,skyler.davis.8191@example.edu,student
8192,Parker Davis,parker.davis.8192@example.edu,student
8193,Reese Davis,reese.davis.8193@example.edu,student
8194,Kendall Davis,kendall.davis.8194@example.edu,student
8195,Hayden Davis,hayden.davis.8195@example.edu,student
8196,Emerson Davis,emerson.davis.8196@example.edu,student
8197,Finley Davis,finley.davis.8197@example.edu,student
8198,Logan Davis,logan.davis.8198@example.edu,student
8199,Micah Davis,micah.davis.8199@example.edu,student
8200,Alex Miller,alex.miller.8200@example.edu,student
8201,Jordan Miller,jordan.miller.8201@example.edu,student
8202,Taylor Miller,taylor.miller.8202@example.edu,student
8203,Morgan Miller,morgan.miller.8203@example.edu,student
8204,Riley Miller,riley.miller.8204@example.edu,student
8205,Casey Miller,casey.miller.8205@example.edu,student
8206,Quinn Miller,quinn.miller.8206@example.edu,student
8207,Jamie Miller,jamie.miller.8207@example.edu,student
8208,Avery Miller,avery.miller.8208@example.edu,student
8209,Dakota Miller,dakota.miller.8209@example.edu,student
8210,Rowan Miller,rowan.miller.8210@example.edu,student
8211,Skyler Miller,skyler.miller.8211@example.edu,student
8212,Parker Miller,parker.miller.8212@example.edu,student
8213,Reese Miller,reese.miller.8213@example.edu,student
8214,Kendall Miller,kendall.miller.8214@example.edu,student
8215,Hayden Miller,hayden.miller.8215@example.edu,student
8216,Emerson Miller,emerson.miller.8216@example.edu,student
8217,Finley Miller,finley.miller.8217@example.edu,student
8218,Logan Miller,logan.miller.8218@example.edu,student
8219,Micah Miller,micah.miller.8219@example.edu,student
8220,Alex Wilson,alex.wilson.8220@example.edu,student
8221,Jordan Wilson,jordan.wilson.8221@example.edu,student
8222,Taylor Wilson,taylor.wilson.8222@example.edu,student
8223,Morgan Wilson,morgan.wilson.8223@example.edu,student
8224,Riley Wilson,riley.wilson.8224@example.edu,student
8225,Casey Wilson,casey.wilson.8225@example.edu,student
8226,Quinn Wilson,quinn.wilson.8226@example.edu,student
8227,Jamie Wilson,jamie.wilson.8227@example.edu,student
8228,Avery Wilson,avery.wilson.8228@example.edu,student
8229,Dakota Wilson,dakota.wilson.8229@example.edu,student
8230,Rowan Wilson,rowan.wilson.8230@example.edu,student
8231,Skyler Wilson,skyler.wilson.8231@example.edu,student
8232,Parker Wilson,parker.wilson.8232@example.edu,student
8233,Reese Wilson,reese.wilson.8233@example.edu,student
8234,Kendall Wilson,kendall.wilson.8234@example.edu,student
8235,Hayden Wilson,hayden.wilson.8235@example.edu,student
8236,Emerson Wilson,emerson.wilson.8236@example.edu,student
8237,Finley Wilson,finley.wilson.8237@example.edu,instructor
8238,Logan Wilson,logan.wilson.8238@example.edu,student
8239,Micah Wilson,micah.wilson.8239@example.edu,student
8240,Alex Moore,alex.moore.8240@example.edu,student
8241,Jordan Moore,jordan.moore.8241@example.edu,student
8242,Taylor Moore,taylor.moore.8242@example.edu,student
8243,Morgan Moore,morgan.moore.8243@example.edu,student
8244,Riley Moore,riley.moore.8244@example.edu,student
8245,Casey Moore,casey.moore.8245@example.edu,student
8246,Quinn Moore,quinn.moore.8246@example.edu,student
8247,Jamie Moore,jamie.moore.8247@example.edu,student
8248,Avery Moore,avery.moore.8248@example.edu,student
8249,Dakota Moore,dakota.moore.8249@example.edu,student
8250,Rowan Moore,rowan.moore.8250@example.edu,student
8251,Skyler Moore,skyler.moore.8251@example.edu,student
8252,Parker Moore,parker.moore.8252@example.edu,student
8253,Reese Moore,reese.moore.8253@example.edu,student
8254,Kendall Moore,kendall.moore.8254@example.edu,student
8255,Hayden Moore,hayden.moore.8255@example.edu,student
8256,Emerson Moore,emerson.moore.8256@example.edu,student
8257,Finley Moore,finley.moore.8257@example.edu,student
8258,Logan Moore,logan.moore.8258@example.edu,student
8259,Micah Moore,micah.moore.8259@example.edu,student
8260,Alex Taylor,alex.taylor.8260@example.edu,student
8261,Jordan Taylor,jordan.taylor.8261@example.edu,student
8262,Taylor Taylor,taylor.taylor.8262@example.edu,student
8263,Morgan Taylor,morgan.taylor.8263@example.edu,student
8264,Riley Taylor,riley.taylor.8264@example.edu,student
8265,Casey Taylor,casey.taylor.8265@example.edu,student
8266,Quinn Taylor,quinn.taylor.8266@example.edu,student
8267,Jamie Taylor,jamie.taylor.8267@example.edu,student
8268,Avery Taylor,avery.taylor.8268@example.edu,student
8269,Dakota Taylor,dakota.taylor.8269@example.edu,student
8270,Rowan Taylor,rowan.taylor.8270@example.edu,student
8271,Skyler Taylor,skyler.taylor.8271@example.edu,student
8272,Parker Taylor,parker.taylor.8272@example.edu,student
8273,Reese Taylor,reese.taylor.8273@example.edu,student
8274,Kendall Taylor,kendall.taylor.8274@example.edu,student
8275,Hayden Taylor,hayden.taylor.8275@example.edu,student
8276,Emerson Taylor,emerson.taylor.8276@example.edu,student
8277,Finley Taylor,finley.taylor.8277@example.edu,student
8278,Logan Taylor,logan.taylor.8278@example.edu,student
8279,Micah Taylor,micah.taylor.8279@example.edu,student
8280,Alex Anderson,alex.anderson.8280@example.edu,student
8281,Jordan Anderson,jordan.anderson.8281@example.edu,student
8282,Taylor Anderson,taylor.anderson.8282@example.edu,student
8283,Morgan Anderson,morgan.anderson.8283@example.edu,student
8284,Riley Anderson,riley.anderson.8284@example.edu,student
8285,Casey Anderson,casey.anderson.8285@example.edu,student
8286,Quinn Anderson,quinn.anderson.8286@example.edu,student
8287,Jamie Anderson,jamie.anderson.8287@example.edu,student
8288,Avery Anderson,avery.anderson.8288@example.edu,student
8289,Dakota Anderson,dakota.anderson.8289@example.edu,student
8290,Rowan Anderson,rowan.anderson.8290@example.edu,student
8291,Skyler Anderson,skyler.anderson.8291@example.edu,student
8292,Parker Anderson,parker.anderson.8292@example.edu,student
8293,Reese Anderson,reese.anderson.8293@example.edu,student
8294,Kendall Anderson,kendall.anderson.8294@example.edu,student
8295,Hayden Anderson,hayden.anderson.8295@example.edu,student
8296,Emerson Anderson,emerson.anderson.8296@example.edu,student
8297,Finley Anderson,finley.anderson.8297@example.edu,student
8298,Logan Anderson,logan.anderson.8298@example.edu,student
8299,Micah Anderson,micah.anderson.8299@example.edu,student
8300,Alex Thomas,alex.thomas.8300@example.edu,student
8301,Jordan Thomas,jordan.thomas.8301@example.edu,student
8302,Taylor Thomas,taylor.thomas.8302@example.edu,student
8303,Morgan Thomas,morgan.thomas.8303@example.edu,student
8304,Riley Thomas,riley.thomas.8304@example.edu,student
8305,Casey Thomas,casey.thomas.8305@example.edu,student
8306,Quinn Thomas,quinn.thomas.8306@example.edu,student
8307,Jamie Thomas,jamie.thomas.8307@example.edu,instructor
8308,Avery Thomas,avery.thomas.8308@example.edu,student
8309,Dakota Thomas,dakota.thomas.8309@example.edu,student
8310,Rowan Thomas,rowan.thomas.8310@example.edu,student
8311,Skyler Thomas,skyler.thomas.8311@example.edu,student
8312,Parker Thomas,parker.thomas.8312@example.edu,student
8313,Reese Thomas,reese.thomas.8313@example.edu,student
8314,Kendall Thomas,kendall.thomas.8314@example.edu,student
8315,Hayden Thomas,hayden.thomas.8315@example.edu,student
8316,Emerson Thomas,emerson.thomas.8316@example.edu,student
8317,Finley Thomas,finley.thomas.8317@example.edu,student
8318,Logan Thomas,logan.thomas.8318@example.edu,student
8319,Micah Thomas,micah.thomas.8319@example.edu,student
8320,Alex Jackson,alex.jackson.8320@example.edu,student
8321,Jordan Jackson,jordan.jackson.8321@example.edu,student
8322,Taylor Jackson,taylor.jackson.8322@example.edu,student
8323,Morgan Jackson,morgan.jackson.8323@example.edu,student
8324,Riley Jackson,riley.jackson.8324@example.edu,student
8325,Casey Jackson,casey.jackson.8325@example.edu,student
8326,Quinn Jackson,quinn.jackson.8326@example.edu,student
8327,Jamie Jackson,jamie.jackson.8327@example.edu,student
8328,Avery Jackson,avery.jackson.8328@example.edu,student
8329,Dakota Jackson,dakota.jackson.8329@example.edu,student
8330,Rowan Jackson,rowan.jackson.8330@example.edu,student
8331,Skyler Jackson,skyler.jackson.8331@example.edu,student
8332,Parker Jackson,parker.jackson.8332@example.edu,student
8333,Reese Jackson,reese.jackson.8333@example.edu,student
8334,Kendall Jackson,kendall.jackson.8334@example.edu,student
8335,Hayden Jackson,hayden.jackson.8335@example.edu,student
8336,Emerson Jackson,emerson.jackson.8336@example.edu,student
8337,Finley Jackson,finley.jackson.8337@example.edu,student
8338,Logan Jackson,logan.jackson.8338@example.edu,student
8339,Micah Jackson,micah.jackson.8339@example.edu,student
8340,Alex White,alex.white.8340@example.edu,student
8341,Jordan White,jordan.white.8341@example.edu,student
8342,Taylor White,taylor.white.8342@example.edu,student
8343,Morgan White,morgan.white.8343@example.edu,student
8344,Riley White,riley.white.8344@example.edu,student
8345,Casey White,casey.white.8345@example.edu,instructor
8346,Quinn White,quinn.white.8346@example.edu,student
8347,Jamie White,jamie.white.8347@example.edu,student
8348,Avery White,avery.white.8348@example.edu,student
8349,Dakota White,dakota.white.8349@example.edu,student
8350,Rowan White,rowan.white.8350@example.edu,student
8351,Skyler White,skyler.white.8351@example.edu,student
8352,Parker White,parker.white.8352@example.edu,student
8353,Reese White,reese.white.8353@example.edu,student
8354,Kendall White,kendall.white.8354@example.edu,student
8355,Hayden White,hayden.white.8355@example.edu,student
8356,Emerson White,emerson.white.8356@example.edu,student
8357,Finley White,finley.white.8357@example.edu,student
8358,Logan White,logan.white.8358@example.edu,student
8359,Micah White,micah.white.8359@example.edu,student
8360,Alex Harris,alex.harris.8360@example.edu,student
8361,Jordan Harris,jordan.harris.8361@example.edu,student
8362,Taylor Harris,taylor.harris.8362@example.edu,student
8363,Morgan Harris,morgan.harris.8363@example.edu,student
8364,Riley Harris,riley.harris.8364@example.edu,student
8365,Casey Harris,casey.harris.8365@example.edu,student
8366,Quinn Harris,quinn.harris.8366@example.edu,student
8367,Jamie Harris,jamie.harris.8367@example.edu,student
8368,Avery Harris,avery.harris.8368@example.edu,student
8369,Dakota Harris,dakota.harris.8369@example.edu,student
8370,Rowan Harris,rowan.harris.8370@example.edu,student
8371,Skyler Harris,skyler.harris.8371@example.edu,student
8372,Parker Harris,parker.harris.8372@example.edu,student
8373,Reese Harris,reese.harris.8373@example.edu,student
8374,Kendall Harris,kendall.harris.8374@example.edu,student
8375,Hayden Harris,hayden.harris.8375@example.edu,student
8376,Emerson Harris,emerson.harris.8376@example.edu,student
8377,Finley Harris,finley.harris.8377@example.edu,student
8378,Logan Harris,logan.harris.8378@example.edu,student
8379,Micah Harris,micah.harris.8379@example.edu,student
8380,Alex Martin,alex.martin.8380@example.edu,student
8381,Jordan Martin,jordan.martin.8381@example.edu,student
8382,Taylor Martin,taylor.martin.8382@example.edu,student
8383,Morgan Martin,morgan.martin.8383@example.edu,student
8384,Riley Martin,riley.martin.8384@example.edu,student
8385,Casey Martin,casey.martin.8385@example.edu,student
8386,Quinn Martin,quinn.martin.8386@example.edu,student
8387,Jamie Martin,jamie.martin.8387@example.edu,student
8388,Avery Martin,avery.martin.8388@example.edu,student
8389,Dakota Martin,dakota.martin.8389@example.edu,student
8390,Rowan Martin,rowan.martin.8390@example.edu,student
8391,Skyler Martin,skyler.martin.8391@example.edu,student
8392,Parker Martin,parker.martin.8392@example.edu,student
8393,Reese Martin,reese.martin.8393@example.edu,student
8394,Kendall Martin,kendall.martin.8394@example.edu,student
8395,Hayden Martin,hayden.martin.8395@example.edu,student
8396,Emerson Martin,emerson.martin.8396@example.edu,student
8397,Finley Martin,finley.martin.8397@example.edu,student
8398,Logan Martin,logan.martin.8398@example.edu,student
8399,Micah Martin,micah.martin.8399@example.edu,student
8400,Alex Rivera,alex.rivera.8400@example.edu,student
8401,Jordan Rivera,jordan.rivera.8401@example.edu,student
8402,Taylor Rivera,taylor.rivera.8402@example.edu,instructor
8403,Morgan Rivera,morgan.rivera.8403@example.edu,student
8404,Riley Rivera,riley.rivera.8404@example.edu,student
8405,Casey Rivera,casey.rivera.8405@example.edu,student
8406,Quinn Rivera,quinn.rivera.8406@example.edu,student
8407,Jamie Rivera,jamie.rivera.8407@example.edu,student
8408,Avery Rivera,avery.rivera.8408@example.edu,student
8409,Dakota Rivera,dakota.rivera.8409@example.edu,student
8410,Rowan Rivera,rowan.rivera.8410@example.edu,student
8411,Skyler Rivera,skyler.rivera.8411@example.edu,student
8412,Parker Rivera,parker.rivera.8412@example.edu,student
8413,Reese Rivera,reese.rivera.8413@example.edu,student
8414,Kendall Rivera,kendall.rivera.8414@example.edu,student
8415,Hayden Rivera,hayden.rivera.8415@example.edu,student
8416,Emerson Rivera,emerson.rivera.8416@example.edu,student
8417,Finley Rivera,finley.rivera.8417@example.edu,student
8418,Logan Rivera,logan.rivera.8418@example.edu,student
8419,Micah Rivera,micah.rivera.8419@example.edu,student
8420,Alex Nguyen,alex.nguyen.8420@example.edu,student
8421,Jordan Nguyen,jordan.nguyen.8421@example.edu,student
8422,Taylor Nguyen,taylor.nguyen.8422@example.edu,student
8423,Morgan Nguyen,morgan.nguyen.8423@example.edu,student
8424,Riley Nguyen,riley.nguyen.8424@example.edu,student
8425,Casey Nguyen,casey.nguyen.8425@example.edu,student
8426,Quinn Nguyen,quinn.nguyen.8426@example.edu,student
8427,Jamie Nguyen,jamie.nguyen.8427@example.edu,student
8428,Avery Nguyen,avery.nguyen.8428@example.edu,student
8429,Dakota Nguyen,dakota.nguyen.8429@example.edu,student
8430,Rowan Nguyen,rowan.nguyen.8430@example.edu,student
8431,Skyler Nguyen,skyler.nguyen.8431@example.edu,student
8432,Parker Nguyen,parker.nguyen.8432@example.edu,student
8433,Reese Nguyen,reese.nguyen.8433@example.edu,student
8434,Kendall Nguyen,kendall.nguyen.8434@example.edu,student
8435,Hayden Nguyen,hayden.nguyen.8435@example.edu,student
8436,Emerson Nguyen,emerson.nguyen.8436@example.edu,student
8437,Finley Nguyen,finley.nguyen.8437@example.edu,student
8438,Logan Nguyen,logan.nguyen.8438@example.edu,student
8439,Micah Nguyen,micah.nguyen.8439@example.edu,student
8440,Alex Patel,alex.patel.8440@example.edu,student
8441,Jordan Patel,jordan.patel.8441@example.edu,student
8442,Taylor Patel,taylor.patel.8442@example.edu,student
8443,Morgan Patel,morgan.patel.8443@example.edu,student
8444,Riley Patel,riley.patel.8444@example.edu,student
8445,Casey Patel,casey.patel.8445@example.edu,student
8446,Quinn Patel,quinn.patel.8446@example.edu,student
8447,Jamie Patel,jamie.patel.8447@example.edu,student
8448,Avery Patel,avery.patel.8448@example.edu,student
8449,Dakota Patel,dakota.patel.8449@example.edu,student
8450,Rowan Patel,rowan.patel.8450@example.edu,student
8451,Skyler Patel,skyler.patel.8451@example.edu,student
8452,Parker Patel,parker.patel.8452@example.edu,student
8453,Reese Patel,reese.patel.8453@example.edu,student
8454,Kendall Patel,kendall.patel.8454@example.edu,student
8455,Hayden Patel,hayden.patel.8455@example.edu,student
8456,Emerson Patel,emerson.patel.8456@example.edu,student
8457,Finley Patel,finley.patel.8457@example.edu,student
8458,Logan Patel,logan.patel.8458@example.edu,student
8459,Micah Patel,micah.patel.8459@example.edu,student
8460,Alex Kim,alex.kim.8460@example.edu,student
8461,Jordan Kim,jordan.kim.8461@example.edu,student
8462,Taylor Kim,taylor.kim.8462@example.edu,student
8463,Morgan Kim,morgan.kim.8463@example.edu,student
8464,Riley Kim,riley.kim.8464@example.edu,student
8465,Casey Kim,casey.kim.8465@example.edu,student
8466,Quinn Kim,quinn.kim.8466@example.edu,student
8467,Jamie Kim,jamie.kim.8467@example.edu,student
8468,Avery Kim,avery.kim.8468@example.edu,student
8469,Dakota Kim,dakota.kim.8469@example.edu,student
8470,Rowan Kim,rowan.kim.8470@example.edu,student
8471,Skyler Kim,skyler.kim.8471@example.edu,student
8472,Parker Kim,parker.kim.8472@example.edu,student
8473,Reese Kim,reese.kim.8473@example.edu,student
8474,Kendall Kim,kendall.kim.8474@example.edu,student
8475,Hayden Kim,hayden.kim.8475@example.edu,student
8476,Emerson Kim,emerson.kim.8476@example.edu,student
8477,Finley Kim,finley.kim.8477@example.edu,instructor
8478,Logan Kim,logan.kim.8478@example.edu,student
8479,Micah Kim,micah.kim.8479@example.edu,student
8480,Alex Chen,alex.chen.8480@example.edu,student
8481,Jordan Chen,jordan.chen.8481@example.edu,student
8482,Taylor Chen,taylor.chen.8482@example.edu,student
8483,Morgan Chen,morgan.chen.8483@example.edu,student
8484,Riley Chen,riley.chen.8484@example.edu,student
8485,Casey Chen,casey.chen.8485@example.edu,student
8486,Quinn Chen,quinn.chen.8486@example.edu,student
8487,Jamie Chen,jamie.chen.8487@example.edu,student
8488,Avery Chen,avery.chen.8488@example.edu,student
8489,Dakota Chen,dakota.chen.8489@example.edu,student
8490,Rowan Chen,rowan.chen.8490@example.edu,student
8491,Skyler Chen,skyler.chen.8491@example.edu,student
8492,Parker Chen,parker.chen.8492@example.edu,student
8493,Reese Chen,reese.chen.8493@example.edu,student
8494,Kendall Chen,kendall.chen.8494@example.edu,student
8495,Hayden Chen,hayden.chen.8495@example.edu,student
8496,Emerson Chen,emerson.chen.8496@example.edu,student
8497,Finley Chen,finley.chen.8497@example.edu,student
8498,Logan Chen,logan.chen.8498@example.edu,student
8499,Micah Chen,micah.chen.8499@example.edu,student
8500,Alex Garcia,alex.garcia.8500@example.edu,student
8501,Jordan Garcia,jordan.garcia.8501@example.edu,student
8502,Taylor Garcia,taylor.garcia.8502@example.edu,student
8503,Morgan Garcia,morgan.garcia.8503@example.edu,student
8504,Riley Garcia,riley.garcia.8504@example.edu,student
8505,Casey Garcia,casey.garcia.8505@example.edu,student
8506,Quinn Garcia,quinn.garcia.8506@example.edu,student
8507,Jamie Garcia,jamie.garcia.8507@example.edu,student
8508,Avery Garcia,avery.garcia.8508@example.edu,student
8509,Dakota Garcia,dakota.garcia.8509@example.edu,student
8510,Rowan Garcia,rowan.garcia.8510@example.edu,student
8511,Skyler Garcia,skyler.garcia.8511@example.edu,student
8512,Parker Garcia,parker.garcia.8512@example.edu,student
8513,Reese Garcia,reese.garcia.8513@example.edu,student
8514,Kendall Garcia,kendall.garcia.8514@example.edu,student
8515,Hayden Garcia,hayden.garcia.8515@example.edu,student
8516,Emerson Garcia,emerson.garcia.8516@example.edu,instructor
8517,Finley Garcia,finley.garcia.8517@example.edu,student
8518,Logan Garcia,logan.garcia.8518@example.edu,student
8519,Micah Garcia,micah.garcia.8519@example.edu,student
8520,Alex Martinez,alex.martinez.8520@example.edu,student
8521,Jordan Martinez,jordan.martinez.8521@example.edu,student
8522,Taylor Martinez,taylor.martinez.8522@example.edu,student
8523,Morgan Martinez,morgan.martinez.8523@example.edu,student
8524,Riley Martinez,riley.martinez.8524@example.edu,student
8525,Casey Martinez,casey.martinez.8525@example.edu,student
8526,Quinn Martinez,quinn.martinez.8526@example.edu,student
8527,Jamie Martinez,jamie.martinez.8527@example.edu,student
8528,Avery Martinez,avery.martinez.8528@example.edu,student
8529,Dakota Martinez,dakota.martinez.8529@example.edu,student
8530,Rowan Martinez,rowan.martinez.8530@example.edu,student
8531,Skyler Martinez,skyler.martinez.8531@example.edu,student
8532,Parker Martinez,parker.martinez.8532@example.edu,student
8533,Reese Martinez,reese.martinez.8533@example.edu,student
8534,Kendall Martinez,kendall.martinez.8534@example.edu,student
8535,Hayden Martinez,hayden.martinez.8535@example.edu,student
8536,Emerson Martinez,emerson.martinez.8536@example.edu,student
8537,Finley Martinez,finley.martinez.8537@example.edu,student
8538,Logan Martinez,logan.martinez.8538@example.edu,student
8539,Micah Martinez,micah.martinez.8539@example.edu,student
8540,Alex Brown,alex.brown.8540@example.edu,student
8541,Jordan Brown,jordan.brown.8541@example.edu,student
8542,Taylor Brown,taylor.brown.8542@example.edu,student
8543,Morgan Brown,morgan.brown.8543@example.edu,student
8544,Riley Brown,riley.brown.8544@example.edu,student
8545,Casey Brown,casey.brown.8545@example.edu,student
8546,Quinn Brown,quinn.brown.8546@example.edu,student
8547,Jamie Brown,jamie.brown.8547@example.edu,student
8548,Avery Brown,avery.brown.8548@example.edu,student
8549,Dakota Brown,dakota.brown.8549@example.edu,student
8550,Rowan Brown,rowan.brown.8550@example.edu,student
8551,Skyler Brown,skyler.brown.8551@example.edu,student
8552,Parker Brown,parker.brown.8552@example.edu,student
8553,Reese Brown,reese.brown.8553@example.edu,student
8554,Kendall Brown,kendall.brown.8554@example.edu,student
8555,Hayden Brown,hayden.brown.8555@example.edu,student
8556,Emerson Brown,emerson.brown.8556@example.edu,student
8557,Finley Brown,finley.brown.8557@example.edu,student
8558,Logan Brown,logan.brown.8558@example.edu,student
8559,Micah Brown,micah.brown.8559@example.edu,student
8560,Alex Johnson,alex.johnson.8560@example.edu,student
8561,Jordan Johnson,jordan.johnson.8561@example.edu,student
8562,Taylor Johnson,taylor.johnson.8562@example.edu,student
8563,Morgan Johnson,morgan.johnson.8563@example.edu,student
8564,Riley Johnson,riley.johnson.8564@example.edu,student
8565,Casey Johnson,casey.johnson.8565@example.edu,student
8566,Quinn Johnson,quinn.johnson.8566@example.edu,student
8567,Jamie Johnson,jamie.johnson.8567@example.edu,student
8568,Avery Johnson,avery.johnson.8568@example.edu,student
8569,Dakota Johnson,dakota.johnson.8569@example.edu,student
8570,Rowan Johnson,rowan.johnson.8570@example.edu,student
8571,Skyler Johnson,skyler.johnson.8571@example.edu,student
8572,Parker Johnson,parker.johnson.8572@example.edu,student
8573,Reese Johnson,reese.johnson.8573@example.edu,student
8574,Kendall Johnson,kendall.johnson.8574@example.edu,student
8575,Hayden Johnson,hayden.johnson.8575@example.edu,student
8576,Emerson Johnson,emerson.johnson.8576@example.edu,student
8577,Finley Johnson,finley.johnson.8577@example.edu,student
8578,Logan Johnson,logan.johnson.8578@example.edu,student
8579,Micah Johnson,micah.johnson.8579@example.edu,student
8580,Alex Davis,alex.davis.8580@example.edu,student
8581,Jordan Davis,jordan.davis.8581@example.edu,student
8582,Taylor Davis,taylor.davis.8582@example.edu,student
8583,Morgan Davis,morgan.davis.8583@example.edu,student
8584,Riley Davis,riley.davis.8584@example.edu,student
8585,Casey Davis,casey.davis.8585@example.edu,student
8586,Quinn Davis,quinn.davis.8586@example.edu,student
8587,Jamie Davis,jamie.davis.8587@example.edu,student
8588,Avery Davis,avery.davis.8588@example.edu,student
8589,Dakota Davis,dakota.davis.8589@example.edu,student
8590,Rowan Davis,rowan.davis.8590@example.edu,student
8591,Skyler Davis,skyler.davis.8591@example.edu,student
8592,Parker Davis,parker.davis.8592@example.edu,student
8593,Reese Davis,reese.davis.8593@example.edu,student
8594,Kendall Davis,kendall.davis.8594@example.edu,student
